lead_id,created_at,customer_id,company_name_raw,industry_raw,province_raw,source_channel_raw,campaign_id,product_interest_id,inquiry_type,company_size_band,pages_viewed_30d,form_completeness_pct,requested_quote_flag,requested_sample_flag,budget_status,purchase_timeline_days,assigned_sales_id,lifecycle_status_raw,lost_reason_raw,expected_value_vnd,email,phone
L000001,2025-01-06 11:12:00,C0053,Health Lab JSC,Pharmaceutical,Bac Ninh,Google Ads,MC001,P001,Sample Request,10-49,2,97,0,0,Approved,30,E101,Won,,34940000.0,health1@company.vn,0956488932
L000002,2025-01-08 16:11:00,C0139,Asia Scientific Vietnam,Laboratory,Ho Chi Minh City,Google Ads,MC001,P016,Distributor Inquiry,10-49,7,78,1,0,Approved,60,E103,Disqualified,No Response,27580000.0,asia2@company.vn,0920637253
L000003,2025-01-17 08:02:00,C0005,Med Asia Vietnam,Industrial Manufacturing,Ho Chi Minh City,Google ads,MC001,P023,Stock Check,10-49,5,80,0,1,Approved,14,E102,Qualified,Competitor,24850000.0,med3@company.vn,0948309937
L000004,2025-01-19 10:01:00,C0034,Green Lab Co Ltd,Medical Device,Da Nang,Google Ads,MC001,P002,Price Request,50-249,1,63,1,0,Approved,60,E103,Won,,3100000.0,green4@company.vn,0937320289
L000005,2025-01-23 09:36:00,C0023,Bio Precision JSC,Electronics,Dong Nai,Google Ads,MC001,P003,Stock Check,50-249,1,66,0,0,Unknown,7,E102,Qualified,Price,21140000.0,bio5@company.vn,0913307640
L000006,2025-01-29 12:17:00,C0002,Scientific Advanced Vietnam,Food & Beverage,Hanoi,Google Ads,MC001,P001,Stock Check,1000+,1,63,0,0,Unknown,180,E103,Disqualified,Not ICP,18780000.0,scientific6@company.vn,0941455184
L000007,2025-01-30 11:28:00,C0011,Asia Vietnam JSC,pharmaceutical,Ho Chi Minh City,Google Ads,MC001,P001,Technical Inquiry,250-999,2,62,0,0,Approved,30,E102,Disqualified,No Response,16310000.0,,0974796603
L000008,2025-01-31 08:57:00,,Health Lab JSC,Pharmaceutical,BacNinh,Google Ads,MC001,P001,Product Recommendation,10-49,6,70,0,0,Unknown,60,E103,Disqualified,No Budget,18200000.0,health8@company.vn,0980508610
L000009,2025-02-01 10:59:00,C0136,Green Solutions Co Ltd,Pharmaceutical,Binh Duong,Google Ads,MC001,P001,Product Recommendation,50-249,3,81,1,0,Under Review,180,E103,Qualified,Price,18790000.0,green9@company.vn,
L000010,10/02/2025 09:06,C0027,Asia Clean Vietnam,Electronics,TP.HCM,google ppc,MC001,P001,Distributor Inquiry,50-249,3,100,1,1,Approved,30,E102,Quoted,No Budget,5350000.0,asia10@company.vn,0933752376
L000011,2025-02-12 10:21:00,C0038,Solutions Manufacturing Co Ltd,Medical Device,Ho Chi Minh City,Google Ads,MC001,P001,Price Request,250-999,3,60,0,0,Under Review,90,E102,Disqualified,No Response,32120000.0,solutions11@company.vn,0966510276
L000012,2025-02-19 14:07:00,C0075,Nova Electronics Vietnam,Laboratory,Dong Nai,Google Ads,MC001,P001,Sample Request,10-49,2,72,0,0,Under Review,60,E101,Disqualified,Outside Scope,15240000.0,nova12@company.vn,0941480231
L000013,2025-03-03 13:54:00,C0002,Scientific Advanced Vietnam,Food & Beverage,Ha Noi,Google Ads,MC001,P024,Distributor Inquiry,1000+,3,96,0,0,Unknown,14,E101,Won,,245580000.0,scientific13@company.vn,0972801190
L000014,2025-03-06 11:26:00,C0054,Clean Scientific Factory,Electronics,Dong Nai,Google Ads,MC001,P001,Product Recommendation,250-999,7,61,0,0,No Budget,7,E103,Disqualified,No Response,16980000.0,clean14@company.vn,
L000015,2025-03-10 09:33:00,C0001,Green Asia Vietnam,Food & Beverage,Ho Chi Minh City,Google Ads,MC001,P001,Price Request,50-249,3,86,1,1,No Budget,60,E103,Disqualified,No Budget,23130000.0,green15@company.vn,0945067452
L000016,2025-03-11 10:15:00,C0002,Scientific Advanced Vietnam,Food & Beverage,Ha Noi,Google Ads,MC001,P002,Sample Request,1000+,2,77,1,0,Approved,180,E102,Qualified,Lead Time,30360000.0,scientific16@company.vn,0916155376
L000017,2025-03-15 16:23:00,C0002,Scientific Advanced Vietnam,F&B,Ha Noi,Google Ads,MC001,P014,Distributor Inquiry,1000+,3,90,0,0,Under Review,60,E102,Quoted,Specification,8320000.0,scientific17@company.vn,0930698288
L000018,2025-03-19 09:40:00,C0014,Clean Health Vietnam,Pharmaceutical,Bac Ninh,Google Ads,MC001,P020,Sample Request,50-249,2,70,1,0,Unknown,7,E102,Qualified,Price,4370000.0,clean18@company.vn,0957421938
L000019,2025-03-20 10:12:00,C0022,Bio Green Factory,Electronics,HA NOI,Google Ads,MC001,P008,Product Recommendation,50-249,4,66,0,0,Unknown,90,E101,Disqualified,No Budget,20530000.0,bio19@company.vn,0990703604
L000020,2025-03-24 08:22:00,C0002,Scientific Advanced Vietnam,Food & Beverage,Ha Noi,google ppc,MC001,P007,Price Request,1000+,1,61,1,1,Under Review,14,E103,Disqualified,No Budget,10370000.0,scientific20@company.vn,0962439076
L000021,2025-04-01 16:46:00,C0081,Bio Precision Co Ltd,Electronics,Binh Duong,Google Ads,MC001,P001,Technical Inquiry,250-999,2,81,0,0,Under Review,30,E101,Quoted,No Budget,7620000.0,bio21@company.vn,0976162178
L000022,2025-04-02 17:30:00,C0001,Green Asia Vietnam,Food & Beverage,Ho Chi Minh City,Google Ads,MC001,P003,Distributor Inquiry,50-249,1,50,0,0,Under Review,60,E103,Disqualified,No Budget,13750000.0,green22@company.vn,0913560959
L000023,2025-04-02 15:25:00,C0030,Solutions Bio Vietnam,Medical Device,Long An,Google Ads,MC001,P001,Distributor Inquiry,10-49,4,67,0,0,Approved,7,E101,Disqualified,No Budget,22080000.0,solutions23@company.vn,0986371088
L000024,2025-04-03 13:36:00,,Vietnam Green Vietnam,Medical Device,hochiminh city,Google Ads,MC001,P001,Distributor Inquiry,10-49,1,58,0,0,Approved,30,E102,Quoted,No Response,23440000.0,vietnam24@company.vn,0953386332
L000025,2025-04-09 11:44:00,C0003,Vietnam Green Vietnam,Medical Device,Ho Chi Minh,Google Ads,MC001,P002,Distributor Inquiry,10-49,4,62,0,1,Unknown,60,E102,Disqualified,No Budget,23690000.0,vietnam25@company.vn,0943821845
L000026,2025-04-09 09:59:00,C0012,Industrial Solutions JSC,Distributor,Ho Chi Minh City,Google Ads,MC001,P001,Technical Inquiry,50-249,5,38,1,0,No Budget,7,E101,Won,,17170000.0,industrial26@company.vn,0916332990
L000027,2025-04-21 15:48:00,C0078,Manufacturing Pharma Vietnam,Electronics,Ho Chi Minh City,Google Ads,MC001,P001,Product Recommendation,250-999,1,79,0,0,Unknown,14,E103,Won,No Budget,17840000.0,manufacturing27@company.vn,0910254256
L000028,2025-04-22 09:25:00,C0008,Clean Electronics Vietnam,Pharmaceutical,Binh Duong,GAds,MC001,P010,Product Recommendation,50-249,3,69,0,1,Unknown,90,E101,Disqualified,No Response,11700000.0,clean28@company.vn,0911684262
L000029,2025-04-24 13:32:00,C0053,Health Lab JSC,Pharmaceutical,Bac Ninh,Google Ads,MC001,P012,Product Recommendation,10-49,2,72,0,0,Under Review,180,E102,Disqualified,No Budget,11150000.0,health29@company.vn,0915567898
L000030,2025-04-28 09:54:00,C0001,Green Asia Vietnam,Food & Beverage,Ho Chi Minh City,Google Ads,MC001,P001,Price Request,50-249,1,56,0,0,Unknown,60,E102,Quoted,Competitor,13850000.0,green30@company.vn,
L000031,2025-04-30 11:20:00,C0014,Clean Health Vietnam,Pharmaceutical,Bac Ninh,Google Ads,MC001,P007,Product Recommendation,50-249,2,67,1,1,Under Review,7,E102,Won,,1320000.0,clean31@company.vn,0987041812
L000032,2025-05-01 09:34:00,C0017,Advanced Vietnam Co Ltd,Medical Device,Dong Nai,Google Ads,MC001,P006,Price Request,50-249,2,59,0,0,Approved,60,E103,Won,,33750000.0,advanced32@company.vn,0956043190
L000033,2025-05-03 10:11:00,C0012,Industrial Solutions JSC,Trading Company,Ho Chi Minh City,Google Ads,MC001,P025,Price Request,50-249,1,86,0,0,Unknown,30,E102,Disqualified,Not ICP,158420000.0,industrial33@company.vn,
L000034,2025-05-05 11:10:00,C0086,Clean Vietnam JSC,Medical Device,Binh Duong,Google Ads,MC001,P002,Sample Request,50-249,2,63,0,0,Under Review,30,E101,Quoted,Specification,10420000.0,clean34@company.vn,0918646811
L000035,2025-05-09 15:12:00,C0138,Bio Advanced Vietnam,Pharmaceutical,HA NOI,google ppc,MC001,P001,Stock Check,50-249,3,89,1,0,Approved,60,E103,Disqualified,Outside Scope,14790000.0,bio35@company.vn,0944866536
L000036,2025-05-16 11:25:00,C0034,Green Lab Co Ltd,Medical Device,Da Nang,Google Ads,MC001,P001,Stock Check,50-249,4,58,0,0,Under Review,30,E103,Disqualified,Not ICP,32190000.0,green36@company.vn,0966454687
L000037,2025-06-03 10:47:00,C0056,Med Scientific Factory,laboratory,Binh Duong,Google Ads,MC001,P005,Product Recommendation,1000+,2,74,0,0,Approved,30,E101,Disqualified,Not ICP,35880000.0,med37@company.vn,0987253059
L000038,2025-06-05 12:25:00,C0085,Health Med Vietnam,Electronics,Dong Nai,Google Ads,MC001,P001,Product Recommendation,1000+,4,73,0,0,Approved,30,E101,Disqualified,No Budget,44790000.0,health38@company.vn,0930324708
L000039,2025-06-07 08:28:00,C0016,Lab Advanced Co Ltd,Food and Beverage,Dong Nai,Google Ads,MC001,P002,Price Request,50-249,1,79,0,1,Unknown,7,E103,Disqualified,No Response,16760000.0,lab39@company.vn,0947977122
L000040,2025-06-13 17:04:00,,Solutions Bio Factory,Electronics,Ho Chi Minh City,Google ads,MC001,P007,Price Request,50-249,2,40,0,1,Approved,30,E101,Disqualified,No Response,2320000.0,solutions40@company.vn,0970510904
L000041,2025-06-22 17:09:00,C0022,Bio Green Factory,Electronics,Ha Noi,Google Ads,MC001,P013,Technical Inquiry,50-249,7,50,1,1,Under Review,30,E101,Quoted,No Budget,7780000.0,bio41@company.vn,0976639016
L000042,2025-06-24 16:22:00,C0013,Green Bio Vietnam,Trading Company,Binh Duong,Google Ads,MC001,P024,Product Recommendation,1000+,2,66,1,1,No Budget,30,E103,Disqualified,No Budget,155120000.0,green42@company.vn,0984614108
L000043,2025-06-28 17:35:00,C0066,Lab Green Factory,Trading Company,Binh Duong,Google Ads,MC001,P027,Price Request,250-999,4,64,0,0,Approved,90,E102,Disqualified,No Response,30260000.0,lab43@company.vn,0963173006
L000044,2025-07-02 12:26:00,C0102,Med Med Factory,Laboratory,Ha Noi,Google Ads,MC001,P024,Distributor Inquiry,10-49,1,92,0,0,Approved,180,E103,Won,,23380000.0,med44@company.vn,0934416278
L000045,2025-07-21 13:52:00,C0025,Vietnam Precision Factory,Medical Device,Ho Chi Minh City,Google Ads,MC001,P001,Technical Inquiry,10-49,1,76,0,0,Unknown,14,E102,Qualified,Lead Time,15300000.0,vietnam45@company.vn,0964473882
L000046,2025-08-17 13:58:00,C0005,Med Asia Vietnam,Industrial Manufacturing,Ho Chi Minh City,Google Ads,MC001,P006,Stock Check,10-49,2,79,0,0,Unknown,60,E102,Quoted,Project Delayed,3300000.0,med46@company.vn,0963473966
L000047,2025-08-25 14:25:00,C0106, Vietnam Bio JSC  ,Pharmaceutical,Ho Chi Minh City,Google Ads,MC001,P006,Technical Inquiry,50-249,2,60,0,0,Under Review,14,E101,Disqualified,No Budget,22830000.0,vietnam47@company.vn,0980963106
L000048,2025-08-31 13:39:00,C0024,Green Scientific JSC,Pharmaceutical,Bac Ninh,Google Ads,MC001,P004,Technical Inquiry,50-249,2,81,0,0,Under Review,30,E101,Disqualified,No Response,19150000.0,green48@company.vn,0984416084
L000049,2025-09-09 17:38:00,C0012,Industrial Solutions JSC,Trading Company,Ho Chi Minh City,Google Ads,MC001,P001,Stock Check,50-249,2,100,0,0,Under Review,14,E102,Disqualified,Not ICP,5390000.0,industrial49@company.vn,0992007528
L000050,2025-09-09 08:03:00,C0004,Vietnam Tech Vietnam,Industrial Manufacturing,Hanoi,Google Ads,MC001,P002,Stock Check,250-999,3,76,0,0,Under Review,30,E102,Qualified,Competitor,7110000.0,vietnam50@company.vn,0933533052
L000051,2025-09-13 15:26:00,C0104,Green Manufacturing Co Ltd,Electronics,Binh Duong,Google Ads,MC001,P022,Price Request,10-49,5,55,1,0,Unknown,60,E103,Won,,86590000.0,green51@company.vn,0957280321
L000052,2025-09-29 14:06:00,C0013,Green Bio Vietnam,Trading,Binh Duong,Google Ads,MC001,P007,Technical Inquiry,1000+,2,96,0,0,Unknown,60,E102,Disqualified,Not ICP,13700000.0,green52@company.vn,0974007640
L000053,2025-10-03 16:04:00,C0002,Scientific Advanced Vietnam,F&B,Ha Noi,Google Ads,MC001,P006,Distributor Inquiry,1000+,3,76,0,0,Under Review,14,E102,Won,,17240000.0,,0986631442
L000054,2025-10-04 16:20:00,C0043,Health Med Vietnam,Food & Beverage,Long An,Google Ads,MC001,P005,Distributor Inquiry,50-249,4,68,1,0,No Budget,30,E102,Disqualified,Outside Scope,25930000.0,health54@company.vn,0981539773
L000055,2025-10-08 10:26:00,C0103,Vietnam Health Vietnam,Industrial Manufacturing,dong nai,Google Ads,MC001,P002,Sample Request,1000+,4,63,0,0,Approved,60,E103,Disqualified,Not ICP,9970000.0,,0965525973
L000056,2025-10-09 14:12:00,C0030,Solutions Bio Vietnam,Medical Device,Long An,Google Ads,MC001,P001,Technical Inquiry,10-49,6,79,0,0,Under Review,60,E101,Qualified,Price,17930000.0,solutions56@company.vn,0936383541
L000057,2025-10-09 08:48:00,C0008,Clean Electronics Vietnam,Pharmaceutical,BinhDuong,Google Ads,MC001,P007,Product Recommendation,50-249,5,85,0,1,Unknown,90,E101,Disqualified,No Response,5480000.0,clean57@company.vn,0948726833
L000058,2025-10-10 14:52:00,C0006,Lab Industrial JSC,Pharmaceutical,Ho Chi Minh City,google ppc,MC001,P027,Price Request,50-249,8,77,0,0,Unknown,90,E102,Quoted,Competitor,193180000.0,lab58@company.vn,0938067942
L000059,2025-10-13 13:36:00,C0123,Asia Asia Factory,Food & Beverage,Binh Duong,google ppc,MC001,P001,Technical Inquiry,1000+,2,63,1,0,Approved,14,E102,Quoted,No Response,33690000.0,asia59@company.vn,0952773140
L000060,2025-10-20 17:41:00,C0007,Nova Pharma Co Ltd,Medical Device,Ho Chi Minh City,Google Ads,MC001,P001,Price Request,50-249,3,94,0,0,Under Review,90,E102,Disqualified,No Budget,29700000.0,nova60@company.vn,0991701775
L000061,2025-10-23 17:37:00,C0003,Vietnam Green Vietnam,Medical Device,Ho Chi Minh City,Google Ads,MC001,P004,Sample Request,10-49,2,75,1,0,Unknown,14,E103,Disqualified,Student/Research,17920000.0,vietnam61@company.vn,0938062877
L000062,2025-10-24 13:49:00,C0012,Industrial Solutions JSC,Trading Company,Ho Chi Minh City,Google Ads,MC001,P001,Sample Request,50-249,3,63,1,0,Under Review,30,E101,Qualified,Lead Time,31270000.0,,0921994886
L000063,2025-10-26 12:20:00,C0026,Precision Lab JSC,Trading Company,dong nai,Google Ads,MC001,P016,Technical Inquiry,50-249,1,71,0,1,Under Review,60,E102,Quoted,Specification,26110000.0,precision63@company.vn,0923634379
L000064,2025-10-26 10:51:00,C0014,Clean Health Vietnam,Pharmaceutical,Bac Ninh,Google Ads,MC001,P001,Technical Inquiry,50-249,5,77,0,0,Approved,7,E101,Quoted,Price,7030000.0,clean64@company.vn,0958429024
L000065,2025-10-28 16:15:00,C0173,Industrial Electronics Factory,PHARMACEUTICAL,TP.HCM,Google Ads,MC001,P009,Price Request,50-249,1,87,0,0,Unknown,7,E102,Qualified,Competitor,9050000.0,industrial65@company.vn,0969067300
L000066,2025-10-29 15:00:00,C0001,Green Asia Vietnam,Food & Beverage,HCMC,Google Ads,MC001,P009,Product Recommendation,50-249,5,52,0,0,Approved,60,E101,Disqualified,Outside Scope,9400000.0,green66@company.vn,0941301315
L000067,2025-10-30 08:14:00,C0030,Solutions Bio Vietnam,Medical Device,Long An,Google Ads,MC001,P001,Distributor Inquiry,10-49,3,88,0,0,Under Review,7,E102,Qualified,Project Delayed,7930000.0,solutions67@company.vn,0920946407
L000068,2025-11-10 09:33:00,C0016,Lab Advanced Co Ltd,Food & Beverage,Dong Nai,Google Ads,MC001,P002,Product Recommendation,50-249,3,81,0,0,Unknown,180,E102,Qualified,Price,21370000.0,lab68@company.vn,
L000069,2025-11-14 13:38:00,C0068,Manufacturing Advanced Vietnam,Pharmaceutical,hochiminh city,GAds,MC001,P001,Distributor Inquiry,10-49,2,70,0,1,Unknown,14,E103,Disqualified,No Response,18580000.0,manufacturing69@company.vn,0930816566
L000070,2025-11-16 15:17:00,C0144,Scientific Nova Vietnam,Pharmaceutical,Ho Chi Minh City,Google Ads,MC001,P013,Distributor Inquiry,250-999,5,61,1,0,No Budget,90,E102,Qualified,Lead Time,3240000.0,scientific70@company.vn,0937304444
L000071,2025-11-17 08:18:00,C0009,Tech Tech Factory,Pharmaceutical,Dong Nai,Google Ads,MC001,P014,Sample Request,50-249,2,70,1,0,Approved,30,E101,Disqualified,No Budget,14160000.0,,0954017129
L000072,2025-11-18 14:22:00,C0059,Tech Tech JSC,Electronics,HA NOI,Google Ads,MC001,P003,Product Recommendation,1000+,5,73,0,0,Unknown,60,E101,Disqualified,No Budget,32160000.0,tech72@company.vn,0951899264
L000073,2025-11-18 17:03:00,C0002,Scientific Advanced Vietnam,Food & Beverage,Hanoi,Google Ads,MC001,P003,Sample Request,1000+,5,72,0,1,Approved,14,E102,Disqualified,Not ICP,13140000.0,scientific73@company.vn,0968324906
L000074,2025-11-24 08:50:00,C0005,Med Asia Vietnam,Industrial Mfg,Ho Chi Minh City,GAds,MC001,P009,Stock Check,10-49,2,99,1,0,Unknown,60,E102,Qualified,Specification,2520000.0,med74@company.vn,0927114230
L000075,2025-11-25 08:47:00,C0021,Solutions Clean Factory,Pharmaceutical,Ho Chi Minh City,Google Ads,MC001,P001,Technical Inquiry,10-49,1,85,0,0,Under Review,60,E101,Disqualified,Student/Research,30090000.0,solutions75@company.vn,
L000076,2025-11-30 11:08:00,C0050,Lab Tech Vietnam,Cleanroom Contractor,Ho Chi Minh City,Paid Search,MC001,P002,Distributor Inquiry,10-49,3,82,0,0,Approved,30,E101,Disqualified,Not ICP,10590000.0,lab76@company.vn,0999360569
L000077,2025-12-12 11:23:00,C0006,Lab Industrial JSC,Pharmaceutical,Ho Chi Minh City,Google Ads,MC001,P003,Product Recommendation,50-249,1,63,0,0,Approved,180,E102,Disqualified,No Response,20640000.0,lab77@company.vn,0956963702
L000078,2025-12-20 16:08:00,C0037,Precision Clean Factory,PHARMACEUTICAL,Dong Nai,Google Ads,MC001,P002,Product Recommendation,50-249,2,86,0,0,Approved,30,E103,Disqualified,Not ICP,15860000.0,precision78@company.vn,0954238486
L000079,2025-12-22 11:05:00,C0029,Precision Asia Vietnam,Cleanroom contractor,Ho Chi Minh City,Google Ads,MC001,P004,Stock Check,10-49,2,72,1,0,Under Review,90,E101,Won,,25870000.0,precision79@company.vn,0991577592
L000080,2025-12-22 11:34:00,C0014,Clean Health Vietnam,PHARMACEUTICAL,Bac Ninh,Google Ads,MC001,P002,Sample Request,50-249,6,58,0,0,Approved,180,E102,Quoted,Price,10150000.0,clean80@company.vn,0960481551
L000081,2025-12-25 10:41:00,C0075,Nova Electronics Vietnam,Laboratory,Dong Nai,Google Ads,MC001,P024,Distributor Inquiry,10-49,4,70,1,0,Approved,30,E101,Disqualified,No Response,249050000.0,nova81@company.vn,
L000082,2026-01-09 13:59:00,C0003,Vietnam Green Vietnam,Medical Device,Ho Chi Minh City,Google Ads,MC001,P006,Technical Inquiry,10-49,2,61,1,0,Unknown,7,E101,Disqualified,No Response,6660000.0,vietnam82@company.vn,0916503923
L000083,2026-01-14 14:19:00,C0031,Electronics Vietnam Vietnam,Laboratory,Bac Ninh,Google ads,MC001,P001,Stock Check,50-249,4,59,0,0,Unknown,180,E101,Disqualified,No Budget,6590000.0,electronics83@company.vn,0936262807
L000084,2026-01-17 14:29:00,C0002,Scientific Advanced Vietnam,Food & Beverage,Ha Noi,Google Ads,MC001,P002,Sample Request,1000+,9,51,0,0,Under Review,180,E102,Qualified,No Response,15480000.0,scientific84@company.vn,0943743811
L000085,2026-01-18 17:45:00,C0025,Vietnam Precision Factory,Medical Device,Ho Chi Minh City,Google Ads,MC001,P002,Sample Request,10-49,6,89,0,0,Under Review,14,E101,Qualified,No Response,24190000.0,,0991382118
L000086,2026-02-06 08:40:00,C0063,Industrial Vietnam JSC,Laboratory,Binh Duong,google ppc,MC001,P009,Product Recommendation,250-999,1,64,0,0,Under Review,90,E102,Disqualified,Not ICP,13260000.0,industrial86@company.vn,0941725794
L000087,2026-02-23 13:40:00,C0102,Med Med Factory,Laboratory,Ha Noi,Google Ads,MC001,P004,Sample Request,10-49,3,73,1,0,Approved,14,E101,Quoted,Lead Time,35250000.0,med87@company.vn,0935862630
L000088,2026-02-23 17:56:00,C0080,Industrial Med Factory,Medical Device,Binh Duong,Google Ads,MC001,P001,Price Request,1000+,4,58,0,1,Under Review,30,E102,Qualified,No Response,53500000.0,industrial88@company.vn,0914946298
L000089,2026-02-25 11:50:00,C0006,Lab Industrial JSC,Pharmaceutical,Ho Chi Minh City,Google Ads,MC001,P002,Price Request,50-249,1,52,1,1,Approved,60,E102,Qualified,Competitor,15140000.0,lab89@company.vn,
L000090,2026-02-27 14:19:00,C0016,Lab Advanced Co Ltd,Food & Beverage,DongNai,Paid Search,MC001,P006,Sample Request,50-249,1,64,0,0,Unknown,7,E101,Disqualified,Outside Scope,13490000.0,,0965396849
L000091,2026-03-06 10:51:00,C0106,Vietnam Bio JSC,Pharmaceutical,Ho Chi Minh City,Google Ads,MC001,P002,Distributor Inquiry,50-249,2,99,1,0,Approved,90,E102,Won,,4400000.0,,0927366697
L000092,2026-03-12 14:55:00,C0030,Solutions Bio Vietnam,Medical Devices,Long An,Google Ads,MC001,P027,Distributor Inquiry,10-49,1,81,1,1,No Budget,14,E101,Disqualified,No Response,36970000.0,solutions92@company.vn,0974391801
L000093,2026-03-18 10:18:00,,Green Asia Vietnam,Food & Beverage,Ho Chi Minh City,Google Ads,MC001,P009,Distributor Inquiry,50-249,5,94,1,0,Approved,90,E102,Qualified,Project Delayed,6340000.0,green93@company.vn,0931676762
L000094,2026-03-24 11:54:00,C0085,Health Med Vietnam,Electronics,Dong Nai,Google Ads,MC001,P001,Stock Check,1000+,4,74,1,0,Approved,30,E102,Disqualified,No Response,30750000.0,health94@company.vn,0981858901
L000095,2026-03-25 14:39:00,,Scientific Industrial Co Ltd,Industrial Manufacturing,HCMC,Google Ads,MC001,P001,Sample Request,50-249,1,100,0,0,No Budget,90,E103,Disqualified,No Budget,3870000.0,scientific95@company.vn,0964798817
L000096,2026-03-27 09:15:00,C0176,Solutions Scientific JSC,Electronics,Binh Duong,google ppc,MC001,P001,Distributor Inquiry,250-999,1,89,1,1,Under Review,60,E101,Won,,15360000.0,solutions96@company.vn,0973889768
L000097,2026-03-29 09:52:00,C0005,Med Asia Vietnam,Industrial Manufacturing,Ho Chi Minh City,Google Ads,MC001,P007,Sample Request,10-49,1,70,1,1,Unknown,30,E102,Qualified,No Response,9050000.0,med0@company.vn,0985197188
L000098,2026-03-29 13:08:00,C0062,Clean Pharma Co Ltd,Trading Company,Ho Chi Minh City,Google Ads,MC001,P003,Product Recommendation,10-49,1,60,0,0,Unknown,14,E102,Disqualified,Not ICP,9590000.0,clean1@company.vn,0961105475
L000099,2026-03-31 16:59:00,C0012,Industrial Solutions JSC,Trading Company,Ho Chi Minh City,Google Ads,MC001,P001,Sample Request,50-249,7,59,0,0,Approved,14,E103,Disqualified,Not ICP,35000000.0,industrial2@company.vn,0937752272
L000100,2026-04-13 13:02:00,C0002,Scientific Advanced Vietnam,Food & Beverage,Ha Noi,Google Ads,MC001,P001,Product Recommendation,1000+,2,97,0,0,Approved,14,E103,Won,,8400000.0,,0963641311
L000101,2026-04-16 17:27:00,C0013,Green Bio Vietnam,Trading Company,Binh Duong,Google Ads,MC001,P001,Distributor Inquiry,1000+,2,44,0,0,Under Review,60,E101,Disqualified,No Budget,39870000.0,green4@company.vn,0934378735
L000102,2026-04-29 16:36:00,C0044,Scientific Industrial Factory,Pharmaceutical,Binh Duong,Paid Search,MC001,P001,Distributor Inquiry,10-49,3,47,0,0,Unknown,30,E103,Won,,12120000.0,scientific5@company.vn,0928650220
L000103,2026-05-06 17:42:00,C0007,Nova Pharma Co Ltd,Med Device,Ho Chi Minh City,Google Ads,MC001,P022,Distributor Inquiry,50-249,1,71,0,0,Approved,14,E103,Disqualified,Not ICP,49150000.0,nova6@company.vn,0935309049
L000104,2026-05-09 12:50:00,C0054,Clean Scientific Factory,Electronics,Dong Nai,Google Ads,MC001,P005,Product Recommendation,250-999,3,70,1,0,Unknown,60,E103,Won,Student/Research,14970000.0,,0935970992
L000105,2026-05-11 14:06:00,C0018,Solutions Health Vietnam,Cleanroom Contractor,Ha Noi,Google Ads,MC001,P016,Price Request,250-999,2,47,1,0,Under Review,90,E102,Qualified,Specification,19500000.0,solutions8@company.vn,0989949434
L000106,2026-05-14 09:44:00,C0043,Health Med Vietnam,Food & Beverage,Long An,Google Ads,MC001,P006,Product Recommendation,50-249,3,70,0,0,No Budget,30,E101,Quoted,No Budget,16940000.0,health9@company.vn,0984726556
L000107,2026-05-14 09:45:00,C0005,Med Asia Vietnam,Industrial Manufacturing,Ho Chi Minh City,Google Ads,MC001,P003,Price Request,10-49,1,68,0,0,Approved,60,E101,Disqualified,Outside Scope,18320000.0,med10@company.vn,0959094700
L000108,2026-05-20 15:32:00,C0008,Clean Electronics Vietnam,Pharmaceutical,Binh Duong,Google Ads,MC001,P006,Stock Check,50-249,3,49,1,0,Under Review,90,E103,Qualified,Price,26950000.0,clean11@company.vn,0954421143
L000109,2026-05-22 16:17:00,C0103,Vietnam Health Vietnam,Manufacturing,Dong Nai,google ppc,MC001,P020,Distributor Inquiry,1000+,3,88,1,0,Approved,180,E102,Won,,8820000.0,vietnam12@company.vn,0997593338
L000110,2026-05-25 14:57:00,C0032,Bio Industrial Vietnam,Industrial Manufacturing,Ho Chi Minh City,Google Ads,MC001,P022,Sample Request,50-249,4,82,0,0,Under Review,7,E103,Disqualified,Outside Scope,31890000.0,bio13@company.vn,0982187667
L000111,2026-05-26 16:57:00,C0003,Vietnam Green Vietnam,Medical Device,Ho Chi Minh City,Google Ads,MC001,P005,Product Recommendation,10-49,2,82,0,0,Approved,30,E103,Disqualified,Not ICP,15760000.0,vietnam14@company.vn,0972218609
L000112,2026-05-29 13:15:00,C0011,Asia Vietnam JSC,Pharmaceutical,Ho Chi Minh City,Google Ads,MC001,P001,Technical Inquiry,250-999,4,77,1,0,Under Review,30,E101,Qualified,No Response,27390000.0,asia15@company.vn,0953308235
L000113,2026-05-29 14:48:00,C0075,Nova Electronics Vietnam,Laboratory,Dong Nai,Google Ads,MC001,P006,Sample Request,10-49,1,48,0,0,Approved,14,E101,Won,,29070000.0,nova16@company.vn,0982291975
L000114,2026-05-29 15:46:00,C0171,Manufacturing Precision Factory,Trading Company,Dong Nai,Google Ads,MC001,P005,Distributor Inquiry,10-49,2,54,1,0,Under Review,60,E102,Won,,23800000.0,manufacturing17@company.vn,0922240669
L000115,2026-06-04 12:12:00,C0002,Scientific Advanced Vietnam,Food & Beverage,Hanoi,Google Ads,MC001,P019,Product Recommendation,1000+,2,72,0,0,Unknown,60,E102,Disqualified,Not ICP,31380000.0,scientific18@company.vn,0928675675
L000116,2026-06-08 12:51:00,C0024,Green Scientific JSC,Pharmaceutical,Bac Ninh,Google Ads,MC001,P003,Product Recommendation,50-249,7,46,0,0,Approved,60,E103,Won,,9720000.0,green19@company.vn,0974402177
L000117,2026-06-12 10:22:00,C0019,Scientific Med Factory,Trading Company,Dong Nai,Google Ads,MC001,P025,Distributor Inquiry,250-999,1,61,1,0,Approved,180,E101,Qualified,Specification,219690000.0,scientific20@company.vn,0935246353
L000118,2026-06-12 16:30:00,C0031,Electronics Vietnam Vietnam,laboratory,Bac Ninh,Google Ads,MC001,P002,Technical Inquiry,50-249,2,56,0,1,Unknown,7,E103,Quoted,Specification,15500000.0,electronics21@company.vn,0927552958
L000119,2026-06-17 13:05:00,C0005,Med Asia Vietnam,Industrial Manufacturing,Ho Chi Minh City,Google Ads,MC001,P012,Sample Request,10-49,1,92,1,1,Approved,180,E103,Disqualified,Not ICP,22500000.0,med22@company.vn,0921648164
L000120,2026-06-30 11:52:00,C0076,Tech Advanced Vietnam,electronics,Long An,Google Ads,MC001,P004,Sample Request,250-999,3,61,0,0,Unknown,30,E103,Quoted,No Response,28350000.0,tech23@company.vn,0935007990
L000121,2025/03/29 14:55,C0097,Vietnam Scientific Vietnam,Industrial Manufacturing,Dong Nai,Google Ads,MC002,P010,Product Recommendation,1000+,1,72,1,0,Unknown,60,E101,Quoted,Lead Time,18070000.0,vietnam24@company.vn,0938220634
L000122,2025-04-14 14:27:00,C0038,Solutions Manufacturing Co Ltd,Medical Device,hochiminh city,Paid Search,MC002,P005,Product Recommendation,250-999,7,64,1,1,Approved,60,E101,Qualified,No Budget,24780000.0,solutions25@company.vn,0968388284
L000123,2025-04-18 08:16:00,C0043,Health Med Vietnam,Food & Beverage,Long An,GAds,MC002,P004,Stock Check,50-249,3,53,0,0,Approved,30,E102,Quoted,Price,6800000.0,health26@company.vn,0918264934
L000124,2025-04-19 16:50:00,C0001,Green Asia Vietnam,Food & Beverage,Ho Chi Minh City,Google Ads,MC002,P002,Distributor Inquiry,50-249,4,64,1,1,Unknown,14,E103,Quoted,Price,24430000.0,green27@company.vn,0995198747
L000125,2025-04-20 10:58:00,C0078,Manufacturing Pharma Vietnam,Electronics,Ho Chi Minh City,Google Ads,MC002,P002,Stock Check,250-999,4,83,1,1,Unknown,14,E101,Disqualified,Not ICP,3180000.0,manufacturing28@company.vn,0937981504
L000126,2025-05-01 12:23:00,C0054,Clean Scientific Factory,Electronic,DongNai,Google Ads,MC002,P003,Stock Check,250-999,2,61,0,0,Unknown,30,E101,Quoted,No Budget,12560000.0,clean29@company.vn,0946509309
L000127,2025-05-04 10:15:00,C0056,Med Scientific Factory,Laboratory,Binh Duong,Google Ads,MC002,P001,Stock Check,1000+,1,55,0,1,Under Review,7,E101,Disqualified,Not ICP,9430000.0,med30@company.vn,0956074168
L000128,2025-05-09 15:24:00,C0022,Bio Green Factory,Electronics,Hanoi,Google Ads,MC002,P002,Product Recommendation,50-249,5,62,1,0,Under Review,30,E103,Quoted,Project Delayed,6870000.0,bio31@company.vn,0941012253
L000129,2025-05-11 08:11:00,C0003,Vietnam Green Vietnam,Medical Device,Ho Chi Minh City,Google Ads,MC002,P002,Technical Inquiry,10-49,5,55,0,0,Approved,30,E103,Won,,25220000.0,vietnam32@company.vn,0999302156
L000130,2025-05-12 11:18:00,C0043,Health Med Vietnam,Food & Beverage,Long An,Google Ads,MC002,P026,Distributor Inquiry,50-249,4,89,0,1,Under Review,30,E103,Quoted,Price,252490000.0,health33@company.vn,0941645760
L000131,2025-05-19 12:48:00,C0026,Precision Lab JSC,Trading Company,Dong Nai,Google Ads,MC002,P001,Distributor Inquiry,50-249,2,74,1,0,Approved,90,E101,Won,,15230000.0,precision34@company.vn,0989306561
L000132,2025-05-22 09:26:00,C0026,Precision Lab JSC,Trading Company,Dong Nai,Google Ads,MC002,P001,Sample Request,50-249,3,67,1,0,Under Review,60,E103,Disqualified,No Response,22700000.0,,0925232778
L000133,2025-05-27 15:38:00,C0115,Health Pharma JSC,Industrial Manufacturing,Binh Duong,Google Ads,MC002,P011,Sample Request,250-999,1,82,0,0,Approved,14,E101,Won,,13250000.0,health36@company.vn,0994521553
L000134,2025-05-27 11:08:00,C0011,Asia Vietnam JSC,Pharmaceutical,Ho Chi Minh City,Google Ads,MC002,P001,Distributor Inquiry,250-999,5,69,0,0,Approved,7,E103,Quoted,Lead Time,25150000.0,asia37@company.vn,0919500602
L000135,2025-06-04 11:39:00,C0020,Health Nova Co Ltd,Industrial Manufacturing,Dong Nai,Google Ads,MC002,P001,Stock Check,50-249,1,57,0,0,Approved,60,E102,Disqualified,No Response,27540000.0,health38@company.vn,0986324461
L000136,2025-06-05 15:19:00,C0002,Scientific Advanced Vietnam,Food & Beverage,Ha Noi,Google ads,MC002,P001,Product Recommendation,1000+,1,51,0,0,Under Review,7,E101,Won,,50380000.0,scientific39@company.vn,0928598633
L000137,2025-06-09 14:09:00,C0003,Vietnam Green Vietnam,Medical Device,Ho Chi Minh City,Google Ads,MC002,P027,Product Recommendation,10-49,3,73,1,0,Unknown,30,E102,Qualified,Price,218190000.0,vietnam40@company.vn,
L000138,2025-06-10 11:24:00,C0145,Bio Health Vietnam,Cleanroom Contractor,Dong Nai,Google Ads,MC002,P004,Sample Request,1000+,1,52,0,0,Under Review,90,E101,Won,,24440000.0,bio41@company.vn,0931626474
L000139,2025-06-20 16:18:00,C0007,Nova Pharma Co Ltd,Medical Device,Ho Chi Minh City,Google Ads,MC002,P001,Price Request,50-249,4,71,0,1,Under Review,60,E101,Disqualified,No Budget,15020000.0,nova42@company.vn,0918126687
L000140,2025-07-11 13:15:00,C0001,Green Asia Vietnam,Food & Beverage,Ho Chi Minh City,Google Ads,MC002,P001,Product Recommendation,50-249,5,70,1,0,Unknown,14,E101,Quoted,Lead Time,14460000.0,green43@company.vn,0979203235
L000141,2025-07-15 17:34:00,C0037,Precision Clean Factory,Pharmaceutical,Dong Nai,Google Ads,MC002,P005,Distributor Inquiry,50-249,1,88,1,0,Under Review,180,E103,Disqualified,Not ICP,34860000.0,precision44@company.vn,0919877703
L000142,2025-07-16 10:36:00,C0025,Vietnam Precision Factory,Medical Device,Ho Chi Minh City,Google ads,MC002,P002,Stock Check,10-49,5,96,0,0,Unknown,30,E102,Disqualified,No Budget,6220000.0,vietnam45@company.vn,0985820249
L000143,2025-07-20 17:03:00,C0004,Vietnam Tech Vietnam,Industrial Manufacturing,Ha Noi,Google Ads,MC002,P005,Price Request,250-999,1,58,0,0,Unknown,90,E101,Quoted,No Response,31700000.0,vietnam46@company.vn,0971372044
L000144,2025-07-22 09:26:00,C0135,Precision Asia Co Ltd,Pharmaceutical,Bac Ninh,Google Ads,MC002,P002,Stock Check,250-999,2,54,1,0,Approved,14,E103,Qualified,Lead Time,2680000.0,precision47@company.vn,0936881582
L000145,2025-07-22 09:08:00,C0001,Green Asia Vietnam,Food & Beverage,Ho Chi Minh City,Google Ads,MC002,P019,Product Recommendation,50-249,7,84,0,0,No Budget,30,E103,Qualified,No Budget,8990000.0,green48@company.vn,0930199718
L000146,2025-07-23 10:51:00,C0030,Solutions Bio Vietnam,Medical Device,Long An,google ppc,MC002,P001,Stock Check,10-49,3,59,0,0,Under Review,14,E103,Qualified,Lead Time,34170000.0,solutions49@company.vn,0972498554
L000147,2025-08-01 14:27:00,C0024,Green Scientific JSC,Pharmaceutical,Bac Ninh,Google Ads,MC002,P004,Product Recommendation,50-249,1,58,0,0,Under Review,60,E102,Disqualified,No Response,22350000.0,green50@company.vn,0959638260
L000148,2025-08-05 11:58:00,C0002,Scientific Advanced Vietnam,Food & Beverage,Ha Noi,google ppc,MC002,P001,Distributor Inquiry,1000+,2,95,0,0,No Budget,30,E102,Qualified,Competitor,54310000.0,scientific51@company.vn,0965468600
L000149,2025-08-05 10:15:00,,Advanced Nova Factory,Medical Device,Ho Chi Minh,Paid Search,MC002,P002,Product Recommendation,10-49,3,68,0,0,Unknown,30,E102,Quoted,Competitor,21730000.0,advanced52@company.vn,
L000150,2025-08-05 10:04:00,C0047,Advanced Nova Factory,Medical Device,Ho Chi Minh City,Google Ads,MC002,P013,Price Request,10-49,4,77,0,0,Approved,14,E103,Disqualified,No Response,17120000.0,advanced53@company.vn,0913100774
L000151,2025-08-11 10:26:00,C0016,Lab Advanced Co Ltd,Food and Beverage,Dong Nai,Google Ads,MC002,P007,Product Recommendation,50-249,6,83,0,1,Approved,60,E101,Qualified,Competitor,5470000.0,lab54@company.vn,0924345528
L000152,2025-08-14 13:03:00,C0019,Scientific Med Factory,Trading Company,DongNai,Google Ads,MC002,P004,Sample Request,250-999,2,50,0,1,Under Review,30,E102,Won,,12080000.0,scientific55@company.vn,0962743652
L000153,2025-08-15 08:16:00,C0166,Manufacturing Med Factory,Electronics,Ha Noi,Google Ads,MC002,P009,Product Recommendation,10-49,6,68,1,0,Unknown,60,E103,Qualified,No Response,10140000.0,manufacturing56@company.vn,
L000154,2025-08-15 14:43:00,C0081,Bio Precision Co Ltd,Electronics,Binh Duong,Google Ads,MC002,P001,Technical Inquiry,250-999,2,85,0,0,Approved,60,E102,Quoted,Price,4460000.0,bio57@company.vn,0926359819
L000155,2025-08-19 12:10:00,C0014,Clean Health Vietnam,Pharmaceutical,Bac Ninh,Google Ads,MC002,P001,Stock Check,50-249,2,81,0,0,Approved,7,E103,Disqualified,Not ICP,15740000.0,clean58@company.vn,
L000156,2025-09-01 13:18:00,C0020,Health Nova Co Ltd,Industrial Manufacturing,Dong Nai,Google Ads,MC002,P014,Stock Check,50-249,3,76,0,0,Under Review,30,E102,Quoted,Lead Time,13960000.0,health59@company.vn,0957624814
L000157,2025-09-14 09:01:00,C0039,Tech Health Co Ltd,Electronics,Ho Chi Minh City,Google Ads,MC002,P002,Technical Inquiry,1000+,9,72,0,0,Unknown,180,E102,Won,,38110000.0,tech60@company.vn,0946477846
L000158,2025-09-16 16:58:00,C0050,Lab Tech Vietnam,Cleanroom contractor,Ho Chi Minh City,Google Ads,MC002,P001,Price Request,10-49,3,100,1,0,Under Review,180,E103,Won,,11900000.0,lab61@company.vn,0973379877
L000159,2025-09-26 09:33:00,C0054,Clean Scientific Factory,Electronics,dong nai,Google Ads,MC002,P008,Stock Check,250-999,3,74,1,1,Approved,30,E102,Qualified,No Budget,11920000.0,clean62@company.vn,0953053460
L000160,2025-10-02 08:09:00,C0014, Clean Health Vietnam  ,Pharma,Bac Ninh,Google Ads,MC002,P003,Price Request,50-249,5,67,0,1,Under Review,60,E102,Won,,20070000.0,clean63@company.vn,0973870019
L000161,2025-10-27 14:08:00,C0005,Med Asia Vietnam,Industrial Manufacturing,Ho Chi Minh City,Google Ads,MC002,P024,Stock Check,10-49,3,62,1,0,Unknown,60,E101,Disqualified,Not ICP,106700000.0,med64@company.vn,
L000162,2025-10-28 10:28:00,C0017,Advanced Vietnam Co Ltd,Medical Device,Dong Nai,Google Ads,MC002,P002,Price Request,50-249,4,67,0,0,No Budget,30,E101,Disqualified,Not ICP,3600000.0,advanced65@company.vn,0950310413
L000163,2025-11-04 16:43:00,C0051,Solutions Bio Factory,Electronics,Ho Chi Minh City,Google Ads,MC002,P003,Product Recommendation,50-249,3,69,0,0,Under Review,14,E103,Quoted,Project Delayed,9480000.0,solutions66@company.vn,0939366210
L000164,2025-11-04 16:00:00,C0028,Med Bio JSC,Electronics,Binh Duong,Paid Search,MC002,P005,Technical Inquiry,10-49,5,90,0,0,Under Review,14,E101,Disqualified,Outside Scope,30110000.0,med67@company.vn,0943966878
L000165,2025-11-13 16:03:00,C0017,Advanced Vietnam Co Ltd,Medical Device,Dong Nai,Google Ads,MC002,P008,Product Recommendation,50-249,3,50,1,0,Under Review,90,E102,Disqualified,No Response,9230000.0,advanced68@company.vn,0991935058
L000166,2025-11-13 13:17:00,C0028,Med Bio JSC,Electronics,Binh Duong,Google Ads,MC002,P003,Sample Request,10-49,7,79,0,1,Approved,30,E102,Quoted,Price,3430000.0,med69@company.vn,0911440860
L000167,2025-11-16 10:39:00,C0022,Bio Green Factory,Electronics,HA NOI,GAds,MC002,P001,Stock Check,50-249,2,78,0,0,No Budget,180,E101,Disqualified,No Response,10720000.0,bio70@company.vn,0932711729
L000168,2025-11-19 13:00:00,C0001,Green Asia Vietnam,Food and Beverage,Ho Chi Minh City,Google Ads,MC002,P023,Price Request,50-249,4,80,0,0,Under Review,14,E101,Qualified,Price,201980000.0,green71@company.vn,0941003413
L000169,2025-11-20 13:23:00,C0172,Manufacturing Electronics JSC,Industrial Manufacturing,Long An,Google Ads,MC002,P019,Technical Inquiry,50-249,3,59,1,0,Approved,7,E101,Won,,9120000.0,manufacturing72@company.vn,0937806580
L000170,2025-12-02 10:21:00,C0026,Precision Lab JSC,Trading Company,Dong Nai,Google Ads,MC002,P005,Distributor Inquiry,50-249,3,73,0,0,Approved,60,E102,Won,,24760000.0,,0984401768
L000171,2025-12-02 09:18:00,C0109,Advanced Industrial JSC,Medical Device,Long An,Google Ads,MC002,P001,Stock Check,50-249,2,64,0,0,No Budget,90,E102,Disqualified,Not ICP,12670000.0,advanced74@company.vn,0948349873
L000172,2025-12-04 16:31:00,C0001,Green Asia Vietnam,Food & Beverage,Ho Chi Minh City,Google Ads,MC002,P008,Technical Inquiry,50-249,2,57,0,0,Under Review,60,E102,Disqualified,No Response,10350000.0,green75@company.vn,0959870430
L000173,2025-12-04 09:50:00,C0002,Scientific Advanced Vietnam,Food & Beverage,Ha Noi,Google Ads,MC002,P024,Stock Check,1000+,2,91,1,0,Unknown,30,E102,Qualified,Specification,276640000.0,,0955109075
L000174,2025-12-23 17:23:00,C0141,Solutions Green Factory,Medical Device,Da Nang,GAds,MC002,P004,Sample Request,250-999,1,82,0,0,Unknown,7,E103,Won,,34100000.0,solutions77@company.vn,0933618960
L000175,2025-12-24 17:39:00,C0036,Scientific Advanced Vietnam,Pharmaceutical,Dong Nai,Google Ads,MC002,P001,Distributor Inquiry,50-249,4,87,0,1,Under Review,60,E101,Disqualified,No Budget,15660000.0,scientific78@company.vn,0935868227
L000176,2025-12-27 10:27:00,C0009,Tech Tech Factory,Pharmaceutical,Dong Nai,google ppc,MC002,P009,Product Recommendation,50-249,3,69,0,0,Unknown,30,E102,Quoted,Project Delayed,13140000.0,tech79@company.vn,0987181332
L000177,2025-12-29 17:55:00,C0002,Scientific Advanced Vietnam,Food & Beverage,Ha Noi,Google Ads,MC002,P002,Product Recommendation,1000+,5,94,1,0,Unknown,60,E103,Disqualified,Outside Scope,39010000.0,,
L000178,2025-12-31 11:04:00,C0149,Lab Lab Co Ltd,Food & Beverage,Can Tho,google ppc,MC002,P006,Stock Check,250-999,2,82,0,0,Unknown,30,E103,Qualified,Lead Time,24850000.0,,0912419684
L000179,2026-01-03 12:47:00,C0042,Bio Health Co Ltd,Pharmaceutical,Ha Noi,Paid Search,MC002,P001,Stock Check,50-249,4,47,0,0,Unknown,14,E101,Quoted,No Budget,9050000.0,bio82@company.vn,0926408705
L000180,2026-01-15 12:28:00,C0032,Bio Industrial Vietnam,Industrial Manufacturing,Ho Chi Minh City,Google Ads,MC002,P001,Technical Inquiry,50-249,1,77,0,0,Unknown,60,E102,Disqualified,Student/Research,16500000.0,bio83@company.vn,0952438361
L000181,2026-02-06 12:24:00,C0054,Clean Scientific Factory,Electronics,Dong Nai,Google Ads,MC002,P002,Product Recommendation,250-999,4,75,0,0,Unknown,30,E101,Quoted,No Budget,13950000.0,clean84@company.vn,0980101126
L000182,2026-02-07 14:49:00,C0002,Scientific Advanced Vietnam,Food & Beverage,Ha Noi,Google Ads,MC002,P001,Sample Request,1000+,3,68,0,0,Approved,60,E102,Quoted,Price,6200000.0,scientific85@company.vn,0943153855
L000183,2026-02-13 11:16:00,C0007,Nova Pharma Co Ltd,Medical Device,TP.HCM,Google Ads,MC002,P002,Distributor Inquiry,50-249,4,59,0,0,Under Review,90,E101,Won,,15800000.0,nova86@company.vn,0941920644
L000184,2026-02-14 16:09:00,C0024,Green Scientific JSC,Pharmaceutical,BacNinh,Google Ads,MC002,P015,Price Request,50-249,3,100,0,1,Approved,30,E102,Quoted,Project Delayed,2660000.0,green87@company.vn,0993404918
L000185,2026-02-15 13:32:00,C0036,Scientific Advanced Vietnam,Pharmaceutical,Dong Nai,Google Ads,MC002,P031,Distributor Inquiry,50-249,2,67,0,0,Approved,90,E102,Quoted,Price,416710000.0,scientific88@company.vn,0985095221
L000186,2026-02-15 16:26:00,C0002,Scientific Advanced Vietnam,Food & Beverage,Ha Noi,Google Ads,MC002,P022,Distributor Inquiry,1000+,2,72,0,0,Unknown,30,E101,Qualified,No Budget,85850000.0,scientific89@company.vn,0963478686
L000187,2026-02-24 08:32:00,C0019,Scientific Med Factory,Trading Company,Dong Nai,Google Ads,MC002,P007,Product Recommendation,250-999,3,58,1,0,Under Review,90,E101,Qualified,Lead Time,2600000.0,scientific90@company.vn,
L000188,2026-03-06 08:53:00,C0019,Scientific Med Factory,Trading Company,Dong Nai,Google ads,MC002,P026,Product Recommendation,250-999,3,40,1,0,Under Review,30,E103,Disqualified,Not ICP,61930000.0,scientific91@company.vn,0953178903
L000189,2026-03-11 13:44:00,C0031,Electronics Vietnam Vietnam,Laboratory,Bac Ninh,Google Ads,MC002,P005,Technical Inquiry,50-249,4,71,0,0,Approved,14,E103,Qualified,No Response,6840000.0,electronics92@company.vn,
L000190,2026-03-15 09:35:00,C0010,Scientific Industrial Co Ltd,Industrial Manufacturing,Ho Chi Minh City,Google Ads,MC002,P025,Technical Inquiry,50-249,2,71,0,0,No Budget,14,E101,Qualified,Competitor,165700000.0,scientific93@company.vn,0931817731
L000191,2026-03-18 15:51:00,C0040,Vietnam Asia JSC,Food & Beverage,Ho Chi Minh City,Google Ads,MC002,P023,Distributor Inquiry,250-999,5,56,1,0,Under Review,90,E102,Won,,59610000.0,vietnam94@company.vn,0963806912
L000192,2026-03-19 15:09:00,C0150,Scientific Med JSC,Food & Beverage,Can Tho,Google Ads,MC002,P001,Technical Inquiry,50-249,2,41,0,0,Approved,90,E102,Quoted,No Budget,35250000.0,scientific95@company.vn,0977378989
L000193,2026-03-25 15:14:00,C0005,Med Asia Vietnam,Industrial Manufacturing,Ho Chi Minh City,Google Ads,MC002,P001,Stock Check,10-49,2,73,1,0,Under Review,60,E101,Disqualified,Not ICP,32100000.0,med96@company.vn,0971057564
L000194,2026-03-25 16:20:00,,Vietnam Asia JSC,Industrial Manufacturing,Dong Nai,Google Ads,MC002,P001,Product Recommendation,50-249,6,81,0,0,Under Review,30,E101,Disqualified,No Budget,17180000.0,vietnam0@company.vn,0947202637
L000195,2026-03-26 08:27:00,C0062,Clean Pharma Co Ltd,Trading Company,Ho Chi Minh City,Google Ads,MC002,P017,Stock Check,10-49,2,84,1,0,Under Review,180,E102,Qualified,Competitor,13110000.0,clean1@company.vn,0983831883
L000196,2026-03-26 14:33:00,C0065,Asia Clean Co Ltd,Pharmaceutical,Ha Noi,Google Ads,MC002,P002,Stock Check,50-249,2,63,0,0,Unknown,90,E102,Disqualified,Student/Research,19690000.0,asia2@company.vn,0985537868
L000197,2026-04-03 10:39:00,C0012,Industrial Solutions JSC,Trading Company,Ho Chi Minh City,Google Ads,MC002,P005,Sample Request,50-249,6,63,1,0,Approved,60,E102,Disqualified,No Response,29940000.0,,0938955708
L000198,2026-04-07 17:11:00,C0002,Scientific Advanced Vietnam,F&B,Ha Noi,Google Ads,MC002,P001,Sample Request,1000+,2,83,1,0,Unknown,30,E101,Disqualified,Not ICP,57220000.0,,0928100795
L000199,2026-04-10 12:20:00,C0037,Precision Clean Factory,Pharmaceutical,Dong Nai,Google Ads,MC002,P002,Stock Check,50-249,1,70,1,0,Unknown,90,E102,Disqualified,Not ICP,13280000.0,precision5@company.vn,0910281083
L000200,2026-04-10 17:39:00,C0007,Nova Pharma Co Ltd,Medical Device,Ho Chi Minh City,Google Ads,MC002,P012,Stock Check,50-249,6,57,1,1,No Budget,14,E103,Won,,13470000.0,nova6@company.vn,0946222345
L000201,2026-04-17 14:00:00,C0053,Health Lab JSC,Pharmaceutical,Bac Ninh,Google Ads,MC002,P003,Technical Inquiry,10-49,1,71,1,0,Approved,60,E101,Won,,14100000.0,health7@company.vn,0918291025
L000202,2026-04-26 14:22:00,C0042,Bio Health Co Ltd,Pharmaceutical,Ha Noi,Google Ads,MC002,P003,Price Request,50-249,6,78,1,0,Approved,7,E101,Quoted,Price,17270000.0,bio8@company.vn,0924215411
L000203,2026-04-28 14:36:00,C0123,Asia Asia Factory,F&B,Binh Duong,Google Ads,MC002,P001,Product Recommendation,1000+,6,48,0,0,Unknown,180,E103,Won,,54720000.0,asia9@company.vn,
L000204,2026-04-29 13:25:00,C0057,Bio Clean Co Ltd,Pharmaceutical,Binh Duong,GAds,MC002,P017,Sample Request,50-249,3,69,0,0,Approved,90,E101,Qualified,Lead Time,12040000.0,bio10@company.vn,0926616429
L000205,2026-04-29 09:46:00,C0003,Vietnam Green Vietnam,Med Device,HCMC,Google Ads,MC002,P020,Price Request,10-49,3,87,1,0,Approved,30,E101,Won,,2450000.0,vietnam11@company.vn,0936354527
L000206,2026-05-02 14:59:00,C0045,Manufacturing Solutions Vietnam,Cleanroom Contractor,Long An,Google Ads,MC002,P004,Distributor Inquiry,250-999,1,49,0,0,Approved,14,E103,Quoted,Competitor,18600000.0,,0963384633
L000207,2026-05-05 17:47:00,C0008,Clean Electronics Vietnam,Pharmaceutical,Binh Duong,Google Ads,MC002,P001,Stock Check,50-249,1,65,1,0,Under Review,7,E101,Disqualified,Not ICP,10410000.0,clean13@company.vn,0941922675
L000208,2026-05-05 13:38:00,C0018,Solutions Health Vietnam,Cleanroom Contractor,Hanoi,Google Ads,MC002,P001,Technical Inquiry,250-999,2,64,0,0,Approved,90,E101,Qualified,No Budget,27260000.0,solutions14@company.vn,0989955263
L000209,2026-05-07 16:00:00,C0034,Green Lab Co Ltd,Medical Device,Da Nang,google ppc,MC002,P022,Product Recommendation,50-249,3,71,0,0,Unknown,30,E102,Qualified,Price,100400000.0,green15@company.vn,0979181721
L000210,2026-05-07 12:13:00,C0023, Bio Precision JSC  ,Electronics,Dong Nai,Google Ads,MC002,P026,Product Recommendation,50-249,3,87,0,1,Approved,90,E103,Disqualified,No Budget,145620000.0,,0999566043
L000211,2026-05-08 17:55:00,C0075,Nova Electronics Vietnam,Laboratory,DongNai,Google Ads,MC002,P003,Sample Request,10-49,1,88,0,0,Under Review,30,E103,Qualified,Specification,19420000.0,nova17@company.vn,0925681452
L000212,2026-05-15 11:50:00,C0103,Vietnam Health Vietnam,Industrial Manufacturing,Dong Nai,Google Ads,MC002,P006,Sample Request,1000+,4,43,1,0,Unknown,60,E101,Disqualified,Not ICP,49470000.0,vietnam18@company.vn,0996028454
L000213,2026-05-15 14:36:00,C0018,Solutions Health Vietnam,Cleanroom Contractor,Ha Noi,Google Ads,MC002,P006,Sample Request,250-999,1,68,0,0,Approved,14,E101,Won,,33750000.0,solutions19@company.vn,0927474320
L000214,2026-05-18 16:24:00,C0107,Solutions Lab JSC,Laboratory,Long An,Google Ads,MC002,P010,Sample Request,50-249,3,98,1,0,No Budget,90,E101,Disqualified,Not ICP,14480000.0,,0923903028
L000215,2026/05/20 16:34,C0002,Scientific Advanced Vietnam,Food & Beverage,Hanoi,Google Ads,MC002,P001,Stock Check,1000+,3,85,0,1,No Budget,30,E103,Won,,61980000.0,scientific21@company.vn,0953236468
L000216,2026-05-20 09:09:00,C0161,Asia Bio Vietnam,Trading Company,Da Nang,Google Ads,MC002,P005,Stock Check,50-249,1,57,1,0,Approved,60,E101,Qualified,Price,12000000.0,asia22@company.vn,0996040734
L000217,2026-05-30 15:56:00,C0082,Health Tech Vietnam,Electronics,Ha Noi,Google Ads,MC002,P003,Technical Inquiry,1000+,5,89,0,0,No Budget,180,E102,Qualified,Specification,40790000.0,health23@company.vn,0955048626
L000218,2026-06-01 10:04:00,C0141,Solutions Green Factory,Medical Device,Da Nang,Google Ads,MC002,P032,Product Recommendation,250-999,4,59,1,0,Unknown,180,E102,Quoted,No Response,789440000.0,solutions24@company.vn,0958627845
L000219,2026-06-04 08:53:00,C0070,Nova Green JSC,Medical Device,Binh Duong,Google Ads,MC002,P001,Stock Check,10-49,4,75,0,1,Unknown,90,E101,Qualified,Specification,10820000.0,nova25@company.vn,0922271480
L000220,2026-06-19 09:14:00,C0017,Advanced Vietnam Co Ltd,Medical Device,Dong Nai,Paid Search,MC002,P026,Price Request,50-249,6,84,1,0,Unknown,14,E101,Disqualified,Student/Research,166000000.0,advanced26@company.vn,0956016810
L000221,2026-06-25 13:06:00,C0014,Clean Health Vietnam,Pharmaceutical,Bac Ninh,Google Ads,MC002,P001,Product Recommendation,50-249,6,85,0,0,Approved,30,E101,Disqualified,Outside Scope,30340000.0,clean27@company.vn,
L000222,2026-06-25 08:41:00,C0006,Lab Industrial JSC,Pharmaceutical,Ho Chi Minh City,Google Ads,MC002,P024,Product Recommendation,50-249,1,37,0,0,Unknown,14,E101,Quoted,Project Delayed,73830000.0,lab28@company.vn,0916352811
L000223,2026-06-26 12:30:00,C0020,Health Nova Co Ltd,Manufacturing,DongNai,Google Ads,MC002,P001,Sample Request,50-249,4,89,0,0,Unknown,30,E101,Won,,14830000.0,health29@company.vn,0931427558
L000224,2026-06-29 11:16:00,C0001, Green Asia Vietnam  ,Food & Beverage,Ho Chi Minh City,Google Ads,MC002,P025,Sample Request,50-249,1,61,0,0,No Budget,60,E103,Quoted,No Response,191960000.0,green30@company.vn,0989328413
L000225,2026-07-02 08:42:00,C0026,Precision Lab JSC,Trading Company,Dong Nai,GAds,MC002,P002,Sample Request,50-249,1,78,0,0,No Budget,30,E103,Disqualified,No Response,23620000.0,precision31@company.vn,0933240919
L000226,2026-07-06 10:55:00,C0081,Bio Precision Co Ltd,Electronics,BinhDuong,Google Ads,MC002,P003,Technical Inquiry,250-999,2,56,1,0,Approved,90,E101,Won,,10350000.0,bio32@company.vn,0937637076
L000227,2026-07-08 12:27:00,C0018,Solutions Health Vietnam,Cleanroom Contractor,Hanoi,Google Ads,MC002,P025,Price Request,250-999,6,91,0,0,Approved,7,E103,Disqualified,No Response,243400000.0,solutions33@company.vn,0970556181
L000228,2026-07-13 15:23:00,C0010,Scientific Industrial Co Ltd,Industrial Manufacturing,Ho Chi Minh City,Google Ads,MC002,P017,Price Request,50-249,2,55,1,0,Unknown,90,E103,Quoted,Competitor,7900000.0,scientific34@company.vn,
L000229,2026-07-15 14:51:00,C0116,Green Bio Co Ltd,Trading Company,Ho Chi Minh City,Google Ads,MC002,P001,Technical Inquiry,10-49,3,72,0,0,Under Review,14,E103,Won,,23460000.0,green35@company.vn,0947960614
L000230,2026-07-15 08:39:00,C0009,Tech Tech Factory,Pharmaceutical,Dong Nai,Google Ads,MC002,P001,Stock Check,50-249,4,64,0,0,Approved,60,E101,Disqualified,Outside Scope,22470000.0,tech36@company.vn,0948600009
L000231,2026-07-21 10:52:00,C0037,Precision Clean Factory,Pharmaceutical,Dong Nai,Google Ads,MC002,P017,Stock Check,50-249,3,92,1,1,Under Review,30,E101,Qualified,No Response,1590000.0,,0922322026
L000232,2026-07-21 09:04:00,C0016,Lab Advanced Co Ltd,Food and Beverage,Dong Nai,Google Ads,MC002,P002,Stock Check,50-249,2,59,0,0,Approved,7,E103,Quoted,Lead Time,14560000.0,lab38@company.vn,0963571178
L000233,2026-07-26 12:33:00,C0086,Clean Vietnam JSC,Medical Device,Binh Duong,Google Ads,MC002,P002,Price Request,50-249,4,69,0,0,Under Review,14,E101,Qualified,Competitor,2310000.0,,0942711115
L000234,2026/07/29 12:49,C0045,Manufacturing Solutions Vietnam,Cleanroom Contractor,Long An,google ppc,MC002,P003,Price Request,250-999,2,68,0,0,No Budget,30,E101,Disqualified,Student/Research,2320000.0,manufacturing40@company.vn,0948265628
L000235,2026-07-30 11:58:00,C0001,Green Asia Vietnam,Food & Beverage,hochiminh city,Google Ads,MC002,P001,Product Recommendation,50-249,4,73,1,0,Approved,30,E102,Qualified,Specification,6710000.0,green41@company.vn,0928533275
L000236,2026-08-01 15:46:00,C0010,Scientific Industrial Co Ltd,Industrial Manufacturing,Ho Chi Minh City,Google Ads,MC002,P001,Price Request,50-249,3,69,0,0,No Budget,60,E103,Quoted,No Budget,21780000.0,scientific42@company.vn,0989025069
L000237,2026-08-03 11:01:00,C0005,Med Asia Vietnam,Industrial Manufacturing,Ho Chi Minh City,Google Ads,MC002,P002,Sample Request,10-49,1,90,0,0,Under Review,60,E102,Disqualified,No Response,22810000.0,med43@company.vn,0921393719
L000238,2026-08-08 16:06:00,C0008,Clean Electronics Vietnam,Pharmaceutical,Binh Duong,Google Ads,MC002,P008,Stock Check,50-249,2,67,1,0,No Budget,60,E101,Disqualified,Not ICP,4590000.0,clean44@company.vn,0930294529
L000239,2026-08-10 15:29:00,C0017,Advanced Vietnam Co Ltd,Medical Device,Dong Nai,GAds,MC002,P002,Technical Inquiry,50-249,1,91,0,0,Under Review,30,E102,Won,,14710000.0,advanced45@company.vn,0958255118
L000240,2026-08-10 10:29:00,,Clean Clean Co Ltd,PHARMACEUTICAL,Ho Chi Minh City,Google Ads,MC002,P001,Distributor Inquiry,50-249,2,86,0,0,Under Review,7,E102,Quoted,Project Delayed,14330000.0,clean46@company.vn,0999719033
L000241,2026-08-24 17:22:00,C0042,Bio Health Co Ltd,Pharmaceutical,Ha Noi,Google Ads,MC002,P004,Price Request,50-249,4,75,0,0,Approved,14,E101,Qualified,No Response,7650000.0,bio47@company.vn,0968966693
L000242,2026-08-26 17:17:00,C0096,Green Electronics Factory,Medical Device,dong nai,Paid Search,MC002,P007,Product Recommendation,50-249,3,88,0,0,Approved,180,E102,Qualified,No Budget,2590000.0,green48@company.vn,
L000243,2025-04-19 17:11:00,C0010,Scientific Industrial Co Ltd,Industrial Manufacturing,Ho Chi Minh City,Google Ads,MC003,P003,Technical Inquiry,50-249,1,67,0,0,No Budget,90,E103,Disqualified,No Response,21410000.0,scientific49@company.vn,0972322347
L000244,2025-04-21 09:28:00,C0006,Lab Industrial JSC,Pharmaceutical,Ho Chi Minh City,Google Ads,MC003,P001,Sample Request,50-249,4,85,0,1,Under Review,30,E103,Qualified,Price,13420000.0,lab50@company.vn,0957216914
L000245,2025-04-29 17:36:00,C0005,Med Asia Vietnam,Industrial Manufacturing,Ho Chi Minh City,Google Ads,MC003,P016,Distributor Inquiry,10-49,2,64,1,0,Approved,14,E102,Disqualified,No Budget,11240000.0,med51@company.vn,0922290236
L000246,2025-04-30 17:00:00,C0001,Green Asia Vietnam,Food & Beverage,Ho Chi Minh City,Google Ads,MC003,P001,Sample Request,50-249,1,100,0,0,Approved,14,E101,Disqualified,Not ICP,35070000.0,green52@company.vn,0968005445
L000247,2025-05-02 12:23:00,C0007,Nova Pharma Co Ltd,Medical Device,hochiminh city,Google Ads,MC003,P001,Technical Inquiry,50-249,3,56,0,1,Under Review,60,E102,Won,,35130000.0,nova53@company.vn,0930317844
L000248,2025-05-07 09:18:00,C0115,Health Pharma JSC,Industrial Manufacturing,Binh Duong,Google Ads,MC003,P006,Product Recommendation,250-999,4,63,0,0,Approved,30,E103,Won,,15730000.0,health54@company.vn,0975006940
L000249,2025-05-19 15:23:00,C0004,Vietnam Tech Vietnam,Industrial Manufacturing,Ha Noi,Google Ads,MC003,P023,Sample Request,250-999,1,92,0,0,Approved,180,E102,Qualified,No Budget,156210000.0,,
L000250,2025-05-27 17:54:00,C0162,Solutions Vietnam Factory,Pharmaceutical,Binh Duong,google ppc,MC003,P008,Price Request,50-249,1,73,1,0,Approved,14,E101,Disqualified,Student/Research,14890000.0,solutions56@company.vn,0967834033
L000251,2025-05-28 15:35:00,C0001,Green Asia Vietnam,Food & Beverage,HCMC,Google Ads,MC003,P002,Stock Check,50-249,4,73,1,0,Approved,30,E102,Disqualified,No Budget,7250000.0,green57@company.vn,0910751093
L000252,2025-06-05 12:17:00,C0060,Tech Advanced Factory,Pharmaceutical,Dong Nai,Google Ads,MC003,P004,Stock Check,1000+,5,60,0,0,Under Review,30,E103,Qualified,Price,74910000.0,tech58@company.vn,0914106429
L000253,2025-06-19 14:33:00,C0048,Green Bio Vietnam,Trading Company,Bac Ninh,Google Ads,MC003,P023,Sample Request,50-249,5,83,0,1,Unknown,180,E101,Disqualified,No Response,149380000.0,green59@company.vn,0941435121
L000254,2025-06-19 08:35:00,C0009,Tech Tech Factory,Pharmaceutical,Dong Nai,GAds,MC003,P018,Distributor Inquiry,50-249,4,72,0,0,Under Review,60,E103,Won,,16560000.0,tech60@company.vn,
L000255,2025-06-21 12:09:00,C0178,Bio Lab Vietnam,Medical Device,hochiminh city,Google Ads,MC003,P001,Stock Check,1000+,5,79,0,0,Under Review,90,E102,Disqualified,No Budget,19270000.0,bio61@company.vn,0989919789
L000256,2025-06-27 17:39:00,C0040,Vietnam Asia JSC,Food and Beverage,Ho Chi Minh City,Google Ads,MC003,P002,Product Recommendation,250-999,1,65,0,0,Under Review,14,E101,Qualified,Price,5650000.0,vietnam62@company.vn,0988949853
L000257,2025-07-01 16:01:00,C0002,Scientific Advanced Vietnam,Food & Beverage,Ha Noi,google ppc,MC003,P014,Product Recommendation,1000+,1,92,0,0,Under Review,30,E101,Won,,30990000.0,scientific63@company.vn,0921601323
L000258,2025-07-08 09:32:00,C0082,Health Tech Vietnam,Electronics,Ha Noi,Google Ads,MC003,P022,Technical Inquiry,1000+,1,67,0,0,Unknown,14,E103,Qualified,Competitor,45830000.0,health64@company.vn,0982595628
L000259,2025-07-08 08:54:00,C0079,Manufacturing Lab Factory,Pharmaceutical,Long An,Google Ads,MC003,P008,Price Request,50-249,5,59,1,0,Under Review,30,E102,Qualified,No Budget,18860000.0,manufacturing65@company.vn,0948213152
L000260,2025-07-15 17:22:00,C0060,Tech Advanced Factory,Pharmaceutical,Dong Nai,Google Ads,MC003,P009,Stock Check,1000+,5,81,0,0,Unknown,30,E102,Won,,12590000.0,tech66@company.vn,0945031548
L000261,2025-07-26 12:49:00,C0002,Scientific Advanced Vietnam,Food & Beverage,Ha Noi,Google Ads,MC003,P005,Sample Request,1000+,6,67,1,0,Approved,7,E101,Quoted,No Budget,52620000.0,,0939777591
L000262,2025-07-29 13:46:00,C0134,Health Scientific Vietnam,Medical Device,Ho Chi Minh City,Google Ads,MC003,P009,Product Recommendation,50-249,2,89,0,0,Under Review,30,E101,Qualified,Project Delayed,1920000.0,health68@company.vn,0957451295
L000263,2025-08-02 08:19:00,C0050,Lab Tech Vietnam,Cleanroom Contractor,Ho Chi Minh City,Google Ads,MC003,P001,Sample Request,10-49,2,68,0,0,Approved,90,E103,Quoted,Price,23960000.0,lab69@company.vn,0962084403
L000264,2025-08-07 11:39:00,C9005,Lab Industrial JSC,Pharmaceutical,Ho Chi Minh City,Google Ads,MC003,P002,Technical Inquiry,50-249,3,67,0,0,Under Review,30,E103,Disqualified,Outside Scope,8880000.0,lab70@company.vn,0977086360
L000265,2025-08-11 14:20:00,C0006,Lab Industrial JSC,Pharmaceutical,Ho Chi Minh City,Google Ads,MC003,P008,Price Request,50-249,6,72,0,0,Approved,60,E102,Disqualified,Student/Research,19690000.0,lab71@company.vn,0955428805
L000266,2025-08-13 14:47:00,C0175,Solutions Bio Factory,Pharmaceutical,Ho Chi Minh City,Google Ads,MC003,P002,Distributor Inquiry,1000+,4,75,0,0,Under Review,30,E101,Disqualified,No Budget,30680000.0,solutions72@company.vn,0910024265
L000267,2025-08-13 11:56:00,C0056,Med Scientific Factory,Laboratory,Binh Duong,Google Ads,MC003,P014,Technical Inquiry,1000+,7,75,0,0,Under Review,60,E103,Disqualified,No Budget,26710000.0,med73@company.vn,
L000268,2025-08-17 10:16:00,C0015,Lab Green Co Ltd,Trading Company,Ha Noi,Google Ads,MC003,P026,Price Request,50-249,2,62,1,1,Unknown,14,E103,Disqualified,Not ICP,36110000.0,lab74@company.vn,0986494906
L000269,2025-08-21 13:45:00,C0051,Solutions Bio Factory,Electronic,Ho Chi Minh City,Google Ads,MC003,P001,Sample Request,50-249,2,39,1,1,Approved,14,E101,Disqualified,Student/Research,28410000.0,solutions75@company.vn,0918789225
L000270,2025-08-22 10:21:00,C0004,Vietnam Tech Vietnam,Industrial Manufacturing,HA NOI,Google Ads,MC003,P029,Price Request,250-999,4,56,1,0,Approved,30,E101,Qualified,No Response,341000000.0,vietnam76@company.vn,
L000271,2025-08-22 14:50:00,C0044,Scientific Industrial Factory,Pharmaceutical,BinhDuong,Google Ads,MC003,P017,Stock Check,10-49,3,71,0,0,Under Review,7,E103,Qualified,No Budget,7900000.0,scientific77@company.vn,0977094632
L000272,2025-08-24 09:30:00,C0031,Electronics Vietnam Vietnam,Laboratory,Bac Ninh,Google Ads,MC003,P008,Sample Request,50-249,2,61,0,0,Approved,60,E101,Disqualified,No Budget,15580000.0,electronics78@company.vn,0956642818
L000273,2025-08-25 09:31:00,C0005,Med Asia Vietnam,Industrial Manufacturing,TP.HCM,Google Ads,MC003,P015,Product Recommendation,10-49,3,80,1,1,Approved,30,E102,Won,,5060000.0,med79@company.vn,0939718603
L000274,2025-08-27 14:22:00,C0028,Med Bio JSC,Electronics,Binh Duong,Google Ads,MC003,P002,Price Request,10-49,1,69,1,0,Unknown,30,E101,Qualified,Lead Time,15250000.0,,0924068378
L000275,2025-08-27 15:00:00,C0008,Clean Electronics Vietnam,Pharmaceutical,Binh Duong,Google Ads,MC003,P001,Sample Request,50-249,3,67,0,0,Under Review,60,E102,Disqualified,Not ICP,5940000.0,clean81@company.vn,0985231043
L000276,2025-09-03 12:56:00,C0004,Vietnam Tech Vietnam,Industrial Manufacturing,Ha Noi,Google Ads,MC003,P002,Technical Inquiry,250-999,3,64,0,0,Approved,14,E101,Disqualified,Not ICP,20450000.0,vietnam82@company.vn,0965315190
L000277,2025-09-03 08:36:00,C0079,Manufacturing Lab Factory,Pharmaceutical,Long An,Google ads,MC003,P004,Price Request,50-249,2,65,1,0,No Budget,90,E102,Disqualified,Student/Research,16500000.0,manufacturing83@company.vn,0917296105
L000278,2025-09-09 08:03:00,C0006,Lab Industrial JSC,Pharmaceutical,Ho Chi Minh City,Google Ads,MC003,P013,Distributor Inquiry,50-249,6,52,0,0,Under Review,14,E102,Qualified,Price,3000000.0,lab84@company.vn,0991306672
L000279,2025-09-19 12:45:00,C0017,Advanced Vietnam Co Ltd,Medical Device,Dong Nai,Google Ads,MC003,P001,Technical Inquiry,50-249,7,60,1,0,No Budget,90,E103,Disqualified,Not ICP,30850000.0,advanced85@company.vn,0962910516
L000280,2025-10-03 09:31:00,C0005,Med Asia Vietnam,Manufacturing,Ho Chi Minh City,Google Ads,MC003,P002,Technical Inquiry,10-49,3,99,0,0,Under Review,60,E101,Disqualified,No Response,19720000.0,med86@company.vn,0958744827
L000281,2025-10-05 14:33:00,C0003,Vietnam Green Vietnam,Medical Device,Ho Chi Minh City,Google Ads,MC003,P001,Sample Request,10-49,2,67,1,1,Unknown,60,E103,Won,,33380000.0,vietnam87@company.vn,0994710014
L000282,2025-10-10 08:10:00,C0010,Scientific Industrial Co Ltd,Industrial Manufacturing,Ho Chi Minh City,google ppc,MC003,P003,Price Request,50-249,3,87,0,0,Unknown,90,E101,Quoted,Project Delayed,11790000.0,scientific88@company.vn,
L000283,2025-10-13 11:42:00,C0148,Clean Green JSC,Pharma,Binh Duong,Google Ads,MC003,P001,Product Recommendation,250-999,2,76,0,0,Under Review,60,E103,Disqualified,No Budget,21240000.0,clean89@company.vn,0948667057
L000284,2025-10-22 08:34:00,C0005,Med Asia Vietnam,Industrial Manufacturing,Ho Chi Minh City,Google Ads,MC003,P001,Sample Request,10-49,2,58,1,0,Under Review,30,E103,Quoted,Price,29840000.0,med90@company.vn,0973025102
L000285,2025-11-06 12:39:00,C0171,Manufacturing Precision Factory,Trading Company,Dong Nai,Paid Search,MC003,P026,Sample Request,10-49,5,56,1,0,Approved,30,E101,Qualified,Lead Time,71680000.0,manufacturing91@company.vn,0911864795
L000286,2025-11-11 09:03:00,C0036,Scientific Advanced Vietnam,Pharmaceutical,Dong Nai,Google Ads,MC003,P001,Sample Request,50-249,3,100,0,1,Under Review,90,E101,Won,,13500000.0,scientific92@company.vn,0986914926
L000287,2025-11-13 10:08:00,,Clean Health Vietnam,Pharmaceutical,Bac Ninh,Google Ads,MC003,P001,Price Request,50-249,3,85,0,1,Approved,7,E101,Disqualified,Outside Scope,31910000.0,clean93@company.vn,0978991302
L000288,2025-11-26 17:47:00,,Vietnam Precision Factory,Medical Device,Ho Chi Minh City,Google Ads,MC003,P001,Price Request,10-49,4,87,1,0,Approved,30,E101,Qualified,Price,8620000.0,,0923642883
L000289,2025-11-28 16:20:00,C0091,Advanced Lab Factory,Food & Beverage,Dong Nai,Google Ads,MC003,P005,Technical Inquiry,1000+,1,69,0,1,No Budget,30,E103,Qualified,Competitor,39300000.0,advanced95@company.vn,0975790164
L000290,2025-12-05 15:13:00,C0091,Advanced Lab Factory,Food & Beverage,DongNai,Google Ads,MC003,P013,Sample Request,1000+,6,52,1,0,Approved,30,E101,Disqualified,No Budget,33450000.0,advanced96@company.vn,0953446349
L000291,2025-12-09 13:04:00,C0041,Solutions Industrial Factory,Pharmaceutical,Ho Chi Minh City,Google Ads,MC003,P001,Stock Check,50-249,1,65,0,0,Under Review,180,E103,Disqualified,Not ICP,20080000.0,solutions0@company.vn,0988938704
L000292,2025-12-15 17:35:00,C0005,Med Asia Vietnam,Industrial Manufacturing,Ho Chi Minh City,Google Ads,MC003,P001,Price Request,10-49,4,50,1,0,Unknown,30,E102,Disqualified,No Response,22000000.0,med1@company.vn,0957243141
L000293,2025-12-15 15:48:00,C0074,Green Asia Co Ltd,Medical Device,Long An,Google Ads,MC003,P002,Distributor Inquiry,10-49,3,51,0,0,Unknown,90,E101,Won,,16470000.0,green2@company.vn,0978600848
L000294,2025-12-16 16:55:00,C0020,Health Nova Co Ltd,Industrial Mfg,Dong Nai,Google Ads,MC003,P001,Sample Request,50-249,3,94,1,0,Approved,90,E102,Disqualified,Not ICP,33910000.0,health3@company.vn,0935267932
L000295,2025-12-20 12:25:00,C0004,Vietnam Tech Vietnam,Industrial Manufacturing,Ha Noi,Google Ads,MC003,P012,Stock Check,250-999,5,52,1,0,Approved,180,E102,Disqualified,Not ICP,19870000.0,vietnam4@company.vn,0945588951
L000296,2025-12-26 12:07:00,C0009,Tech Tech Factory,Pharmaceutical,Dong Nai,Google Ads,MC003,P002,Stock Check,50-249,6,60,0,0,Unknown,60,E101,Qualified,Specification,17080000.0,,0960378991
L000297,2025-12-31 16:11:00,C0002,Scientific Advanced Vietnam,Food & Beverage,Ha Noi,Google Ads,MC003,P023,Technical Inquiry,1000+,6,57,0,0,Approved,14,E101,Quoted,Lead Time,287730000.0,scientific6@company.vn,0934182643
L000298,2026-01-11 15:09:00,C0001,Green Asia Vietnam,Food & Beverage,TP.HCM,Google Ads,MC003,P004,Stock Check,50-249,3,75,0,0,Unknown,90,E103,Quoted,Price,8640000.0,green7@company.vn,0970252772
L000299,2026-01-12 10:19:00,C0035,Pharma Scientific Vietnam,Pharmaceutical,Ho Chi Minh City,Google Ads,MC003,P002,Stock Check,1000+,7,83,1,0,Approved,60,E102,Quoted,No Budget,9250000.0,pharma8@company.vn,0929258908
L000300,2026-01-16 14:42:00,C0095,Green Nova Co Ltd,Cleanroom contractor,Binh Duong,Google Ads,MC003,P023,Distributor Inquiry,10-49,2,41,1,0,Approved,30,E102,Won,,162590000.0,green9@company.vn,0988182283
L000301,2026-01-19 13:05:00,C0008,Clean Electronics Vietnam,pharmaceutical,Binh Duong,Google Ads,MC003,P004,Product Recommendation,50-249,1,51,0,1,Unknown,90,E102,Quoted,No Budget,5050000.0,clean10@company.vn,0931918898
L000302,2026-01-20 10:11:00,C0024,Green Scientific JSC,pharmaceutical,Bac Ninh,Google Ads,MC003,P013,Sample Request,50-249,4,76,0,0,Unknown,14,E101,Quoted,No Budget,7410000.0,green11@company.vn,0940557480
L000303,2026-01-23 10:39:00,C0007,Nova Pharma Co Ltd,Medical Device,Ho Chi Minh City,Google Ads,MC003,P006,Product Recommendation,50-249,5,90,0,0,Unknown,30,E102,Quoted,Lead Time,31270000.0,nova12@company.vn,0970203853
L000304,2026-02-20 12:27:00,C0014,Clean Health Vietnam,Pharmaceutical,Bac Ninh,Google Ads,MC003,P002,Product Recommendation,50-249,2,82,1,0,Approved,30,E103,Disqualified,No Response,20880000.0,clean13@company.vn,0948890798
L000305,2026-03-09 17:44:00,C0133,Advanced Bio Co Ltd,Medical Device,Da Nang,Google Ads,MC003,P022,Price Request,50-249,4,63,0,0,Under Review,90,E101,Qualified,Specification,48170000.0,advanced14@company.vn,0969941095
L000306,2026-03-09 11:54:00,C0119,Lab Electronics Vietnam,Food & Beverage,Ho Chi Minh City,Google Ads,MC003,P001,Technical Inquiry,50-249,1,67,0,0,Unknown,60,E101,Qualified,Price,9950000.0,lab15@company.vn,0969903751
L000307,2026-03-09 08:04:00,C0007,Nova Pharma Co Ltd,Medical Device,Ho Chi Minh City,Google Ads,MC003,P003,Product Recommendation,50-249,4,69,0,1,Approved,180,E101,Disqualified,Not ICP,17290000.0,nova16@company.vn,0930223138
L000308,2026-03-12 13:50:00,C0050,Lab Tech Vietnam,Cleanroom Contractor,Ho Chi Minh City,Google Ads,MC003,P001,Price Request,10-49,2,67,0,0,Approved,60,E101,Quoted,Price,33200000.0,lab17@company.vn,0971163096
L000309,2026-03-13 14:16:00,C0037,Precision Clean Factory,Pharmaceutical,Dong Nai,Google Ads,MC003,P002,Distributor Inquiry,50-249,1,78,0,0,Approved,90,E103,Qualified,Competitor,21720000.0,precision18@company.vn,0949982623
L000310,2026-03-16 09:30:00,C0026,Precision Lab JSC,Trading Company,Dong Nai,Google Ads,MC003,P001,Sample Request,50-249,1,68,1,0,Under Review,90,E103,Disqualified,No Response,9510000.0,precision19@company.vn,0924344046
L000311,2026-03-20 15:33:00,C0007,Nova Pharma Co Ltd,Medical Device,Ho Chi Minh City,Google Ads,MC003,P003,Price Request,50-249,3,80,0,0,Unknown,14,E102,Disqualified,No Budget,18910000.0,nova20@company.vn,0972671665
L000312,2026-03-23 16:27:00,C0051,Solutions Bio Factory,Electronics,Ho Chi Minh City,Google ads,MC003,P001,Distributor Inquiry,50-249,2,73,1,0,Under Review,90,E102,Qualified,Price,34700000.0,solutions21@company.vn,0939221789
L000313,2026-03-27 17:22:00,C0012,Industrial Solutions JSC,Trading Company,TP.HCM,Google Ads,MC003,P012,Sample Request,50-249,2,82,0,1,Under Review,14,E103,Disqualified,No Response,6830000.0,industrial22@company.vn,0912374338
L000314,2026-03-29 14:07:00,C0095,Green Nova Co Ltd,Cleanroom Contractor,Binh Duong,Paid Search,MC003,P026,Technical Inquiry,10-49,4,43,0,0,Approved,90,E102,Disqualified,Not ICP,47730000.0,green23@company.vn,0997548978
L000315,2026-04-02 11:38:00,C9053,Clean Scientific Factory,Electronics,Dong Nai,Google Ads,MC003,P008,Price Request,250-999,2,59,0,0,Unknown,14,E103,Qualified,No Response,16200000.0,clean24@company.vn,0914132374
L000316,2026-04-03 08:12:00,C0016,Lab Advanced Co Ltd,Food & Beverage,Dong Nai,Google Ads,MC003,P006,Sample Request,50-249,1,52,0,0,Unknown,90,E103,Quoted,Price,9820000.0,,0930308415
L000317,2026-04-03 14:55:00,C0129,Lab Solutions Vietnam,Trading Company,hochiminh city,Google Ads,MC003,P001,Stock Check,1000+,1,62,1,0,Unknown,90,E102,Quoted,No Response,51470000.0,lab26@company.vn,0940484135
L000318,2026-04-03 14:00:00,C0001,Green Asia Vietnam,Food & Beverage,hochiminh city,Google Ads,MC003,P001,Price Request,50-249,4,59,0,0,Unknown,60,E103,Disqualified,Outside Scope,11960000.0,green27@company.vn,
L000319,2026-04-06 14:38:00,C0003,Vietnam Green Vietnam,Medical Device,Ho Chi Minh City,Google Ads,MC003,P019,Technical Inquiry,10-49,2,70,0,0,Under Review,7,E103,Disqualified,Student/Research,10620000.0,vietnam28@company.vn,0928349595
L000320,11/04/2026 14:49,C0115, Health Pharma JSC  ,Industrial Manufacturing,Binh Duong,Google Ads,MC003,P005,Price Request,250-999,3,74,0,0,Approved,7,E102,Qualified,Lead Time,7570000.0,health29@company.vn,0988811169
L000321,2026-04-15 12:25:00,C0099,Industrial Nova Vietnam,Trading Company,BacNinh,Google Ads,MC003,P022,Price Request,10-49,1,82,1,0,Unknown,30,E102,Qualified,Lead Time,57650000.0,industrial30@company.vn,0953560145
L000322,2026-04-18 11:52:00,C0108,Lab Vietnam Factory,Medical Device,Binh Duong,Google Ads,MC003,P007,Sample Request,10-49,1,57,1,0,Under Review,60,E101,Disqualified,No Response,1400000.0,lab31@company.vn,0995808257
L000323,2026-04-21 17:20:00,C0008,Clean Electronics Vietnam,Pharmaceutical,Binh Duong,Google Ads,MC003,P023,Distributor Inquiry,50-249,4,71,1,1,Under Review,60,E101,Qualified,Project Delayed,188610000.0,clean32@company.vn,0998122660
L000324,2026-04-24 11:33:00,C0005,Med Asia Vietnam,Industrial Manufacturing,Ho Chi Minh City,Google Ads,MC003,P001,Distributor Inquiry,10-49,1,64,0,1,Unknown,7,E102,Qualified,No Budget,5290000.0,med33@company.vn,
L000325,2026-04-27 13:19:00,,Nova Industrial Factory,Electronics,Hai Phong,google ppc,MC003,P007,Technical Inquiry,50-249,1,75,0,0,Approved,60,E103,Disqualified,Outside Scope,9370000.0,nova34@company.vn,0997149409
L000326,2026-05-02 12:38:00,C0023,Bio Precision JSC,Electronics,Dong Nai,Google Ads,MC003,P024,Price Request,50-249,3,84,0,0,Unknown,90,E103,Disqualified,No Budget,145330000.0,bio35@company.vn,0995970476
L000327,2026-05-14 17:19:00,C0110,Green Industrial Co Ltd,Pharmaceutical,Binh Duong,Google Ads,MC003,P001,Distributor Inquiry,1000+,3,83,0,0,No Budget,14,E102,Disqualified,Not ICP,32930000.0,green36@company.vn,0952506367
L000328,2026-05-17 10:54:00,C0001,Green Asia Vietnam,Food & Beverage,Ho Chi Minh City,Google Ads,MC003,P006,Distributor Inquiry,50-249,7,60,1,1,Approved,60,E101,Disqualified,No Budget,21690000.0,green37@company.vn,0945111212
L000329,2026-05-19 16:04:00,C0180,Industrial Nova JSC,Pharmaceutical,Can Tho,Google Ads,MC003,P003,Product Recommendation,50-249,4,84,1,0,Approved,30,E102,Quoted,No Response,11950000.0,industrial38@company.vn,0945630454
L000330,2026-05-27 12:05:00,C0040,Vietnam Asia JSC,Food & Beverage,Ho Chi Minh City,Google Ads,MC003,P005,Price Request,250-999,2,79,0,0,Under Review,60,E102,Disqualified,Not ICP,4240000.0,vietnam39@company.vn,0973614726
L000331,2026-05-28 14:26:00,C0008,Clean Electronics Vietnam,Pharmaceutical,Binh Duong,Google Ads,MC003,P010,Product Recommendation,50-249,7,79,0,0,Approved,30,E102,Quoted,Competitor,15350000.0,clean40@company.vn,0947781382
L000332,2026-06-03 10:20:00,C0006,Lab Industrial JSC,pharmaceutical,Ho Chi Minh City,Paid Search,MC003,P001,Sample Request,50-249,2,59,1,0,Unknown,7,E103,Qualified,Competitor,3220000.0,lab41@company.vn,0949436518
L000333,2026-06-05 16:06:00,C0004,Vietnam Tech Vietnam,Industrial Manufacturing,HA NOI,Google Ads,MC003,P004,Price Request,250-999,6,92,0,0,Approved,14,E103,Quoted,No Response,18350000.0,,0977516833
L000334,2026-06-11 15:54:00,C0070,Nova Green JSC,Medical Device,Binh Duong,Google Ads,MC003,P005,Price Request,10-49,2,73,0,1,Unknown,14,E101,Quoted,Price,20660000.0,nova43@company.vn,0942218003
L000335,2026-06-12 17:09:00,C0002,Scientific Advanced Vietnam,F&B,Ha Noi,Google ads,MC003,P002,Technical Inquiry,1000+,4,73,0,0,Approved,90,E103,Disqualified,Not ICP,12940000.0,scientific44@company.vn,0974844364
L000336,2026-06-13 15:02:00,C0014,Clean Health Vietnam,Pharmaceutical,Bac Ninh,Google Ads,MC003,P003,Stock Check,50-249,2,72,0,0,Approved,30,E101,Won,No Budget,12560000.0,clean45@company.vn,0965216721
L000337,2026-06-15 11:12:00,C0013,Green Bio Vietnam,Trading Company,Binh Duong,Paid Search,MC003,P005,Distributor Inquiry,1000+,2,100,0,0,Approved,60,E102,Won,,28150000.0,green46@company.vn,
L000338,2026-06-17 11:15:00,,Pharma Scientific Vietnam,Pharmaceutical,Ho Chi Minh City,Google Ads,MC003,P001,Product Recommendation,1000+,4,82,0,0,Unknown,90,E102,Won,,41310000.0,pharma47@company.vn,0977941470
L000339,2026-06-18 09:29:00,C0129,Lab Solutions Vietnam,Trading Company,Ho Chi Minh City,Google Ads,MC003,P001,Price Request,1000+,4,56,1,0,Approved,14,E103,Disqualified,No Response,53070000.0,,0979336319
L000340,2026-06-20 11:06:00,C0047,Advanced Nova Factory,Medical Device,Ho Chi Minh City,Google Ads,MC003,P003,Distributor Inquiry,10-49,1,91,1,1,Under Review,30,E101,Quoted,Competitor,9780000.0,advanced49@company.vn,0961551740
L000341,2026-06-23 09:52:00,C0004,Vietnam Tech Vietnam,Manufacturing,Ha Noi,Google Ads,MC003,P001,Stock Check,250-999,6,65,1,1,Unknown,180,E101,Disqualified,No Budget,5530000.0,vietnam50@company.vn,0962882356
L000342,2026-06-24 09:22:00,C0015,Lab Green Co Ltd,Trading Company,Ha Noi,google ppc,MC003,P001,Distributor Inquiry,50-249,6,72,0,0,Approved,30,E102,Disqualified,No Response,17140000.0,lab51@company.vn,0983317690
L000343,2026-07-01 16:03:00,C0012,Industrial Solutions JSC,Trading Company,Ho Chi Minh City,Google Ads,MC003,P007,Product Recommendation,50-249,4,80,1,0,Unknown,90,E101,Qualified,Price,1060000.0,,
L000344,2025-01-05 12:09:00,C0043,Health Med Vietnam,Food & Beverage,Long An,Organic Search,MC004,P016,Sample Request,50-249,5,99,0,0,No Budget,30,E103,Disqualified,No Budget,12860000.0,health53@company.vn,0915459661
L000345,2025-01-15 08:44:00,C0039,Tech Health Co Ltd,Electronics,HCMC,Organic Search,MC004,P015,Product Recommendation,1000+,2,82,0,1,Under Review,60,E103,Qualified,Price,8310000.0,tech54@company.vn,0997847671
L000346,2025-01-28 11:13:00,C0009,Tech Tech Factory,Pharmaceutical,Dong Nai,Organic Search,MC004,P011,Distributor Inquiry,50-249,5,82,1,0,Approved,30,E101,Won,,1650000.0,tech55@company.vn,0973045730
L000347,2025-01-29 08:01:00,C0004,Vietnam Tech Vietnam,Industrial Manufacturing,Ha Noi,Organic Search,MC004,P005,Price Request,250-999,3,75,0,0,Approved,30,E103,Qualified,Price,16860000.0,vietnam56@company.vn,0928132723
L000348,2025-01-30 08:01:00,C0036,Scientific Advanced Vietnam,Pharmaceutical,Dong Nai,Organic Search,MC004,P001,Price Request,50-249,7,74,0,0,Unknown,60,E102,Disqualified,Outside Scope,34550000.0,scientific57@company.vn,0923189196
L000349,2025-02-21 14:15:00,C0002,Scientific Advanced Vietnam,Food & Beverage,Ha Noi,Organic Search,MC004,P005,Stock Check,1000+,5,89,0,0,Under Review,30,E103,Won,,19120000.0,scientific58@company.vn,
L000350,2025-02-22 12:04:00,C0001,Green Asia Vietnam,Food & Beverage,Ho Chi Minh City,organic,MC004,P004,Product Recommendation,50-249,2,58,0,0,Unknown,90,E103,Disqualified,No Response,13940000.0,green59@company.vn,0932616611
L000351,2025-02-23 10:48:00,C0001,Green Asia Vietnam,Food and Beverage,Ho Chi Minh City,Organic Search,MC004,P004,Price Request,50-249,4,92,1,0,Unknown,7,E101,Quoted,No Response,4860000.0,green60@company.vn,0956950465
L000352,2025-02-25 08:30:00,C0002,Scientific Advanced Vietnam,Food and Beverage,Ha Noi,Organic Search,MC004,P002,Technical Inquiry,1000+,3,88,1,0,Unknown,60,E103,Won,,19450000.0,scientific61@company.vn,0984461866
L000353,2025-03-03 14:48:00,C9005,Lab Industrial JSC,Pharmaceutical,Ho Chi Minh City,Organic Search,MC004,P002,Product Recommendation,50-249,4,75,0,0,Approved,180,E103,Disqualified,Not ICP,22920000.0,lab62@company.vn,0981644162
L000354,2025-03-21 13:36:00,C0004,Vietnam Tech Vietnam,Industrial Manufacturing,Ha Noi,Organic Search,MC004,P006,Technical Inquiry,250-999,5,77,0,0,Unknown,180,E101,Quoted,No Response,16960000.0,vietnam63@company.vn,0993400843
L000355,2025-03-21 16:49:00,C0003,Vietnam Green Vietnam,Medical Devices,Ho Chi Minh City,Organic Search,MC004,P003,Distributor Inquiry,10-49,3,50,0,0,Unknown,14,E101,Qualified,Project Delayed,21300000.0,vietnam64@company.vn,0939530251
L000356,2025-03-26 08:10:00,C0012,Industrial Solutions JSC,Trading,Ho Chi Minh City,Organic Search,MC004,P001,Stock Check,50-249,4,67,0,0,Under Review,30,E103,Disqualified,Not ICP,30480000.0,industrial65@company.vn,0910502698
L000357,2025-04-03 08:07:00,C0143,Bio Bio JSC,Medical Device,Binh Duong,SEO,MC004,P001,Stock Check,50-249,2,69,1,0,Unknown,180,E103,Disqualified,Not ICP,6070000.0,bio66@company.vn,0928120351
L000358,2025-04-19 17:58:00,C0013,Green Bio Vietnam,Trading Company,Binh Duong,Organic Search,MC004,P008,Product Recommendation,1000+,6,49,0,1,Under Review,90,E102,Disqualified,Not ICP,25800000.0,green67@company.vn,0961668667
L000359,2025-06-27 13:40:00,C0008,Clean Electronics Vietnam,Pharmaceutical,Binh Duong,Organic Search,MC004,P026,Stock Check,50-249,1,42,1,0,Under Review,30,E103,Won,,302170000.0,clean68@company.vn,0954507029
L000360,2025-07-16 15:05:00,C0002,Scientific Advanced Vietnam,Food & Beverage,Ha Noi,Organic Search,MC004,P011,Distributor Inquiry,1000+,4,77,1,0,Under Review,90,E102,Won,,28950000.0,scientific69@company.vn,0961731187
L000361,2025-08-10 11:48:00,C0041,Solutions Industrial Factory,Pharmaceutical,Ho Chi Minh City,Organic Search,MC004,P001,Price Request,50-249,4,83,0,0,Under Review,60,E103,Disqualified,Not ICP,16730000.0,solutions70@company.vn,0921051937
L000362,2025-08-17 12:47:00,C0001,Green Asia Vietnam,Food & Beverage,Ho Chi Minh City,Organic Search,MC004,P026,Stock Check,50-249,4,78,0,0,No Budget,60,E101,Qualified,Project Delayed,117230000.0,green71@company.vn,
L000363,2025-08-21 14:39:00,C0001,Green Asia Vietnam,Food & Beverage,Ho Chi Minh City,Organic Search,MC004,P010,Price Request,50-249,4,68,0,1,Approved,14,E101,Won,,17190000.0,green72@company.vn,0993404837
L000364,2025-08-26 14:17:00,C0011,Asia Vietnam JSC,Pharmaceutical,Ho Chi Minh,Organic Search,MC004,P001,Distributor Inquiry,250-999,1,100,0,0,No Budget,14,E102,Quoted,Price,34050000.0,asia73@company.vn,0961842585
L000365,2025-08-27 12:58:00,C0001,Green Asia Vietnam,Food & Beverage,Ho Chi Minh City,Organic Search,MC004,P025,Sample Request,50-249,1,86,1,0,Unknown,60,E101,Won,,77950000.0,green74@company.vn,0942201814
L000366,2025-09-07 09:49:00,C0001,Green Asia Vietnam,Food & Beverage,Ho Chi Minh City,Organic search,MC004,P024,Technical Inquiry,50-249,3,91,0,0,Approved,90,E103,Won,,213630000.0,green75@company.vn,0998011610
L000367,2025-09-11 11:29:00,C0006,Lab Industrial JSC,Pharmaceutical,TP.HCM,Organic Search,MC004,P003,Technical Inquiry,50-249,1,86,0,0,Unknown,30,E102,Quoted,Project Delayed,3360000.0,lab76@company.vn,0940616523
L000368,2025-09-18 17:36:00,C0031,Electronics Vietnam Vietnam,Laboratory,BacNinh,Organic Search,MC004,P005,Product Recommendation,50-249,7,88,1,0,Under Review,60,E101,Disqualified,No Response,35390000.0,electronics77@company.vn,0930220961
L000369,2025-09-23 12:19:00,C0108,Lab Vietnam Factory,Medical Devices,Binh Duong,Organic Search,MC004,P032,Price Request,10-49,5,100,1,0,Unknown,30,E103,Won,,444830000.0,lab78@company.vn,0969158641
L000370,2025-10-17 10:13:00,C0001,Green Asia Vietnam,Food & Beverage,Ho Chi Minh City,Organic Search,MC004,P001,Technical Inquiry,50-249,1,94,1,0,Approved,90,E103,Qualified,No Budget,18430000.0,green79@company.vn,0990376198
L000371,2025-10-21 11:43:00,C0009,Tech Tech Factory,pharmaceutical,Dong Nai,Organic Search,MC004,P001,Sample Request,50-249,5,83,0,0,Under Review,30,E103,Qualified,No Response,34510000.0,tech80@company.vn,0972579889
L000372,2025-11-06 13:34:00,C0070,Nova Green JSC,Medical Devices,Binh Duong,Organic search,MC004,P005,Distributor Inquiry,10-49,1,100,0,0,Approved,30,E103,Qualified,Lead Time,34460000.0,nova81@company.vn,0954379522
L000373,2025-11-13 09:41:00,C0113,Vietnam Asia JSC,Pharmaceutical,Dong Nai,Organic Search,MC004,P002,Stock Check,50-249,6,83,0,0,Unknown,60,E103,Disqualified,No Budget,19250000.0,vietnam82@company.vn,0971576516
L000374,2025-11-28 10:56:00,C0010,Scientific Industrial Co Ltd,Industrial Manufacturing,Ho Chi Minh City,Organic Search,MC004,P001,Stock Check,50-249,3,56,1,1,Approved,14,E101,Quoted,No Budget,10530000.0,scientific83@company.vn,0957893505
L000375,2025-12-16 17:55:00,C0032, Bio Industrial Vietnam  ,Industrial Manufacturing,Ho Chi Minh City,Organic Search,MC004,P002,Sample Request,50-249,6,81,0,0,Approved,60,E103,Qualified,Lead Time,5030000.0,bio84@company.vn,0967568106
L000376,2026-01-07 09:50:00,C0001,Green Asia Vietnam,Food & Beverage,Ho Chi Minh City,Organic Search,MC004,P001,Stock Check,50-249,6,47,1,0,Under Review,30,E102,Disqualified,No Budget,33720000.0,green85@company.vn,0977433766
L000377,2026-01-15 13:23:00,C0010,Scientific Industrial Co Ltd,Industrial Manufacturing,Ho Chi Minh City,Organic Search,MC004,P004,Technical Inquiry,50-249,3,93,1,0,Under Review,7,E103,Disqualified,No Budget,21520000.0,scientific86@company.vn,0985310744
L000378,2026-02-17 16:29:00,C0004,Vietnam Tech Vietnam,Industrial Manufacturing,Ha Noi,Organic Search,MC004,P006,Price Request,250-999,5,55,0,1,Approved,60,E101,Qualified,No Budget,12300000.0,vietnam87@company.vn,0936319495
L000379,2026-02-27 08:33:00,C0054,Clean Scientific Factory,Electronics,Dong Nai,Organic Search,MC004,P026,Technical Inquiry,250-999,5,75,0,0,Approved,14,E103,Won,,63550000.0,clean88@company.vn,0988316252
L000380,2026-03-04 17:30:00,C0009,Tech Tech Factory,Pharmaceutical,Dong Nai,Organic Search,MC004,P014,Technical Inquiry,50-249,6,96,0,0,Unknown,30,E101,Quoted,Lead Time,6580000.0,tech89@company.vn,0924258201
L000381,2026-03-07 10:42:00,C0062,Clean Pharma Co Ltd,Trading Company,Ho Chi Minh City,Organic Search,MC004,P001,Sample Request,10-49,5,68,1,0,Under Review,30,E103,Quoted,Lead Time,29770000.0,clean90@company.vn,0912289719
L000382,2026-03-09 16:07:00,C0030,Solutions Bio Vietnam,Medical Device,Long An,Organic Search,MC004,P002,Price Request,10-49,4,86,0,0,Unknown,60,E101,Disqualified,Outside Scope,13740000.0,solutions91@company.vn,0956161308
L000383,2026-03-10 13:20:00,C0017,Advanced Vietnam Co Ltd,Medical Device,Dong Nai,Organic Search,MC004,P001,Sample Request,50-249,6,100,1,0,Under Review,14,E103,Qualified,Specification,21670000.0,advanced92@company.vn,0981286335
L000384,2026-03-18 15:08:00,C0007,Nova Pharma Co Ltd,Medical Device,Ho Chi Minh City,Organic Search,MC004,P002,Distributor Inquiry,50-249,2,73,1,0,Under Review,14,E101,Won,,22860000.0,nova93@company.vn,0987887759
L000385,2026-03-19 12:48:00,C0084,Nova Vietnam JSC,Electronics,Dong Nai,Organic Search,MC004,P016,Price Request,250-999,6,100,1,0,No Budget,30,E102,Quoted,Price,5610000.0,nova94@company.vn,0969032453
L000386,2026-04-03 16:30:00,C0013,Green Bio Vietnam,Trading Company,Binh Duong,Organic Search,MC004,P001,Distributor Inquiry,1000+,3,83,0,0,Approved,60,E102,Won,,41000000.0,green95@company.vn,0913209997
L000387,2026-04-03 17:21:00,C0107,Solutions Lab JSC,Laboratory,Long An,Organic Search,MC004,P001,Product Recommendation,50-249,4,100,0,0,Approved,180,E102,Quoted,Lead Time,29140000.0,solutions96@company.vn,0946179659
L000388,2026-04-03 09:45:00,C0030,Solutions Bio Vietnam,Medical Device,Long An,Organic Search,MC004,P001,Product Recommendation,10-49,3,85,0,0,Unknown,14,E101,Disqualified,No Budget,24040000.0,solutions0@company.vn,0927861305
L000389,2026-04-07 15:54:00,C0039,Tech Health Co Ltd,Electronics,Ho Chi Minh City,Organic Search,MC004,P024,Technical Inquiry,1000+,6,96,0,0,No Budget,60,E102,Disqualified,Student/Research,497820000.0,tech1@company.vn,0939032203
L000390,2026-04-11 09:58:00,C0012,Industrial Solutions JSC,Trading Company,Ho Chi Minh City,Organic Search,MC004,P009,Price Request,50-249,1,66,1,0,Approved,60,E103,Disqualified,No Response,5330000.0,industrial2@company.vn,0990044050
L000391,2026-04-16 08:12:00,C0180,Industrial Nova JSC,Pharmaceutical,Can Tho,Organic Search,MC004,P004,Price Request,50-249,5,70,0,0,Unknown,7,E102,Disqualified,No Response,31110000.0,industrial3@company.vn,0936380892
L000392,2026-05-06 08:49:00,C0035,Pharma Scientific Vietnam,Pharmaceutical,Ho Chi Minh City,Organic Search,MC004,P002,Distributor Inquiry,1000+,3,97,0,0,Under Review,7,E101,Disqualified,Outside Scope,11890000.0,pharma4@company.vn,0943227616
L000393,2026-05-15 08:01:00,C0029,Precision Asia Vietnam,Cleanroom Contractor,Ho Chi Minh City,Organic Search,MC004,P001,Sample Request,10-49,5,100,0,0,Unknown,30,E101,Disqualified,Not ICP,14990000.0,precision5@company.vn,0970254551
L000394,2026-05-16 09:10:00,C0008,Clean Electronics Vietnam,Pharmaceutical,Binh Duong,Organic search,MC004,P001,Distributor Inquiry,50-249,5,100,1,0,No Budget,60,E102,Disqualified,No Response,16820000.0,,0984171444
L000395,2026-05-20 14:15:00,C0002,Scientific Advanced Vietnam,Food & Beverage,Ha Noi,Organic Search,MC004,P001,Product Recommendation,1000+,2,99,0,0,Unknown,90,E101,Disqualified,No Response,40720000.0,scientific7@company.vn,0942254039
L000396,2026-05-22 16:23:00,C0012,Industrial Solutions JSC,Trading Company,Ho Chi Minh City,SEO,MC004,P003,Distributor Inquiry,50-249,8,100,0,0,No Budget,90,E101,Qualified,No Response,12460000.0,industrial8@company.vn,0968057895
L000397,2026-05-22 09:52:00,C0016,Lab Advanced Co Ltd,Food & Beverage,Dong Nai,Organic Search,MC004,P005,Technical Inquiry,50-249,1,69,0,1,No Budget,30,E103,Qualified,Competitor,29000000.0,lab9@company.vn,0946099698
L000398,2026-05-29 12:41:00,C0007,Nova Pharma Co Ltd,Medical Device,Ho Chi Minh City,Organic Search,MC004,P002,Product Recommendation,50-249,8,72,0,0,Approved,60,E101,Quoted,Specification,14510000.0,,0963486892
L000399,2026-06-03 16:24:00,C0057,Bio Clean Co Ltd,Pharmaceutical,BINH DUONG,Organic Search,MC004,P005,Distributor Inquiry,50-249,1,80,1,0,Under Review,30,E102,Won,,7910000.0,bio11@company.vn,0969185751
L000400,2026-06-16 11:26:00,C0016,Lab Advanced Co Ltd,Food & Beverage,DongNai,Organic Search,MC004,P021,Distributor Inquiry,50-249,6,74,0,0,Approved,14,E102,Disqualified,Not ICP,4790000.0,lab12@company.vn,0920709550
L000401,2026-06-23 16:11:00,,Electronics Vietnam Vietnam,Laboratory,Bac Ninh,Organic Search,MC004,P001,Sample Request,50-249,4,100,1,0,Unknown,7,E101,Won,,23550000.0,electronics13@company.vn,
L000402,2026-06-27 16:01:00,C0007,Nova Pharma Co Ltd,Medical Device,Ho Chi Minh City,Organic Search,MC004,P001,Distributor Inquiry,50-249,4,81,1,0,Approved,7,E103,Quoted,Lead Time,12600000.0,nova14@company.vn,0960612711
L000403,2026-07-10 13:54:00,C0038,Solutions Manufacturing Co Ltd,Medical Devices,TP.HCM,Organic Search,MC004,P001,Product Recommendation,250-999,4,95,0,0,Unknown,60,E101,Won,,30720000.0,solutions15@company.vn,0963278850
L000404,2026-07-13 17:04:00,C0010,Scientific Industrial Co Ltd,Industrial Manufacturing,Ho Chi Minh City,Organic Search,MC004,P001,Distributor Inquiry,50-249,3,67,0,1,Unknown,60,E103,Quoted,Specification,21350000.0,scientific16@company.vn,0915764335
L000405,2026-07-18 12:53:00,C0080,Industrial Med Factory,Medical Device,Binh Duong,Organic Search,MC004,P004,Technical Inquiry,1000+,5,82,0,0,No Budget,60,E102,Disqualified,No Response,21100000.0,industrial17@company.vn,0930797933
L000406,2026-07-23 12:07:00,C0044,Scientific Industrial Factory,Pharmaceutical,Binh Duong,Organic Search,MC004,P001,Technical Inquiry,10-49,3,94,1,1,Under Review,30,E101,Qualified,Competitor,24150000.0,scientific18@company.vn,0988871869
L000407,2026-07-26 14:48:00,C0005,Med Asia Vietnam,Industrial Manufacturing,Ho Chi Minh City,Organic Search,MC004,P001,Product Recommendation,10-49,1,100,1,0,Unknown,7,E102,Disqualified,No Budget,4780000.0,med19@company.vn,0911376544
L000408,2026-07-27 17:33:00,C0002,Scientific Advanced Vietnam,Food & Beverage,Ha Noi,Organic Search,MC004,P011,Sample Request,1000+,6,94,0,0,Approved,14,E103,Disqualified,Not ICP,22290000.0,scientific20@company.vn,0974207854
L000409,2026-08-06 16:35:00,C0056,Med Scientific Factory,Lab,Binh Duong,Organic Search,MC004,P027,Price Request,1000+,3,92,0,1,Approved,14,E103,Won,,280040000.0,med21@company.vn,0937026732
L000410,2026-08-06 08:54:00,C0026,Precision Lab JSC,Trading Company,Dong Nai,Organic Search,MC004,P003,Stock Check,50-249,3,60,0,0,Approved,14,E103,Quoted,Specification,21800000.0,precision22@company.vn,0962803345
L000411,2026-08-07 15:26:00,C0028,Med Bio JSC,Electronic,Binh Duong,SEO,MC004,P001,Stock Check,10-49,1,87,1,1,Under Review,30,E101,Qualified,Lead Time,28530000.0,med23@company.vn,0961410404
L000412,2026-08-14 12:19:00,C0021,Solutions Clean Factory,Pharmaceutical,Ho Chi Minh City,organic,MC004,P013,Stock Check,10-49,3,85,1,0,Under Review,30,E102,Qualified,Specification,6250000.0,solutions24@company.vn,0928634746
L000413,2026-08-17 16:20:00,C0003,Vietnam Green Vietnam,Medical Device,Ho Chi Minh City,Organic Search,MC004,P021,Stock Check,10-49,5,95,0,0,Under Review,14,E101,Quoted,Project Delayed,4130000.0,vietnam25@company.vn,0915663871
L000414,2026-08-26 11:11:00,C0040,Vietnam Asia JSC,Food & Beverage,Ho Chi Minh City,Organic Search,MC004,P010,Distributor Inquiry,250-999,3,97,0,0,Approved,60,E101,Quoted,Price,2790000.0,vietnam26@company.vn,0946034180
L000415,2025-03-03 17:36:00,,Vietnam Tech Vietnam,Industrial Manufacturing,Ha Noi,SEO,MC005,P001,Technical Inquiry,250-999,5,62,0,0,Unknown,90,E102,Disqualified,Not ICP,5230000.0,,0997555776
L000416,2025-03-10 16:52:00,C0060,Tech Advanced Factory,Pharmaceutical,Dong Nai,Organic Search,MC005,P001,Sample Request,1000+,5,51,0,0,Approved,60,E101,Disqualified,Not ICP,47420000.0,tech28@company.vn,0990911883
L000417,2025-03-27 12:49:00,C0004,Vietnam Tech Vietnam,Industrial Manufacturing,Ha Noi,Organic Search,MC005,P027,Sample Request,250-999,4,66,0,1,Under Review,60,E102,Quoted,No Budget,72880000.0,vietnam29@company.vn,0965004818
L000418,2025-04-07 12:41:00,C0001,Green Asia Vietnam,Food & Beverage,Ho Chi Minh City,Organic Search,MC005,P001,Stock Check,50-249,6,98,0,1,Unknown,60,E102,Qualified,No Budget,15570000.0,green30@company.vn,0982751654
L000419,2025-04-23 12:27:00,C0001,Green Asia Vietnam,Food & Beverage,Ho Chi Minh City,Organic Search,MC005,P021,Price Request,50-249,3,72,1,1,Approved,60,E103,Disqualified,Not ICP,6630000.0,green31@company.vn,0923268156
L000420,2025-04-23 12:30:00,C0056,Med Scientific Factory,Laboratory,Binh Duong,Organic Search,MC005,P001,Distributor Inquiry,1000+,6,66,1,0,Unknown,30,E101,Qualified,Price,49350000.0,med32@company.vn,0970425326
L000421,2025-04-29 09:24:00,C0037,Precision Clean Factory,Pharmaceutical,Dong Nai,Organic Search,MC005,P013,Product Recommendation,50-249,5,100,1,0,Approved,14,E101,Disqualified,No Response,19950000.0,precision33@company.vn,0958020431
L000422,2025-05-01 12:35:00,C0004,Vietnam Tech Vietnam,Industrial Manufacturing,Ha Noi,Organic Search,MC005,P024,Technical Inquiry,250-999,4,87,1,0,Approved,14,E103,Qualified,Project Delayed,33850000.0,vietnam34@company.vn,0957542153
L000423,2025-05-01 14:10:00,C0066,Lab Green Factory,Trading Company,Binh Duong,Organic Search,MC005,P018,Price Request,250-999,3,100,1,0,Approved,60,E101,Won,,9110000.0,lab35@company.vn,0953738114
L000424,2025-05-09 13:45:00,C0105,Nova Industrial Factory,Electronics,Hai Phong,Organic Search,MC005,P001,Price Request,50-249,6,83,0,0,Unknown,60,E103,Qualified,Lead Time,21290000.0,nova36@company.vn,0998021445
L000425,2025-05-15 10:38:00,C0017,Advanced Vietnam Co Ltd,Medical Device,Dong Nai,organic,MC005,P003,Stock Check,50-249,3,73,0,0,Under Review,60,E101,Disqualified,Not ICP,9370000.0,advanced37@company.vn,0966783742
L000426,2025-05-21 10:33:00,C0081,Bio Precision Co Ltd,Electronics,BinhDuong,Organic Search,MC005,P011,Product Recommendation,250-999,8,86,1,0,Under Review,14,E101,Qualified,Competitor,4620000.0,,0941060974
L000427,2025-05-22 10:40:00,C0010,Scientific Industrial Co Ltd,Industrial Manufacturing,Ho Chi Minh City,Organic Search,MC005,P001,Sample Request,50-249,2,89,1,0,Unknown,30,E103,Qualified,Price,24950000.0,scientific39@company.vn,0993405103
L000428,2025-05-26 14:51:00,C0016,Lab Advanced Co Ltd,Food & Beverage,Dong Nai,Organic Search,MC005,P004,Product Recommendation,50-249,3,100,1,0,Under Review,60,E101,Won,,25950000.0,lab40@company.vn,0946263104
L000429,2025-05-27 10:37:00,C0001,Green Asia Vietnam,Food & Beverage,Ho Chi Minh City,Organic Search,MC005,P004,Stock Check,50-249,1,72,1,0,Approved,60,E102,Disqualified,No Budget,35080000.0,green41@company.vn,0990097819
L000430,2025-06-06 16:00:00,C0026,Precision Lab JSC,Trading Company,Dong Nai,Organic Search,MC005,P023,Sample Request,50-249,1,100,0,0,Approved,30,E103,Won,,125000000.0,precision42@company.vn,0961550782
L000431,2025-06-12 10:37:00,C0088,Health Scientific Vietnam,Cleanroom contractor,Ho Chi Minh City,Organic Search,MC005,P021,Distributor Inquiry,250-999,4,76,0,1,Under Review,60,E102,Won,,5660000.0,health43@company.vn,0979344071
L000432,2025-06-24 09:54:00,C0051,Solutions Bio Factory,Electronics,Ho Chi Minh City,Organic Search,MC005,P001,Sample Request,50-249,1,92,0,1,No Budget,180,E102,Qualified,No Budget,18530000.0,solutions44@company.vn,0940790582
L000433,2025-06-24 15:07:00,C0105,Nova Industrial Factory,Electronics,Hai Phong,Organic Search,MC005,P001,Sample Request,50-249,7,53,0,0,Unknown,14,E101,Disqualified,No Budget,33410000.0,nova45@company.vn,0968873248
L000434,2025-07-01 17:16:00,C0036,Scientific Advanced Vietnam,Pharmaceutical,Dong Nai,Organic Search,MC005,P001,Technical Inquiry,50-249,3,57,0,0,Under Review,90,E101,Quoted,Competitor,13290000.0,scientific46@company.vn,0946488368
L000435,2025-07-22 13:38:00,C0011,Asia Vietnam JSC,Pharmaceutical,Ho Chi Minh City,Organic Search,MC005,P007,Price Request,250-999,5,91,0,0,No Budget,60,E103,Quoted,Price,3600000.0,asia47@company.vn,0951707275
L000436,2025-08-01 14:31:00,C0026,Precision Lab JSC,Distributor,Dong Nai,Organic Search,MC005,P001,Distributor Inquiry,50-249,5,75,0,0,Approved,7,E102,Disqualified,No Budget,5570000.0,precision48@company.vn,0998618487
L000437,2025-09-09 16:28:00,C0002,Scientific Advanced Vietnam,Food & Beverage,Ha Noi,Organic Search,MC005,P018,Technical Inquiry,1000+,3,67,1,0,No Budget,90,E101,Disqualified,Not ICP,4870000.0,scientific49@company.vn,0964146927
L000438,2025-09-23 09:07:00,C0113,Vietnam Asia JSC,Pharmaceutical,Dong Nai,Organic Search,MC005,P006,Price Request,50-249,7,72,0,0,No Budget,30,E101,Quoted,Competitor,4310000.0,vietnam50@company.vn,0997071706
L000439,2025-09-25 16:30:00,C0086,Clean Vietnam JSC,Medical Device,Binh Duong,organic,MC005,P004,Price Request,50-249,2,91,1,0,Under Review,30,E102,Qualified,Lead Time,20310000.0,clean51@company.vn,0950161792
L000440,2025-10-04 11:27:00,,Bio Precision JSC,Electronics,Dong Nai,Organic Search,MC005,P003,Price Request,50-249,3,79,1,0,Under Review,60,E101,Disqualified,Outside Scope,7520000.0,bio52@company.vn,0936071349
L000441,2025-10-21 11:30:00,C0002,Scientific Advanced Vietnam,Food & Beverage,Ha Noi,Organic Search,MC005,P001,Price Request,1000+,5,71,0,1,Approved,30,E101,Won,,37530000.0,scientific53@company.vn,0913385893
L000442,2025-10-24 10:15:00,C0126,Precision Industrial Co Ltd,Medical Device,Ho Chi Minh City,Organic Search,MC005,P001,Distributor Inquiry,250-999,6,74,1,0,Approved,14,E101,Disqualified,No Response,23820000.0,precision54@company.vn,0929711826
L000443,2025-10-27 15:22:00,C0097,Vietnam Scientific Vietnam,Industrial Manufacturing,Dong Nai,Organic Search,MC005,P005,Distributor Inquiry,1000+,2,98,1,1,Approved,14,E101,Won,,46670000.0,vietnam55@company.vn,0922648777
L000444,2025-11-09 16:08:00,,Clean Health Vietnam,Pharmaceutical,Bac Ninh,Organic Search,MC005,P001,Distributor Inquiry,50-249,2,86,1,0,Approved,30,E102,Qualified,Lead Time,17100000.0,clean56@company.vn,0981547862
L000445,2025-11-18 17:44:00,C0001,Green Asia Vietnam,Food & Beverage,Ho Chi Minh City,Organic Search,MC005,P009,Product Recommendation,50-249,4,67,0,1,Under Review,180,E103,Qualified,Competitor,8400000.0,green57@company.vn,0978063301
L000446,2025-11-19 08:29:00,C0011, Asia Vietnam JSC  ,Pharmaceutical,Ho Chi Minh City,Organic Search,MC005,P001,Stock Check,250-999,6,77,0,0,Under Review,60,E103,Qualified,Lead Time,11100000.0,asia58@company.vn,0967282506
L000447,2025-11-20 13:53:00,C0011,Asia Vietnam JSC,Pharmaceutical,Ho Chi Minh City,Organic Search,MC005,P021,Distributor Inquiry,250-999,1,68,0,0,Under Review,60,E102,Disqualified,No Response,1100000.0,asia59@company.vn,0931211885
L000448,2025-11-21 08:31:00,C0002,Scientific Advanced Vietnam,Food & Beverage,Ha Noi,Organic Search,MC005,P024,Product Recommendation,1000+,3,75,0,0,Under Review,90,E101,Won,,234360000.0,,0995867212
L000449,2025-11-24 10:55:00,C0022,Bio Green Factory,Electronics,Ha Noi,Organic Search,MC005,P001,Sample Request,50-249,3,74,1,0,Under Review,180,E101,Disqualified,No Budget,20470000.0,bio61@company.vn,0933713783
L000450,2025-11-26 08:57:00,C0034,Green Lab Co Ltd,Medical Devices,Da Nang,Organic Search,MC005,P002,Price Request,50-249,2,87,1,0,Unknown,14,E102,Qualified,Price,16070000.0,green62@company.vn,0989440410
L000451,2025-11-27 17:43:00,C0091,Advanced Lab Factory,Food & Beverage,Dong Nai,Organic Search,MC005,P003,Sample Request,1000+,4,84,1,0,Approved,7,E103,Qualified,Price,23420000.0,advanced63@company.vn,0943490184
L000452,2025-12-05 10:35:00,C0010,Scientific Industrial Co Ltd,Industrial Manufacturing,Ho Chi Minh City,Organic Search,MC005,P007,Sample Request,50-249,9,72,0,0,No Budget,60,E102,Disqualified,No Budget,8560000.0,scientific64@company.vn,0952493542
L000453,2025-12-08 11:37:00,C0033,Precision Clean Co Ltd,Pharma,Ha Noi,Organic Search,MC005,P004,Distributor Inquiry,50-249,4,75,1,0,Approved,90,E101,Disqualified,No Response,17110000.0,precision65@company.vn,0978736537
L000454,2025-12-12 13:48:00,C0044,Scientific Industrial Factory,Pharmaceutical,BinhDuong,Organic Search,MC005,P028,Price Request,10-49,8,53,0,0,Approved,60,E103,Quoted,No Budget,81410000.0,,0991028785
L000455,2025-12-15 11:50:00,C0007,Nova Pharma Co Ltd,Medical Device,HCMC,Organic Search,MC005,P001,Technical Inquiry,50-249,4,91,0,0,Unknown,14,E102,Won,,32120000.0,nova67@company.vn,0987363378
L000456,2025-12-25 15:24:00,C0006,Lab Industrial JSC,Pharmaceutical,Ho Chi Minh City,organic,MC005,P024,Distributor Inquiry,50-249,4,77,1,0,Under Review,90,E102,Disqualified,No Response,203180000.0,lab68@company.vn,0910048098
L000457,2026-01-02 10:06:00,C0034,Green Lab Co Ltd,Medical Device,Da Nang,Organic Search,MC005,P002,Sample Request,50-249,3,80,1,0,Under Review,30,E102,Qualified,No Response,8760000.0,,0993078590
L000458,2026-01-02 09:09:00,C0067,Advanced Manufacturing Vietnam,Food & Beverage,Ha Noi,Organic Search,MC005,P001,Distributor Inquiry,50-249,7,59,0,0,No Budget,30,E101,Quoted,Price,23310000.0,advanced70@company.vn,0952828495
L000459,2026-01-17 12:44:00,C0007,Nova Pharma Co Ltd,Medical Devices,Ho Chi Minh City,Organic Search,MC005,P025,Distributor Inquiry,50-249,1,91,1,0,Unknown,14,E101,Disqualified,Not ICP,161110000.0,nova71@company.vn,0960401662
L000460,2026-01-20 15:56:00,C0116,Green Bio Co Ltd,Trading Company,Ho Chi Minh City,Organic Search,MC005,P023,Technical Inquiry,10-49,3,81,1,0,Unknown,60,E103,Disqualified,No Response,25250000.0,green72@company.vn,0964678806
L000461,2026-01-21 17:01:00,C0022,Bio Green Factory,Electronics,HA NOI,Organic Search,MC005,P003,Stock Check,50-249,6,79,1,0,Approved,90,E103,Quoted,No Budget,10560000.0,bio73@company.vn,0936469347
L000462,2026-01-22 14:27:00,C0053,Health Lab JSC,Pharmaceutical,Bac Ninh,Organic Search,MC005,P004,Price Request,10-49,7,94,1,0,Under Review,7,E102,Disqualified,No Budget,34900000.0,health74@company.vn,0966523497
L000463,2026-01-27 09:37:00,C0034,Green Lab Co Ltd,Medical Device,Da Nang,Organic Search,MC005,P005,Sample Request,50-249,5,99,1,0,Unknown,14,E102,Won,,14700000.0,green75@company.vn,0995852436
L000464,2026-02-01 16:42:00,C0023, Bio Precision JSC  ,Electronics,dong nai,Organic Search,MC005,P001,Stock Check,50-249,6,86,0,0,Approved,90,E101,Qualified,No Response,15250000.0,,0921932529
L000465,2026-02-07 15:20:00,C0042,Bio Health Co Ltd,Pharmaceutical,Ha Noi,Organic Search,MC005,P001,Stock Check,50-249,6,90,0,0,Unknown,60,E101,Disqualified,No Response,32570000.0,bio77@company.vn,0953408448
L000466,2026-03-01 13:17:00,C0081,Bio Precision Co Ltd,Electronics,Binh Duong,Organic Search,MC005,P003,Stock Check,250-999,5,77,0,1,Approved,14,E102,Qualified,Lead Time,23720000.0,bio78@company.vn,0915402982
L000467,2025-01-28 12:21:00,C9032,Precision Clean Co Ltd,Pharmaceutical,HA NOI,Organic Search,MC006,P016,Product Recommendation,50-249,3,81,1,0,No Budget,30,E103,Disqualified,Outside Scope,17580000.0,precision79@company.vn,0919936239
L000468,2025-02-04 14:24:00,C0015,Lab Green Co Ltd,Trading Company,Ha Noi,Organic Search,MC006,P005,Price Request,50-249,4,90,0,0,Approved,30,E101,Disqualified,No Budget,10670000.0,lab80@company.vn,0932556487
L000469,2025-02-21 09:26:00,C0146,Nova Green Co Ltd,Industrial Manufacturing,Dong Nai,Organic Search,MC006,P021,Sample Request,10-49,4,73,1,0,Unknown,60,E103,Disqualified,No Budget,4430000.0,nova81@company.vn,0919649740
L000470,2025-02-24 11:39:00,C0041,Solutions Industrial Factory,pharmaceutical,Ho Chi Minh City,Organic Search,MC006,P001,Sample Request,50-249,5,75,1,1,Approved,30,E101,Qualified,Lead Time,34870000.0,solutions82@company.vn,0972876441
L000471,2025-03-01 08:55:00,C0015,Lab Green Co Ltd,Trading Company,Ha Noi,Organic Search,MC006,P015,Sample Request,50-249,3,100,0,0,Unknown,60,E103,Qualified,No Budget,7740000.0,lab83@company.vn,0986377330
L000472,2025-03-10 16:19:00,,Vietnam Tech Vietnam,Industrial Mfg,Ha Noi,Organic Search,MC006,P002,Product Recommendation,250-999,6,79,1,1,Approved,14,E101,Won,,20120000.0,vietnam84@company.vn,0986476056
L000473,2025-03-21 11:30:00,C0171,Manufacturing Precision Factory,Trading Company,DongNai,Organic Search,MC006,P022,Product Recommendation,10-49,8,100,0,0,Approved,30,E103,Won,,66080000.0,manufacturing85@company.vn,0978047036
L000474,2025-03-21 16:31:00,C0003,Vietnam Green Vietnam,Medical Device,Ho Chi Minh City,Organic Search,MC006,P002,Technical Inquiry,10-49,3,67,1,0,Unknown,30,E102,Disqualified,No Budget,6070000.0,vietnam86@company.vn,0976644815
L000475,2025-04-07 13:03:00,C0032,Bio Industrial Vietnam,Industrial Manufacturing,Ho Chi Minh City,Organic Search,MC006,P001,Sample Request,50-249,5,79,0,1,Approved,30,E102,Disqualified,Student/Research,11250000.0,bio87@company.vn,0923968814
L000476,2025-04-08 17:03:00,C0076,Tech Advanced Vietnam,Electronics,Long An,Organic Search,MC006,P022,Distributor Inquiry,250-999,3,95,0,0,No Budget,30,E102,Disqualified,Outside Scope,37400000.0,tech88@company.vn,0956103417
L000477,2025-04-15 08:08:00,C0104,Green Manufacturing Co Ltd,Electronics,Binh Duong,Organic Search,MC006,P001,Stock Check,10-49,4,79,0,0,Unknown,30,E101,Disqualified,No Budget,11330000.0,green89@company.vn,0925774030
L000478,2025-04-17 15:47:00,,Med Asia Vietnam,Industrial Manufacturing,Ho Chi Minh City,SEO,MC006,P010,Distributor Inquiry,10-49,2,100,1,0,Under Review,30,E103,Qualified,Lead Time,11860000.0,med90@company.vn,0954677993
L000479,2025-05-01 10:01:00,C0127,Health Manufacturing Vietnam,Electronic,Ha Noi,Organic Search,MC006,P013,Stock Check,10-49,1,89,0,0,Approved,180,E101,Disqualified,No Budget,13500000.0,,
L000480,2025-05-14 11:50:00,,Nova Pharma Co Ltd,Medical Device,Ho Chi Minh City,Organic Search,MC006,P002,Price Request,50-249,1,63,1,1,Approved,30,E101,Quoted,No Budget,12540000.0,nova92@company.vn,0975838308
L000481,2025-05-20 08:25:00,C0002,Scientific Advanced Vietnam,F&B,Ha Noi,Organic Search,MC006,P007,Distributor Inquiry,1000+,7,94,1,0,Under Review,30,E103,Quoted,Competitor,11830000.0,scientific93@company.vn,0910678759
L000482,2025-06-26 14:01:00,C0158,Nova Solutions Factory,Pharmaceutical,Ho Chi Minh City,Organic Search,MC006,P009,Distributor Inquiry,50-249,4,87,0,0,Approved,60,E102,Won,,4630000.0,nova94@company.vn,
L000483,2025-07-10 11:59:00,C0103,Vietnam Health Vietnam,Industrial Manufacturing,Dong Nai,Organic Search,MC006,P002,Price Request,1000+,3,78,0,0,Unknown,14,E103,Qualified,Price,30740000.0,vietnam95@company.vn,0953654992
L000484,2025-07-10 14:17:00,C0170,Scientific Asia JSC,Medical Device,Dong Nai,Organic search,MC006,P016,Distributor Inquiry,10-49,5,80,1,1,Under Review,30,E101,Disqualified,No Budget,8870000.0,scientific96@company.vn,0991565260
L000485,2025-07-21 15:06:00,C0004,Vietnam Tech Vietnam,Industrial Manufacturing,Hanoi,Organic Search,MC006,P004,Technical Inquiry,250-999,6,66,0,0,Under Review,90,E101,Qualified,Lead Time,27080000.0,vietnam0@company.vn,0985866959
L000486,2025-08-05 09:11:00,C9053,Clean Scientific Factory,Electronics,Dong Nai,Organic Search,MC006,P001,Price Request,250-999,5,78,0,0,Unknown,30,E103,Disqualified,No Budget,5670000.0,clean1@company.vn,
L000487,2025-08-06 16:39:00,C0005,Med Asia Vietnam,Industrial Manufacturing,Ho Chi Minh City,Organic Search,MC006,P003,Stock Check,10-49,8,68,1,0,Approved,7,E102,Won,,15640000.0,med2@company.vn,0920370683
L000488,2025-08-11 16:46:00,C0145,Bio Health Vietnam,Cleanroom Contractor,Dong Nai,Organic Search,MC006,P001,Technical Inquiry,1000+,2,86,0,0,Unknown,60,E103,Quoted,Price,62640000.0,bio3@company.vn,0992974114
L000489,2025-08-18 15:46:00,C0037,Precision Clean Factory,Pharmaceutical,dong nai,SEO,MC006,P001,Price Request,50-249,1,95,1,0,Under Review,30,E102,Qualified,No Response,22750000.0,precision4@company.vn,0910726953
L000490,2025-09-12 11:49:00,C0016,Lab Advanced Co Ltd,Food and Beverage,Dong Nai,Organic Search,MC006,P006,Sample Request,50-249,7,81,1,1,Unknown,90,E103,Quoted,No Response,13880000.0,lab5@company.vn,0981655655
L000491,2025-09-16 15:50:00,C0033,Precision Clean Co Ltd,Pharmaceutical,Ha Noi,Organic Search,MC006,P006,Product Recommendation,50-249,4,76,0,0,Under Review,30,E103,Won,,21260000.0,,0995743714
L000492,2025-09-21 14:54:00,C0005,Med Asia Vietnam,Industrial Manufacturing,Ho Chi Minh,Organic Search,MC006,P001,Technical Inquiry,10-49,7,85,1,0,Approved,60,E103,Quoted,Specification,30980000.0,med7@company.vn,0922988355
L000493,2025-10-03 15:37:00,C0045,Manufacturing Solutions Vietnam,Cleanroom Contractor,Long An,Organic Search,MC006,P009,Sample Request,250-999,3,74,0,0,Under Review,14,E103,Won,,10570000.0,manufacturing8@company.vn,0960171455
L000494,2025-10-13 16:19:00,C0133,Advanced Bio Co Ltd,Medical Device,Da Nang,Organic Search,MC006,P001,Stock Check,50-249,1,86,0,0,Unknown,14,E103,Quoted,Price,33810000.0,advanced9@company.vn,0964961677
L000495,2025-10-21 17:01:00,C0031,Electronics Vietnam Vietnam,Laboratory,BacNinh,Organic Search,MC006,P009,Stock Check,50-249,6,93,1,1,Approved,30,E103,Won,,7600000.0,electronics10@company.vn,0954459352
L000496,2025-10-31 16:13:00,C0061,Med Tech Factory,Food & Beverage,Binh Duong,organic,MC006,P004,Price Request,250-999,6,68,1,0,Approved,14,E102,Qualified,Lead Time,19360000.0,,0948404406
L000497,2025-11-03 08:10:00,C0003,Vietnam Green Vietnam,Medical Device,Ho Chi Minh City,Organic Search,MC006,P001,Technical Inquiry,10-49,4,86,0,0,Approved,60,E101,Qualified,Lead Time,8230000.0,vietnam12@company.vn,0928937577
L000498,2025-11-05 10:34:00,C0029,Precision Asia Vietnam,Cleanroom Contractor,Ho Chi Minh City,Organic Search,MC006,P024,Distributor Inquiry,10-49,4,63,0,0,Unknown,30,E102,Disqualified,Student/Research,148100000.0,precision13@company.vn,0932706812
L000499,2025-11-25 09:23:00,C0076,Tech Advanced Vietnam,Electronics,Long An,Organic Search,MC006,P001,Distributor Inquiry,250-999,7,90,0,0,Unknown,30,E102,Qualified,Specification,21940000.0,tech14@company.vn,
L000500,2025-12-02 11:15:00,C0068,Manufacturing Advanced Vietnam,Pharmaceutical,Ho Chi Minh City,Organic Search,MC006,P004,Stock Check,10-49,5,83,1,1,Unknown,90,E101,Won,,13140000.0,manufacturing15@company.vn,0920904137
L000501,2025-12-10 14:43:00,C0127,Health Manufacturing Vietnam,Electronics,Ha Noi,Organic Search,MC006,P018,Sample Request,10-49,4,79,1,0,Under Review,30,E102,Won,,4650000.0,,0984881977
L000502,2025-12-11 09:48:00,C0057,Bio Clean Co Ltd,Pharmaceutical,Binh Duong,Organic Search,MC006,P022,Sample Request,50-249,5,63,1,0,Unknown,14,E103,Disqualified,Not ICP,96500000.0,bio17@company.vn,0940568263
L000503,2025-12-12 13:42:00,C0002, Scientific Advanced Vietnam  ,Food & Beverage,Ha Noi,Organic Search,MC006,P021,Distributor Inquiry,1000+,3,64,1,0,Unknown,30,E101,Won,,7170000.0,scientific18@company.vn,0975020867
L000504,2026-01-09 17:10:00,C0111,Solutions Precision Vietnam,Industrial Manufacturing,Bac Ninh,Organic Search,MC006,P001,Distributor Inquiry,250-999,6,78,0,0,Under Review,30,E102,Quoted,Competitor,15330000.0,solutions19@company.vn,0911515341
L000505,2026-01-12 11:07:00,,Lab Lab JSC,Cleanroom Contractor,Can Tho,Organic Search,MC006,P002,Technical Inquiry,250-999,1,100,1,0,Unknown,60,E103,Won,,5920000.0,lab20@company.vn,0973242710
L000506,2026-02-13 11:10:00,C0100,Nova Bio JSC,Cleanroom Contractor,Dong Nai,SEO,MC006,P010,Distributor Inquiry,1000+,6,77,1,0,Under Review,60,E101,Won,,26500000.0,nova21@company.vn,0998000024
L000507,2026-02-24 09:44:00,C0052,Advanced Manufacturing Factory,Pharmaceutical,Long An,Organic Search,MC006,P001,Stock Check,1000+,2,88,1,0,Under Review,30,E101,Quoted,Competitor,8640000.0,advanced22@company.vn,0923181541
L000508,2026-03-05 13:37:00,C0021,Solutions Clean Factory,Pharma,Ho Chi Minh City,Organic Search,MC006,P005,Sample Request,10-49,4,66,1,0,Unknown,90,E102,Qualified,Competitor,27490000.0,solutions23@company.vn,0972290428
L000509,2026/03/17 15:41,C0101,Precision Nova JSC,Pharmaceutical,Long An,Organic Search,MC006,P005,Sample Request,10-49,2,76,0,0,Approved,60,E101,Disqualified,No Budget,31630000.0,precision24@company.vn,0985851909
L000510,2026-03-18 10:34:00,C0004,Vietnam Tech Vietnam,Industrial Manufacturing,Ha Noi,SEO,MC006,P006,Sample Request,250-999,3,49,0,0,Under Review,60,E101,Qualified,Specification,34200000.0,vietnam25@company.vn,0931595596
L000511,2026-04-27 13:51:00,C0009,Tech Tech Factory,Pharmaceutical,Dong Nai,Organic Search,MC006,P001,Technical Inquiry,50-249,5,78,1,0,No Budget,180,E102,Won,,23240000.0,tech26@company.vn,0928670765
L000512,2026-04-30 10:35:00,C0054,Clean Scientific Factory,Electronics,Dong Nai,Organic Search,MC006,P025,Distributor Inquiry,250-999,6,44,1,0,Under Review,30,E102,Qualified,Project Delayed,259180000.0,clean27@company.vn,0924384622
L000513,2026-05-14 09:06:00,C0088,Health Scientific Vietnam,Cleanroom Contractor,Ho Chi Minh City,organic,MC006,P007,Technical Inquiry,250-999,7,96,0,0,Approved,180,E101,Won,,8300000.0,health28@company.vn,0929358931
L000514,2026-05-18 14:57:00,C0072,Med Vietnam Factory,Electronics,Binh Duong,Organic Search,MC006,P026,Price Request,10-49,1,95,1,0,Approved,14,E101,Quoted,Lead Time,226760000.0,med29@company.vn,0956888173
L000515,2026-05-20 09:30:00,C0089,Med Tech Vietnam,Laboratory,Binh Duong,Organic Search,MC006,P007,Price Request,50-249,4,79,0,0,Under Review,90,E102,Disqualified,Not ICP,1960000.0,med30@company.vn,0957612892
L000516,2026-05-21 10:02:00,C0052,Advanced Manufacturing Factory,Pharmaceutical,Long An,Organic Search,MC006,P003,Sample Request,1000+,4,55,0,0,Approved,60,E102,Disqualified,Outside Scope,23390000.0,,0913697814
L000517,2026-05-22 08:49:00,C0003,Vietnam Green Vietnam,Medical Device,Ho Chi Minh City,Organic Search,MC006,P001,Distributor Inquiry,10-49,2,93,0,0,Approved,30,E102,Disqualified,Outside Scope,12900000.0,vietnam32@company.vn,0980957713
L000518,2026-05-26 17:35:00,C0032,Bio Industrial Vietnam,Industrial Manufacturing,Ho Chi Minh City,Organic Search,MC006,P001,Distributor Inquiry,50-249,3,82,1,0,Approved,7,E101,Qualified,No Budget,26330000.0,bio33@company.vn,0944087979
L000519,2026-06-04 09:56:00,C0015,Lab Green Co Ltd,Trading Company,Ha Noi,SEO,MC006,P019,Product Recommendation,50-249,2,86,0,0,Under Review,30,E102,Disqualified,No Budget,15050000.0,lab34@company.vn,0979130142
L000520,2026-06-06 10:17:00,C0067,Advanced Manufacturing Vietnam,Food & Beverage,Ha Noi,Organic Search,MC006,P002,Stock Check,50-249,2,88,1,1,Approved,30,E102,Won,,22820000.0,advanced35@company.vn,0989792493
L000521,2026-06-09 08:44:00,C0062,Clean Pharma Co Ltd,Trading Company,TP.HCM,Organic Search,MC006,P004,Price Request,10-49,3,66,1,0,Approved,90,E103,Quoted,Price,18970000.0,,0987235419
L000522,2026-06-18 14:59:00,C0004,Vietnam Tech Vietnam,Industrial Manufacturing,Ha Noi,Organic search,MC006,P005,Product Recommendation,250-999,5,67,0,0,Approved,30,E102,Qualified,Specification,32680000.0,vietnam37@company.vn,0997296747
L000523,2026-06-26 15:22:00,C0008,Clean Electronics Vietnam,Pharmaceutical,Binh Duong,Organic Search,MC006,P002,Distributor Inquiry,50-249,5,72,0,0,No Budget,60,E101,Quoted,Competitor,9110000.0,,
L000524,2026-07-06 11:25:00,C0001,Green Asia Vietnam,Food & Beverage,Ho Chi Minh City,Organic search,MC006,P018,Product Recommendation,50-249,6,64,0,0,Under Review,90,E101,Qualified,Lead Time,12040000.0,green39@company.vn,0961119224
L000525,2026-07-15 14:02:00,C0014,Clean Health Vietnam,Pharmaceutical,Bac Ninh,Organic Search,MC006,P001,Distributor Inquiry,50-249,2,78,0,0,Unknown,180,E102,Disqualified,No Response,8740000.0,clean40@company.vn,0947238472
L000526,2026-07-16 13:31:00,C0084,Nova Vietnam JSC,Electronics,Dong Nai,Organic Search,MC006,P005,Distributor Inquiry,250-999,2,63,0,0,Unknown,30,E102,Quoted,Specification,11810000.0,nova41@company.vn,0990269434
L000527,2026-07-17 17:51:00,C0066,Lab Green Factory,Trading Company,Binh Duong,Organic Search,MC006,P024,Stock Check,250-999,5,80,0,1,Approved,60,E103,Won,,93390000.0,lab42@company.vn,0993039310
L000528,2026-07-17 15:36:00,C0034,Green Lab Co Ltd,Medical Device,Da Nang,Organic Search,MC006,P001,Stock Check,50-249,7,75,0,0,Approved,14,E101,Won,,17620000.0,green43@company.vn,0946254685
L000529,2026-07-17 17:02:00,C0044,Scientific Industrial Factory,Pharmaceutical,Binh Duong,Organic Search,MC006,P004,Sample Request,10-49,3,69,0,0,Approved,180,E102,Disqualified,Student/Research,13300000.0,scientific44@company.vn,0965974624
L000530,2026-07-22 14:49:00,C0022,Bio Green Factory,Electronics,Ha Noi,Organic Search,MC006,P001,Product Recommendation,50-249,6,67,1,0,No Budget,30,E101,Disqualified,No Budget,3510000.0,bio45@company.vn,
L000531,2026-08-03 15:20:00,C0098,Nova Asia JSC,Pharmaceutical,Ho Chi Minh City,organic,MC006,P003,Price Request,250-999,4,57,0,0,Under Review,60,E102,Disqualified,No Response,16830000.0,nova46@company.vn,0946376717
L000532,2026-08-04 16:18:00,C0001,Green Asia Vietnam,Food & Beverage,Ho Chi Minh City,Organic Search,MC006,P018,Price Request,50-249,7,91,1,0,Approved,60,E101,Disqualified,Not ICP,1930000.0,green47@company.vn,0948788856
L000533,2026-08-04 09:12:00,C0022,Bio Green Factory,Electronics,Ha Noi,SEO,MC006,P002,Stock Check,50-249,4,75,0,0,Under Review,90,E102,Qualified,Competitor,16780000.0,bio48@company.vn,0976948464
L000534,2026-08-06 15:40:00,C0013,Green Bio Vietnam,Trading Company,Binh Duong,Organic search,MC006,P025,Product Recommendation,1000+,4,66,1,0,Approved,90,E102,Qualified,Specification,153330000.0,green49@company.vn,0948350145
L000535,2026-08-07 13:05:00,C0089,Med Tech Vietnam,Laboratory,Binh Duong,Organic Search,MC006,P003,Product Recommendation,50-249,1,82,1,0,Unknown,30,E101,Qualified,Price,15370000.0,med50@company.vn,0965384963
L000536,2026-08-08 08:24:00,C0147,Health Electronics Co Ltd,Laboratory,Ha Noi,Organic Search,MC006,P002,Price Request,250-999,4,88,1,1,Approved,60,E103,Quoted,No Budget,23510000.0,health51@company.vn,0964970444
L000537,2026-08-19 12:59:00,C0028,Med Bio JSC,electronics,Binh Duong,organic,MC006,P004,Stock Check,10-49,2,95,0,1,Approved,14,E103,Quoted,Lead Time,5510000.0,med52@company.vn,0978373717
L000538,2025-01-07 17:06:00,C0002,Scientific Advanced Vietnam,Food and Beverage,Ha Noi,FB Ads,MC007,P028,Technical Inquiry,1000+,4,87,0,0,Approved,7,E101,Disqualified,Student/Research,506450000.0,scientific53@company.vn,0913316220
L000539,2025-01-27 17:51:00,C0011,Asia Vietnam JSC,Pharmaceutical,Ho Chi Minh City,Facebook Ads,MC007,P002,Stock Check,250-999,7,81,0,0,No Budget,14,E101,Quoted,No Budget,7270000.0,asia54@company.vn,0962576260
L000540,2025-01-29 09:25:00,C0146,Nova Green Co Ltd,Industrial Manufacturing,Dong Nai,Facebook Ads,MC007,P001,Technical Inquiry,10-49,4,78,0,0,Under Review,60,E101,Quoted,Price,18900000.0,nova55@company.vn,0910268807
L000541,2025-02-21 08:40:00,C0002,Scientific Advanced Vietnam,Food & Beverage,HA NOI,Facebook,MC007,P001,Technical Inquiry,1000+,1,82,0,0,Under Review,14,E102,Disqualified,Outside Scope,30140000.0,scientific56@company.vn,0975272392
L000542,2025-03-04 09:15:00,C0026,Precision Lab JSC,Trading Company,Dong Nai,Facebook Ads,MC007,P004,Product Recommendation,50-249,5,66,0,0,Under Review,30,E102,Won,,40240000.0,precision57@company.vn,0912574874
L000543,2025-03-06 10:54:00,C0003,Vietnam Green Vietnam,Medical Device,Ho Chi Minh City,Facebook Ads,MC007,P001,Price Request,10-49,3,66,0,1,Unknown,60,E102,Won,,17640000.0,vietnam58@company.vn,0912420431
L000544,2025-03-14 12:38:00,C0029,Precision Asia Vietnam,Cleanroom contractor,Ho Chi Minh City,Facebook Ads,MC007,P003,Stock Check,10-49,3,62,0,0,Approved,90,E101,Qualified,Competitor,22500000.0,precision59@company.vn,0915171997
L000545,2025-03-18 12:52:00,C0012,Industrial Solutions JSC,Trading Company,Ho Chi Minh City,Facebook Ads,MC007,P029,Sample Request,50-249,5,62,1,0,Unknown,60,E103,Disqualified,No Budget,962830000.0,industrial60@company.vn,0983710846
L000546,2025-04-15 08:15:00,C0051,Solutions Bio Factory,Electronics,Ho Chi Minh City,Facebook Ads,MC007,P004,Price Request,50-249,1,85,0,0,Under Review,30,E102,Quoted,Project Delayed,17960000.0,solutions61@company.vn,
L000547,2025-04-18 16:19:00,C0012,Industrial Solutions JSC,Trading Company,Ho Chi Minh City,FB Ads,MC007,P005,Price Request,50-249,5,59,0,0,Approved,180,E101,Quoted,Project Delayed,12830000.0,industrial62@company.vn,0932508188
L000548,2025-04-18 13:08:00,C0050,Lab Tech Vietnam,Cleanroom contractor,Ho Chi Minh City,Facebook Ads,MC007,P001,Price Request,10-49,1,82,1,0,No Budget,14,E103,Disqualified,No Budget,30860000.0,lab63@company.vn,0964034912
L000549,2025-05-19 10:51:00,C0018,Solutions Health Vietnam,Cleanroom contractor,Ha Noi,Facebook Ads,MC007,P001,Price Request,250-999,2,74,0,1,Approved,7,E101,Disqualified,Not ICP,33260000.0,solutions64@company.vn,0986826730
L000550,2025-05-26 15:56:00,C0015,Lab Green Co Ltd,Trading Company,Ha Noi,Facebook Ads,MC007,P006,Sample Request,50-249,7,89,0,0,Approved,60,E103,Disqualified,No Budget,17020000.0,lab65@company.vn,0962728060
L000551,2025-05-28 12:50:00,C0149,Lab Lab Co Ltd,Food & Beverage,Can Tho,Facebook Ads,MC007,P001,Technical Inquiry,250-999,4,72,0,0,Unknown,60,E101,Quoted,Lead Time,24710000.0,lab66@company.vn,0910352806
L000552,2025/06/22 13:39,C0046,Electronics Asia Factory,Food & Beverage,Bac Ninh,Facebook Ads,MC007,P031,Price Request,10-49,1,92,1,0,Unknown,14,E101,Disqualified,Not ICP,558850000.0,electronics67@company.vn,0963093539
L000553,2025-06-26 16:35:00,C0044,Scientific Industrial Factory,Pharmaceutical,Binh Duong,Facebook Ads,MC007,P005,Distributor Inquiry,10-49,6,42,0,0,No Budget,60,E102,Disqualified,No Budget,14220000.0,scientific68@company.vn,0960246606
L000554,2025-07-05 17:16:00,C0015,Lab Green Co Ltd,Trading Company,Ha Noi,Facebook Ads,MC007,P011,Technical Inquiry,50-249,1,59,0,1,Approved,30,E102,Qualified,No Budget,3730000.0,lab69@company.vn,0954602028
L000555,2025-08-09 13:04:00,C0013,Green Bio Vietnam,Trading Company,Binh Duong,Facebook Ads,MC007,P001,Distributor Inquiry,1000+,5,78,0,0,Unknown,180,E101,Disqualified,No Budget,53990000.0,green70@company.vn,0969727369
L000556,2025-09-03 13:11:00,C0017,Advanced Vietnam Co Ltd,Medical Device,Dong Nai,Facebook,MC007,P003,Stock Check,50-249,3,80,0,0,No Budget,30,E101,Disqualified,No Response,6320000.0,,0942617406
L000557,2025-09-03 13:21:00,C0011,Asia Vietnam JSC,Pharmaceutical,Ho Chi Minh City,Facebook,MC007,P001,Stock Check,250-999,1,57,0,0,Under Review,30,E101,Qualified,Project Delayed,22130000.0,asia72@company.vn,0911676379
L000558,2025-09-08 10:32:00,C0024,Green Scientific JSC,PHARMACEUTICAL,Bac Ninh,Facebook Ads,MC007,P003,Sample Request,50-249,4,78,1,0,Approved,7,E103,Quoted,Lead Time,18100000.0,green73@company.vn,0938741890
L000559,2025-09-30 09:08:00,C0011,Asia Vietnam JSC,Pharmaceutical,Ho Chi Minh City,Facebook Ads,MC007,P001,Product Recommendation,250-999,4,98,0,0,No Budget,30,E101,Disqualified,No Budget,20620000.0,asia74@company.vn,0917037010
L000560,2025-10-03 09:59:00,C0058,Vietnam Lab JSC,Trading Company,Can Tho,Meta Ads,MC007,P024,Price Request,10-49,3,85,1,0,Unknown,90,E103,Quoted,Competitor,184900000.0,vietnam75@company.vn,0933985061
L000561,2025-10-09 16:28:00,C0055,Solutions Precision Co Ltd,Food & Beverage,Ha Noi,Facebook Ads,MC007,P003,Distributor Inquiry,250-999,7,49,1,0,Approved,90,E102,Disqualified,No Budget,24190000.0,solutions76@company.vn,
L000562,2025-10-24 14:32:00,C0097,Vietnam Scientific Vietnam,Industrial Manufacturing,Dong Nai,Facebook Ads,MC007,P001,Product Recommendation,1000+,1,90,0,0,Approved,90,E103,Won,,40950000.0,vietnam77@company.vn,0935383609
L000563,2025-10-24 15:07:00,C0046,Electronics Asia Factory,F&B,Bac Ninh,Facebook Ads,MC007,P003,Stock Check,10-49,3,60,1,1,Under Review,180,E103,Disqualified,No Budget,24600000.0,electronics78@company.vn,0942840102
L000564,2025-10-25 08:48:00,C0005,Med Asia Vietnam,Industrial Manufacturing,Ho Chi Minh City,Facebook Ads,MC007,P003,Distributor Inquiry,10-49,3,94,1,0,Unknown,14,E101,Disqualified,Student/Research,18320000.0,med79@company.vn,0964492866
L000565,2025-10-30 12:46:00,C0003,Vietnam Green Vietnam,Medical Device,Ho Chi Minh City,Facebook Ads,MC007,P001,Distributor Inquiry,10-49,5,91,0,0,Unknown,7,E101,Qualified,Lead Time,32300000.0,vietnam80@company.vn,0935891014
L000566,2025-11-03 13:05:00,C0005,Med Asia Vietnam,Industrial Manufacturing,Ho Chi Minh City,Facebook Ads,MC007,P002,Sample Request,10-49,1,59,1,0,Under Review,180,E101,Disqualified,No Budget,3000000.0,med81@company.vn,0926538412
L000567,2025-11-21 12:24:00,C0034,Green Lab Co Ltd,Medical Device,Da Nang,FB Ads,MC007,P007,Sample Request,50-249,1,76,0,0,Approved,60,E103,Qualified,Price,3510000.0,,0994490766
L000568,2025-12-03 17:10:00,C0075,Nova Electronics Vietnam,Laboratory,Dong Nai,Facebook Ads,MC007,P001,Sample Request,10-49,3,54,0,0,Approved,180,E101,Disqualified,No Response,7050000.0,nova83@company.vn,0979248005
L000569,2025-12-11 09:50:00,C0032,Bio Industrial Vietnam,Industrial Manufacturing,Ho Chi Minh City,Facebook Ads,MC007,P009,Stock Check,50-249,3,78,1,0,Unknown,14,E102,Disqualified,Not ICP,13420000.0,bio84@company.vn,0946475543
L000570,2025-12-16 14:41:00,C0160,Vietnam Vietnam Vietnam,Trading Company,Ho Chi Minh City,Facebook Ads,MC007,P011,Distributor Inquiry,50-249,3,86,0,0,Approved,30,E101,Disqualified,Not ICP,13830000.0,,0925502273
L000571,2025-12-23 13:26:00,C0029,Precision Asia Vietnam,Cleanroom Contractor,Ho Chi Minh City,Facebook Ads,MC007,P001,Stock Check,10-49,1,57,1,0,Approved,14,E103,Won,,8260000.0,precision86@company.vn,0975903460
L000572,2026-01-20 13:51:00,C0062,Clean Pharma Co Ltd,Trading,Ho Chi Minh City,Facebook Ads,MC007,P008,Sample Request,10-49,4,75,1,0,Under Review,30,E101,Quoted,Project Delayed,22230000.0,clean87@company.vn,0973792560
L000573,2026-02-03 13:52:00,C0038,Solutions Manufacturing Co Ltd,Medical Device,Ho Chi Minh City,Facebook Ads,MC007,P001,Sample Request,250-999,3,82,0,0,No Budget,60,E101,Disqualified,No Budget,31480000.0,solutions88@company.vn,0973367717
L000574,2026-02-23 08:29:00,C0017,Advanced Vietnam Co Ltd,Medical Device,dong nai,Facebook Ads,MC007,P001,Product Recommendation,50-249,5,68,0,1,Approved,14,E101,Disqualified,Not ICP,8610000.0,advanced89@company.vn,0974446564
L000575,2026-04-22 13:07:00,C0009,Tech Tech Factory,Pharma,Dong Nai,Facebook Ads,MC007,P011,Technical Inquiry,50-249,6,82,0,0,Approved,7,E101,Won,,3970000.0,tech90@company.vn,0916505819
L000576,2026-04-27 17:37:00,C0096,Green Electronics Factory,Medical Device,dong nai,Facebook Ads,MC007,P019,Sample Request,50-249,2,50,0,1,Approved,30,E101,Qualified,Price,5830000.0,green91@company.vn,
L000577,2026-05-09 16:07:00,C0012,Industrial Solutions JSC,Trading Company,Ho Chi Minh,Facebook Ads,MC007,P017,Price Request,50-249,3,100,1,0,Approved,60,E101,Qualified,No Response,3710000.0,industrial92@company.vn,0957198199
L000578,2026-05-12 17:41:00,C0039,Tech Health Co Ltd,Electronics,Ho Chi Minh City,Facebook Ads,MC007,P003,Distributor Inquiry,1000+,4,75,1,0,No Budget,90,E101,Disqualified,No Budget,31280000.0,tech93@company.vn,0983488481
L000579,2026-05-15 15:58:00,C0048,Green Bio Vietnam,Trading Company,BacNinh,Facebook Ads,MC007,P001,Stock Check,50-249,2,86,1,0,Approved,30,E102,Qualified,No Response,20860000.0,green94@company.vn,0959507720
L000580,2026-06-24 17:25:00,C0029,Precision Asia Vietnam,Cleanroom Contractor,Ho Chi Minh City,Facebook Ads,MC007,P010,Distributor Inquiry,10-49,2,64,1,0,Approved,30,E102,Disqualified,Not ICP,13320000.0,precision95@company.vn,0962449098
L000581,2026-07-08 17:10:00,C0002,Scientific Advanced Vietnam,Food & Beverage,Ha Noi,Facebook Ads,MC007,P010,Product Recommendation,1000+,4,76,0,0,No Budget,90,E103,Disqualified,No Response,15950000.0,scientific96@company.vn,0917738880
L000582,2026-07-16 11:03:00,C0010,Scientific Industrial Co Ltd,Industrial Manufacturing,Ho Chi Minh City,Facebook Ads,MC007,P001,Technical Inquiry,50-249,1,70,0,0,No Budget,30,E103,Disqualified,No Response,5620000.0,scientific0@company.vn,0927091419
L000583,2026-08-11 09:02:00,C0010,Scientific Industrial Co Ltd,Industrial Manufacturing,Ho Chi Minh City,Facebook Ads,MC007,P003,Product Recommendation,50-249,5,77,0,0,Under Review,30,E103,Qualified,Price,3660000.0,,0983918112
L000584,2026-08-22 10:37:00,C0068,Manufacturing Advanced Vietnam,Pharmaceutical,Ho Chi Minh City,FB Ads,MC007,P001,Technical Inquiry,10-49,5,92,0,0,Under Review,90,E101,Won,,14180000.0,manufacturing2@company.vn,0924927780
L000585,2025-03-25 13:49:00,C0051,Solutions Bio Factory,Electronics,Ho Chi Minh City,Facebook Ads,MC008,P022,Distributor Inquiry,50-249,1,77,0,0,No Budget,30,E101,Disqualified,No Response,25650000.0,solutions3@company.vn,0989587933
L000586,2025-03-27 13:42:00,C0010,Scientific Industrial Co Ltd,Industrial Manufacturing,Ho Chi Minh City,Facebook Ads,MC008,P010,Sample Request,50-249,3,95,0,0,Approved,30,E102,Qualified,Specification,11070000.0,scientific4@company.vn,0933877782
L000587,2025-04-21 10:07:00,C0001,Green Asia Vietnam,Food & Beverage,Ho Chi Minh City,Facebook Ads,MC008,P027,Technical Inquiry,50-249,2,79,0,0,Unknown,30,E101,Quoted,Specification,57090000.0,green5@company.vn,0949682477
L000588,2025-05-12 08:58:00,C0138,Bio Advanced Vietnam,Pharmaceutical,Hanoi,Facebook Ads,MC008,P005,Technical Inquiry,50-249,2,79,0,0,Approved,30,E101,Qualified,No Response,8680000.0,bio6@company.vn,0977695433
L000589,2025-05-20 09:04:00,C0041,Solutions Industrial Factory,pharmaceutical,Ho Chi Minh City,Facebook Ads,MC008,P006,Stock Check,50-249,4,71,0,0,Approved,60,E101,Qualified,Lead Time,33570000.0,solutions7@company.vn,0938284222
L000590,2025-06-12 16:23:00,C0007,Nova Pharma Co Ltd,Medical Devices,Ho Chi Minh,Facebook Ads,MC008,P001,Distributor Inquiry,50-249,3,59,0,0,Approved,7,E103,Won,,5180000.0,nova8@company.vn,0949214302
L000591,2025-08-01 13:53:00,C0019,Scientific Med Factory,Trading Company,DongNai,Facebook Ads,MC008,P022,Distributor Inquiry,250-999,1,80,1,0,Unknown,30,E101,Quoted,No Budget,103690000.0,scientific9@company.vn,0978217896
L000592,2025-08-16 10:41:00,C0006,Lab Industrial JSC,Pharmaceutical,Ho Chi Minh City,Facebook Ads,MC008,P004,Product Recommendation,50-249,2,80,1,0,Approved,60,E103,Quoted,No Response,11960000.0,lab10@company.vn,0993755156
L000593,2025-08-22 10:17:00,C0016,Lab Advanced Co Ltd,Food & Beverage,Dong Nai,Facebook Ads,MC008,P023,Distributor Inquiry,50-249,2,76,1,0,Under Review,30,E101,Disqualified,Student/Research,206090000.0,lab11@company.vn,0977052139
L000594,2025-08-28 12:58:00,C0073,Med Lab Vietnam,Cleanroom contractor,DongNai,Facebook Ads,MC008,P003,Stock Check,50-249,1,77,0,0,Unknown,180,E102,Disqualified,Outside Scope,4530000.0,med12@company.vn,0958677542
L000595,2025-09-03 14:11:00,C0007,Nova Pharma Co Ltd,Medical Device,Ho Chi Minh City,Facebook Ads,MC008,P011,Price Request,50-249,1,60,1,0,Approved,90,E101,Disqualified,Student/Research,17080000.0,nova13@company.vn,0918151354
L000596,2025-09-05 14:39:00,C0002,Scientific Advanced Vietnam,Food & Beverage,Ha Noi,Facebook Ads,MC008,P001,Distributor Inquiry,1000+,5,95,1,0,Unknown,30,E101,Quoted,Price,7940000.0,scientific14@company.vn,0932703754
L000597,2025-09-13 12:43:00,C0045,Manufacturing Solutions Vietnam,Cleanroom Contractor,Long An,Facebook Ads,MC008,P002,Price Request,250-999,2,79,1,0,Under Review,60,E102,Disqualified,Student/Research,7320000.0,manufacturing15@company.vn,0999879275
L000598,2025-09-19 14:14:00,C0057,Bio Clean Co Ltd,Pharma,Binh Duong,Facebook Ads,MC008,P006,Distributor Inquiry,50-249,4,54,0,0,Unknown,60,E101,Quoted,No Budget,33620000.0,bio16@company.vn,0988252272
L000599,2025-10-17 10:39:00,C0037,Precision Clean Factory,Pharmaceutical,Dong Nai,Facebook Ads,MC008,P006,Product Recommendation,50-249,7,58,1,1,Unknown,14,E103,Disqualified,No Budget,13040000.0,precision17@company.vn,0999474109
L000600,2025-10-21 10:03:00,C0032,Bio Industrial Vietnam,Industrial Manufacturing,Ho Chi Minh City,Meta Ads,MC008,P006,Product Recommendation,50-249,4,74,0,0,Unknown,30,E101,Quoted,Project Delayed,24140000.0,bio18@company.vn,0943632286
L000601,2025-11-18 17:47:00,C0061,Med Tech Factory,Food & Beverage,Binh Duong,Facebook,MC008,P004,Stock Check,250-999,2,54,0,1,Under Review,30,E102,Quoted,Lead Time,9380000.0,med19@company.vn,0993573549
L000602,2025-11-22 16:08:00,C0030,Solutions Bio Vietnam,Medical Device,Long An,Facebook Ads,MC008,P004,Price Request,10-49,3,68,0,0,Approved,7,E101,Disqualified,Outside Scope,32440000.0,solutions20@company.vn,0960425449
L000603,2025-01-16 16:01:00,C0107,Solutions Lab JSC,Laboratory,Long An,Facebook Ads,MC009,P006,Product Recommendation,50-249,5,65,0,0,Approved,60,E101,Disqualified,Not ICP,7370000.0,solutions21@company.vn,0935146304
L000604,2025-01-28 13:17:00,C0013,Green Bio Vietnam,Trading Company,BinhDuong,Facebook Ads,MC009,P001,Technical Inquiry,1000+,1,45,0,0,Approved,180,E103,Qualified,Lead Time,47610000.0,green22@company.vn,0944822154
L000605,2025-02-06 15:33:00,C0004,Vietnam Tech Vietnam,Industrial Manufacturing,Ha Noi,Facebook Ads,MC009,P004,Sample Request,250-999,5,67,0,0,No Budget,30,E101,Disqualified,No Response,16270000.0,vietnam23@company.vn,0963624555
L000606,2025-02-24 16:16:00,C0018,Solutions Health Vietnam,Cleanroom Contractor,Ha Noi,Facebook Ads,MC009,P009,Price Request,250-999,3,90,0,1,No Budget,30,E101,Qualified,No Response,4980000.0,solutions24@company.vn,0992490140
L000607,2025-03-03 15:17:00,C0006, Lab Industrial JSC  ,Pharma,Ho Chi Minh City,Facebook Ads,MC009,P007,Stock Check,50-249,3,85,0,0,Approved,14,E103,Disqualified,No Response,10500000.0,lab25@company.vn,0938149051
L000608,2025-03-19 17:10:00,C0027,Asia Clean Vietnam,Electronic,Ho Chi Minh City,Facebook Ads,MC009,P006,Technical Inquiry,50-249,3,80,0,0,Unknown,60,E101,Qualified,No Budget,33660000.0,asia26@company.vn,0982795475
L000609,2025-04-14 10:30:00,C0003,Vietnam Green Vietnam,Medical Device,hochiminh city,FB Ads,MC009,P001,Distributor Inquiry,10-49,3,60,0,1,Approved,90,E101,Quoted,Lead Time,24380000.0,vietnam27@company.vn,0953605542
L000610,2025-04-15 12:00:00,C0042,Bio Health Co Ltd,Pharmaceutical,Ha Noi,Facebook,MC009,P006,Sample Request,50-249,4,65,0,0,Unknown,180,E102,Disqualified,No Budget,8850000.0,bio28@company.vn,0924312161
L000611,2025-04-28 13:03:00,C0002,Scientific Advanced Vietnam,Food & Beverage,Hanoi,Facebook Ads,MC009,P001,Product Recommendation,1000+,3,72,0,0,Under Review,30,E103,Qualified,No Budget,9500000.0,scientific29@company.vn,0972512842
L000612,2025-04-29 17:36:00,C0003,Vietnam Green Vietnam,Med Device,Ho Chi Minh City,Facebook Ads,MC009,P001,Sample Request,10-49,5,51,0,0,Under Review,180,E103,Disqualified,No Response,20320000.0,vietnam30@company.vn,0914528213
L000613,2025-05-06 09:24:00,C0058,Vietnam Lab JSC,Trading Company,Can Tho,Meta Ads,MC009,P019,Product Recommendation,10-49,2,82,1,0,Approved,180,E102,Won,No Response,6670000.0,vietnam31@company.vn,0971390882
L000614,2025-05-19 16:32:00,C0028,Med Bio JSC,Electronics,Binh Duong,Meta Ads,MC009,P016,Product Recommendation,10-49,5,73,1,0,Unknown,180,E101,Disqualified,No Response,20330000.0,,0974724971
L000615,2025-06-08 14:39:00,C0147,Health Electronics Co Ltd,Laboratory,Ha Noi,FB Ads,MC009,P003,Distributor Inquiry,250-999,1,72,0,1,Approved,90,E101,Qualified,No Budget,11260000.0,health33@company.vn,0973253526
L000616,2025-06-09 09:54:00,C0009,Tech Tech Factory,Pharmaceutical,Dong Nai,Facebook Ads,MC009,P003,Stock Check,50-249,3,55,0,1,Approved,30,E102,Disqualified,Not ICP,13030000.0,tech34@company.vn,0928384124
L000617,2025-07-07 17:40:00,C0001,Green Asia Vietnam,F&B,Ho Chi Minh City,Facebook Ads,MC009,P022,Stock Check,50-249,4,62,1,0,Approved,30,E101,Qualified,No Budget,45830000.0,green35@company.vn,
L000618,2025-07-09 16:35:00,C0001,Green Asia Vietnam,Food & Beverage,HCMC,Facebook Ads,MC009,P025,Distributor Inquiry,50-249,3,68,0,0,Under Review,14,E101,Won,,167310000.0,green36@company.vn,0959331241
L000619,2025-08-11 15:41:00,C0048,Green Bio Vietnam,Trading Company,Bac Ninh,Facebook Ads,MC009,P025,Price Request,50-249,3,69,0,0,Unknown,30,E102,Disqualified,Student/Research,281810000.0,green37@company.vn,0916314287
L000620,2025-08-14 14:16:00,C0005,Med Asia Vietnam,Industrial Manufacturing,Ho Chi Minh City,Facebook Ads,MC009,P024,Technical Inquiry,10-49,2,60,0,0,Unknown,30,E102,Qualified,Competitor,215160000.0,med38@company.vn,0958765643
L000621,2025-08-27 11:17:00,C0004,Vietnam Tech Vietnam,Industrial Manufacturing,Ha Noi,Facebook Ads,MC009,P001,Sample Request,250-999,3,84,1,0,Approved,60,E102,Quoted,Project Delayed,29430000.0,vietnam39@company.vn,0992942930
L000622,2025-09-01 09:26:00,C0005,Med Asia Vietnam,Industrial Manufacturing,HCMC,Facebook Ads,MC009,P002,Technical Inquiry,10-49,3,61,1,0,No Budget,60,E101,Disqualified,No Budget,20600000.0,med40@company.vn,0957407358
L000623,2025-09-05 15:15:00,C0012,Industrial Solutions JSC,Trading Company,Ho Chi Minh City,Facebook Ads,MC009,P014,Distributor Inquiry,50-249,4,59,1,0,Unknown,60,E102,Disqualified,Not ICP,8790000.0,industrial41@company.vn,0942801915
L000624,2025-09-18 17:42:00,C0013,Green Bio Vietnam,Trading,Binh Duong,Facebook Ads,MC009,P023,Price Request,1000+,3,97,0,0,No Budget,60,E101,Qualified,Price,301400000.0,green42@company.vn,0920146025
L000625,2025-09-28 11:04:00,C0163,Vietnam Asia JSC,Industrial Manufacturing,Dong Nai,Facebook Ads,MC009,P003,Price Request,50-249,1,76,0,0,Unknown,30,E102,Quoted,Competitor,18950000.0,vietnam43@company.vn,0941778367
L000626,2025-10-02 13:23:00,C0026,Precision Lab JSC,Trading Company,DongNai,Facebook Ads,MC009,P001,Price Request,50-249,10,68,0,0,Under Review,30,E101,Disqualified,No Budget,27840000.0,,0938321851
L000627,2025-11-05 14:14:00,C0020,Health Nova Co Ltd,Industrial Manufacturing,Dong Nai,Facebook Ads,MC009,P001,Product Recommendation,50-249,1,73,0,0,Approved,30,E103,Disqualified,No Response,12200000.0,health45@company.vn,0991008009
L000628,2025-11-06 09:52:00,C0023,Bio Precision JSC,Electronics,dong nai,Meta Ads,MC009,P010,Distributor Inquiry,50-249,5,93,0,0,Approved,90,E101,Disqualified,Not ICP,13890000.0,bio46@company.vn,0997696227
L000629,2025-11-16 16:12:00,C0004,Vietnam Tech Vietnam,Industrial Manufacturing,Ha Noi,Facebook Ads,MC009,P028,Price Request,250-999,3,49,0,0,Unknown,30,E101,Disqualified,Student/Research,275780000.0,vietnam47@company.vn,0911188884
L000630,2025-12-09 10:14:00,C0154,Health Electronics Co Ltd,Electronics,Dong Nai,Facebook Ads,MC009,P003,Distributor Inquiry,50-249,2,61,0,0,Unknown,90,E102,Qualified,Lead Time,15820000.0,health48@company.vn,0911667177
L000631,2025-12-15 16:10:00,C0006,Lab Industrial JSC,Pharma,Ho Chi Minh City,Facebook Ads,MC009,P022,Product Recommendation,50-249,2,79,0,0,Approved,14,E101,Quoted,Lead Time,132050000.0,lab49@company.vn,0911486625
L000632,2026-01-01 11:21:00,C0041,Solutions Industrial Factory,Pharmaceutical,Ho Chi Minh City,Facebook Ads,MC009,P009,Product Recommendation,50-249,4,55,0,0,Under Review,90,E101,Quoted,No Budget,7670000.0,solutions50@company.vn,0985568284
L000633,2026-01-05 14:17:00,C0125,Tech Asia Factory,Industrial Manufacturing,Binh Duong,Facebook Ads,MC009,P001,Price Request,10-49,5,67,0,0,No Budget,60,E103,Disqualified,No Response,35180000.0,tech51@company.vn,0942082930
L000634,2026-01-14 15:16:00,,Asia Vietnam JSC,Pharmaceutical,Ho Chi Minh,Facebook Ads,MC009,P003,Stock Check,250-999,3,37,0,0,Approved,30,E103,Won,,20930000.0,asia52@company.vn,0988133307
L000635,2026-01-14 10:46:00,C0102,Med Med Factory,Laboratory,Ha Noi,Facebook Ads,MC009,P001,Stock Check,10-49,6,83,1,0,Unknown,60,E101,Disqualified,No Response,24810000.0,,0948250793
L000636,2026-01-27 17:40:00,C0061,Med Tech Factory,Food & Beverage,Binh Duong,Facebook Ads,MC009,P001,Price Request,250-999,1,69,1,1,Unknown,30,E101,Quoted,No Budget,6920000.0,med54@company.vn,0982548872
L000637,2026-02-01 11:20:00,C0002,Scientific Advanced Vietnam,Food & Beverage,Ha Noi,Facebook Ads,MC009,P018,Sample Request,1000+,3,74,1,1,Unknown,30,E101,Disqualified,No Budget,28490000.0,scientific55@company.vn,
L000638,2026-02-09 12:03:00,C0119,Lab Electronics Vietnam,Food & Beverage,Ho Chi Minh City,Facebook Ads,MC009,P023,Technical Inquiry,50-249,3,67,0,0,Unknown,180,E101,Quoted,Price,33660000.0,lab56@company.vn,0960595590
L000639,2026/02/09 09:49,C0072,Med Vietnam Factory,Electronics,BinhDuong,Facebook Ads,MC009,P001,Product Recommendation,10-49,1,65,0,0,Under Review,14,E101,Qualified,Project Delayed,12730000.0,med57@company.vn,0937482268
L000640,2026-02-27 12:00:00,C0001,Green Asia Vietnam,Food and Beverage,Ho Chi Minh City,Facebook Ads,MC009,P001,Product Recommendation,50-249,3,74,1,0,Unknown,30,E102,Qualified,Price,14150000.0,green58@company.vn,0949942900
L000641,2026-05-14 14:02:00,,Green Asia Vietnam,Food & Beverage,Ho Chi Minh City,Facebook Ads,MC009,P007,Product Recommendation,50-249,3,84,0,0,Approved,14,E103,Disqualified,No Budget,4570000.0,green59@company.vn,0948685245
L000642,2026-05-27 13:16:00,C0173,Industrial Electronics Factory,Pharmaceutical,Ho Chi Minh City,Facebook Ads,MC009,P018,Distributor Inquiry,50-249,3,67,0,0,Unknown,30,E101,Disqualified,Not ICP,4910000.0,industrial60@company.vn,0933594598
L000643,2026-06-04 12:46:00,C0051,Solutions Bio Factory,Electronics,Ho Chi Minh City,Facebook Ads,MC009,P001,Price Request,50-249,1,56,0,0,Approved,60,E102,Qualified,No Response,19000000.0,solutions61@company.vn,0916593738
L000644,2026-06-24 17:23:00,C0001,Green Asia Vietnam,Food & Beverage,Ho Chi Minh City,Facebook Ads,MC009,P001,Technical Inquiry,50-249,4,86,0,1,Under Review,90,E102,Disqualified,No Budget,13450000.0,green62@company.vn,
L000645,2026-06-27 10:13:00,C0022,Bio Green Factory,Electronics,Ha Noi,Facebook Ads,MC009,P001,Distributor Inquiry,50-249,6,53,0,0,Approved,30,E103,Quoted,Project Delayed,17100000.0,bio63@company.vn,0995986836
L000646,2026-06-29 14:38:00,C0032,Bio Industrial Vietnam,Industrial Manufacturing,Ho Chi Minh City,Facebook Ads,MC009,P024,Product Recommendation,50-249,1,45,0,0,No Budget,30,E103,Disqualified,No Response,128550000.0,,0921302837
L000647,2026-07-02 08:03:00,C0009,Tech Tech Factory,Pharmaceutical,Dong Nai,Facebook,MC009,P022,Product Recommendation,50-249,3,72,0,0,Approved,30,E102,Quoted,Competitor,71610000.0,tech65@company.vn,0971476068
L000648,2026-07-19 12:05:00,C0004,Vietnam Tech Vietnam,Industrial Manufacturing,Ha Noi,Facebook Ads,MC009,P001,Price Request,250-999,2,47,0,0,Unknown,30,E101,Disqualified,No Response,34320000.0,vietnam66@company.vn,0955726502
L000649,2026-08-12 17:02:00,C0014,Clean Health Vietnam,Pharmaceutical,Bac Ninh,Facebook Ads,MC009,P001,Product Recommendation,50-249,2,55,0,1,Approved,14,E101,Quoted,Project Delayed,33620000.0,clean67@company.vn,0913384201
L000650,2026-08-16 09:29:00,C0001,Green Asia Vietnam,Food & Beverage,Ho Chi Minh,Facebook,MC009,P001,Stock Check,50-249,1,85,0,0,Approved,30,E103,Qualified,Project Delayed,16590000.0,green68@company.vn,0925051401
L000651,2025-01-15 11:44:00,C0051,Solutions Bio Factory,Electronics,Ho Chi Minh City,Partner Referral,MC010,P002,Distributor Inquiry,50-249,3,86,1,0,Approved,60,E103,Quoted,Price,11040000.0,,
L000652,2025-01-26 12:48:00,C0003,Vietnam Green Vietnam,Medical Device,Ho Chi Minh City,Referral,MC010,P026,Sample Request,10-49,2,87,0,0,Approved,90,E103,Qualified,Lead Time,232120000.0,vietnam70@company.vn,0956988741
L000653,2025-01-26 13:15:00,C0005,Med Asia Vietnam,Industrial Manufacturing,Ho Chi Minh City,Referral,MC010,P011,Technical Inquiry,10-49,1,51,1,0,Approved,30,E103,Qualified,Lead Time,13310000.0,med71@company.vn,0953574175
L000654,2025-02-10 13:11:00,C0149,Lab Lab Co Ltd,Food & Beverage,Can Tho,Referral,MC010,P004,Sample Request,250-999,5,79,0,0,Unknown,180,E101,Disqualified,No Budget,35530000.0,lab72@company.vn,0967586411
L000655,2025-02-14 10:46:00,C0001,Green Asia Vietnam,Food & Beverage,Ho Chi Minh City,Referral,MC010,P001,Product Recommendation,50-249,1,94,1,0,Approved,60,E102,Disqualified,Student/Research,32500000.0,green73@company.vn,0947448605
L000656,2025-04-02 11:12:00,C0169,Green Precision Co Ltd,Industrial Manufacturing,Da Nang,Partner Referral,MC010,P007,Price Request,50-249,5,68,1,0,Approved,60,E103,Quoted,Project Delayed,6400000.0,green74@company.vn,0992993849
L000657,2025-05-01 08:09:00,C0053,Health Lab JSC,Pharmaceutical,Bac Ninh,Referral,MC010,P004,Sample Request,10-49,3,90,0,0,Unknown,30,E101,Disqualified,No Budget,41260000.0,health75@company.vn,
L000658,2025-05-01 14:51:00,C0004,Vietnam Tech Vietnam,Industrial Manufacturing,Ha Noi,Referral,MC010,P006,Price Request,250-999,1,76,1,0,Unknown,14,E101,Disqualified,No Budget,3540000.0,vietnam76@company.vn,0966132615
L000659,2025-05-20 08:07:00,C0074,Green Asia Co Ltd,Medical Device,Long An,Referral,MC010,P004,Stock Check,10-49,1,95,0,0,Under Review,30,E101,Quoted,Price,32420000.0,green77@company.vn,0910623923
L000660,2025-05-21 15:09:00,C0072,Med Vietnam Factory,Electronics,Binh Duong,Referral,MC010,P001,Product Recommendation,10-49,5,70,1,1,Approved,180,E103,Won,,33550000.0,,0916614940
L000661,2025-05-25 10:34:00,C0007,Nova Pharma Co Ltd,Medical Device,Ho Chi Minh City,Referral,MC010,P001,Sample Request,50-249,4,100,0,0,Unknown,60,E101,Qualified,No Budget,12500000.0,nova79@company.vn,0968288668
L000662,2025-06-02 10:02:00,C0031,Electronics Vietnam Vietnam,Laboratory,Bac Ninh,Referral,MC010,P009,Stock Check,50-249,1,79,1,0,Approved,30,E102,Qualified,Competitor,4980000.0,electronics80@company.vn,0922696008
L000663,2025-07-04 08:50:00,C0024,Green Scientific JSC,Pharmaceutical,Bac Ninh,Referral,MC010,P001,Technical Inquiry,50-249,2,93,1,0,Under Review,30,E102,Qualified,No Budget,25640000.0,green81@company.vn,0933365551
L000664,2025-07-20 08:51:00,C0033,Precision Clean Co Ltd,pharmaceutical,Ha Noi,Referral,MC010,P004,Price Request,50-249,1,81,0,0,Approved,14,E101,Disqualified,Not ICP,36070000.0,precision82@company.vn,0948523057
L000665,2025-07-22 11:49:00,C0006,Lab Industrial JSC,Pharmaceutical,Ho Chi Minh City,Referral,MC010,P009,Price Request,50-249,1,83,0,0,Approved,14,E102,Won,,13320000.0,lab83@company.vn,0994327380
L000666,2025-07-22 15:22:00,C0003,Vietnam Green Vietnam,Medical Device,Ho Chi Minh City,Referral,MC010,P004,Distributor Inquiry,10-49,1,71,1,0,Approved,60,E102,Disqualified,Not ICP,29240000.0,,0990206568
L000667,2025-07-27 15:38:00,C9005,Lab Industrial JSC,Pharmaceutical,hochiminh city,Referral,MC010,P003,Stock Check,50-249,4,97,0,0,Unknown,90,E101,Quoted,Lead Time,10560000.0,lab85@company.vn,0932130112
L000668,2025-08-11 15:25:00,C0041,Solutions Industrial Factory,Pharmaceutical,Ho Chi Minh City,Referral,MC010,P005,Stock Check,50-249,1,80,0,0,Unknown,14,E103,Won,,20880000.0,solutions86@company.vn,0927218260
L000669,2025-09-04 14:41:00,C0001,Green Asia Vietnam,Food and Beverage,Ho Chi Minh City,referral,MC010,P005,Distributor Inquiry,50-249,1,83,0,0,Approved,60,E102,Won,,20650000.0,green87@company.vn,0963591402
L000670,2025-09-14 09:24:00,C0065,Asia Clean Co Ltd,Pharmaceutical,Ha Noi,Referral,MC010,P001,Stock Check,50-249,1,81,0,0,Unknown,60,E103,Quoted,No Response,26700000.0,asia88@company.vn,0942370368
L000671,2025-09-16 12:18:00,C0003,Vietnam Green Vietnam,Medical Device,Ho Chi Minh City,Referral,MC010,P001,Sample Request,10-49,4,92,0,0,Unknown,60,E102,Won,,14470000.0,vietnam89@company.vn,0924478885
L000672,2025-10-03 17:07:00,C0081,Bio Precision Co Ltd,Electronics,Binh Duong,Referral,MC010,P025,Sample Request,250-999,2,96,0,0,Approved,60,E101,Disqualified,Outside Scope,173390000.0,,0910469217
L000673,2025-10-08 08:35:00,C0102,Med Med Factory,Laboratory,Ha Noi,Referral,MC010,P025,Sample Request,10-49,2,100,0,0,Under Review,60,E102,Qualified,Project Delayed,65130000.0,med91@company.vn,0947543241
L000674,2025-11-19 16:58:00,C0019,Scientific Med Factory,Trading Company,Dong Nai,Referral,MC010,P001,Price Request,250-999,2,83,0,0,Approved,30,E101,Won,,10590000.0,scientific92@company.vn,0989300715
L000675,2025-11-27 17:19:00,C0036,Scientific Advanced Vietnam,Pharmaceutical,Dong Nai,Partner Referral,MC010,P001,Price Request,50-249,2,85,0,0,Approved,90,E102,Disqualified,No Response,20650000.0,scientific93@company.vn,0914865474
L000676,2025-03-12 12:17:00,C0130,Lab Health Vietnam,Pharmaceutical,Da Nang,Referral,MC011,P010,Product Recommendation,50-249,2,100,1,0,Under Review,60,E102,Qualified,Specification,11980000.0,,0912323964
L000677,2025-04-08 12:07:00,C0093,Pharma Pharma JSC,Trading Company,Ho Chi Minh City,Referral,MC011,P015,Stock Check,10-49,1,84,1,0,Unknown,30,E101,Qualified,Competitor,1720000.0,pharma95@company.vn,0941588438
L000678,2025-05-19 12:32:00,C0044,Scientific Industrial Factory,Pharma,Binh Duong,Referral,MC011,P001,Distributor Inquiry,10-49,1,89,1,0,Approved,7,E103,Qualified,Lead Time,30840000.0,scientific96@company.vn,0948729277
L000679,2025-05-21 11:55:00,C0001,Green Asia Vietnam,Food & Beverage,Ho Chi Minh,Referral,MC011,P003,Technical Inquiry,50-249,3,100,0,0,Approved,90,E102,Won,,9250000.0,green0@company.vn,0917566006
L000680,2025-06-11 10:56:00,C0016,Lab Advanced Co Ltd,Food & Beverage,Dong Nai,Referral,MC011,P001,Product Recommendation,50-249,4,54,0,0,Approved,30,E101,Quoted,Lead Time,9290000.0,lab1@company.vn,0920608423
L000681,2025-06-20 09:45:00,,Green Solutions Co Ltd,Pharmaceutical,BinhDuong,Referral,MC011,P013,Sample Request,50-249,3,87,0,1,Unknown,30,E101,Disqualified,Not ICP,8820000.0,green2@company.vn,0960675200
L000682,2025-07-07 10:37:00,C0049,Bio Pharma Factory,Industrial Manufacturing,Da Nang,Referral,MC011,P006,Product Recommendation,50-249,2,76,0,1,Approved,14,E103,Disqualified,Not ICP,29560000.0,,
L000683,2025-08-01 09:05:00,C0008,Clean Electronics Vietnam,Pharmaceutical,Binh Duong,Referral,MC011,P002,Stock Check,50-249,5,100,1,0,Unknown,90,E101,Disqualified,No Response,6100000.0,clean4@company.vn,0988971352
L000684,2025-08-01 13:44:00,C0122,Nova Electronics Factory,Pharmaceutical,Dong Nai,referral,MC011,P027,Distributor Inquiry,50-249,3,68,0,0,Approved,60,E101,Won,,206180000.0,nova5@company.vn,0950719791
L000685,2025-08-05 12:07:00,C0068,Manufacturing Advanced Vietnam,Pharmaceutical,Ho Chi Minh City,Referral,MC011,P004,Product Recommendation,10-49,1,89,0,0,Under Review,90,E101,Qualified,Specification,15040000.0,manufacturing6@company.vn,
L000686,2025-09-03 17:51:00,C0030,Solutions Bio Vietnam,Medical Device,Long An,Referral,MC011,P022,Sample Request,10-49,6,72,0,0,Approved,60,E101,Quoted,Price,46510000.0,solutions7@company.vn,0930626433
L000687,2025-09-22 11:15:00,C0043,Health Med Vietnam,Food & Beverage,Long An,Referral,MC011,P001,Distributor Inquiry,50-249,8,73,1,0,Approved,30,E103,Won,,27150000.0,health8@company.vn,0912647658
L000688,2025-09-22 08:58:00,C0046,Electronics Asia Factory,Food & Beverage,Bac Ninh,Referral,MC011,P005,Product Recommendation,10-49,4,68,0,0,No Budget,60,E101,Qualified,Lead Time,21410000.0,electronics9@company.vn,0998741812
L000689,2025-10-13 15:30:00,C0115,Health Pharma JSC,Industrial Manufacturing,Binh Duong,Partner Referral,MC011,P001,Distributor Inquiry,250-999,3,93,0,0,Under Review,7,E102,Quoted,No Budget,22710000.0,health10@company.vn,0951317207
L000690,2025-10-18 08:38:00,C0026,Precision Lab JSC,Trading Company,Dong Nai,referral,MC011,P001,Sample Request,50-249,1,78,0,0,Unknown,30,E103,Disqualified,Student/Research,32940000.0,precision11@company.vn,0918971920
L000691,2025-10-21 09:14:00,C0019,Scientific Med Factory,Trading Company,Dong Nai,Referral,MC011,P022,Sample Request,250-999,1,62,0,0,Unknown,30,E101,Disqualified,No Budget,78600000.0,scientific12@company.vn,0913995606
L000692,2025-10-30 09:33:00,C0120, Industrial Bio Co Ltd  ,Food & Beverage,Ho Chi Minh City,Referral,MC011,P002,Distributor Inquiry,50-249,3,99,1,0,No Budget,60,E102,Qualified,Competitor,4750000.0,industrial13@company.vn,0964006952
L000693,2025-11-03 12:19:00,C0148,Clean Green JSC,Pharma,Binh Duong,Partner Referral,MC011,P015,Price Request,250-999,1,88,1,0,Under Review,90,E101,Won,,1310000.0,clean14@company.vn,0982660576
L000694,2025-11-03 14:31:00,C0010,Scientific Industrial Co Ltd,Industrial Manufacturing,Ho Chi Minh City,Referral,MC011,P027,Technical Inquiry,50-249,2,98,1,1,Unknown,60,E101,Qualified,Lead Time,125540000.0,scientific15@company.vn,0950875415
L000695,2025-11-06 12:17:00,C0034,Green Lab Co Ltd,Medical Device,Da Nang,Referral,MC011,P006,Product Recommendation,50-249,4,91,1,0,Under Review,14,E101,Disqualified,Not ICP,13060000.0,green16@company.vn,0966608218
L000696,2025-11-07 09:32:00,C0007,Nova Pharma Co Ltd,Med Device,Ho Chi Minh City,Referral,MC011,P004,Distributor Inquiry,50-249,4,86,1,0,Unknown,14,E103,Quoted,Lead Time,25090000.0,nova17@company.vn,0938954255
L000697,2025-11-20 08:35:00,C0138,Bio Advanced Vietnam,Pharmaceutical,Ha Noi,Referral,MC011,P001,Product Recommendation,50-249,1,94,1,0,Approved,14,E101,Quoted,Lead Time,25310000.0,bio18@company.vn,0953714528
L000698,2025-12-04 13:07:00,C0049,Bio Pharma Factory,Industrial Manufacturing,Da Nang,Referral,MC011,P001,Sample Request,50-249,2,80,0,0,Under Review,90,E102,Disqualified,Not ICP,13690000.0,bio19@company.vn,0958757350
L000699,2025-12-07 11:44:00,C0042,Bio Health Co Ltd,Pharmaceutical,Ha Noi,Referral,MC011,P001,Sample Request,50-249,3,70,0,0,Under Review,60,E103,Disqualified,No Budget,21090000.0,bio20@company.vn,0944064505
L000700,2025/12/28 08:24,C0145,Bio Health Vietnam,Cleanroom Contractor,dong nai,Referral,MC011,P001,Technical Inquiry,1000+,1,87,0,0,Unknown,14,E102,Disqualified,No Response,34120000.0,bio21@company.vn,0923570485
L000701,2026-01-20 13:46:00,C0002,Scientific Advanced Vietnam,Food & Beverage,Ha Noi,Referral,MC011,P004,Sample Request,1000+,1,96,1,0,No Budget,14,E102,Quoted,No Response,44690000.0,scientific22@company.vn,0999010212
L000702,2026-01-21 15:16:00,C0017,Advanced Vietnam Co Ltd,Medical Device,Dong Nai,Referral,MC011,P007,Distributor Inquiry,50-249,2,86,0,0,Unknown,30,E103,Disqualified,Not ICP,1350000.0,advanced23@company.vn,0933813970
L000703,2026-02-06 10:26:00,C0005,Med Asia Vietnam,Industrial Manufacturing,Ho Chi Minh City,Referral,MC011,P001,Price Request,10-49,7,89,1,0,No Budget,14,E103,Won,,9970000.0,,0978990318
L000704,2026-02-08 08:49:00,C0004,Vietnam Tech Vietnam,Industrial Manufacturing,Ha Noi,Referral,MC011,P004,Technical Inquiry,250-999,3,99,0,0,Unknown,14,E101,Disqualified,No Response,10330000.0,vietnam25@company.vn,0943418649
L000705,2026-02-11 08:28:00,,Precision Lab JSC,Distributor,Dong Nai,Referral,MC011,P001,Technical Inquiry,50-249,2,76,1,0,Approved,180,E101,Qualified,No Response,26880000.0,precision26@company.vn,0934381515
L000706,2026/02/14 17:37,C0024,Green Scientific JSC,Pharmaceutical,Bac Ninh,Referral,MC011,P005,Distributor Inquiry,50-249,5,95,0,0,Unknown,30,E102,Qualified,Price,6380000.0,green27@company.vn,0966533825
L000707,2026-03-12 11:42:00,C0174,Asia Scientific Vietnam,Food & Beverage,Dong Nai,Referral,MC011,P026,Distributor Inquiry,250-999,1,79,1,0,Unknown,30,E101,Quoted,Price,238600000.0,asia28@company.vn,0916410926
L000708,2026-03-20 15:27:00,C0023,Bio Precision JSC,Electronics,Dong Nai,Referral,MC011,P003,Product Recommendation,50-249,1,92,1,1,Unknown,14,E102,Won,,7650000.0,bio29@company.vn,0930922249
L000709,2026-03-31 14:12:00,C0162,Solutions Vietnam Factory,Pharmaceutical,Binh Duong,Referral,MC011,P006,Price Request,50-249,3,100,0,0,Approved,7,E101,Quoted,Price,14660000.0,solutions30@company.vn,0919814810
L000710,2026-04-20 17:45:00,C0041,Solutions Industrial Factory,Pharmaceutical,Ho Chi Minh City,Referral,MC011,P001,Price Request,50-249,2,67,1,0,No Budget,7,E102,Quoted,Lead Time,25040000.0,,0923381673
L000711,2026-04-21 13:40:00,C0015,Lab Green Co Ltd,Trading Company,Ha Noi,Referral,MC011,P001,Price Request,50-249,1,99,0,0,Approved,90,E102,Quoted,Competitor,14060000.0,lab32@company.vn,0935336321
L000712,2026-05-09 10:07:00,,Industrial Bio Co Ltd,F&B,Ho Chi Minh City,Referral,MC011,P002,Stock Check,50-249,1,81,1,0,Unknown,60,E102,Qualified,Lead Time,5720000.0,industrial33@company.vn,0917726677
L000713,2026-05-20 12:40:00,C0001,Green Asia Vietnam,Food & Beverage,Ho Chi Minh City,Referral,MC011,P007,Sample Request,50-249,3,91,0,0,Unknown,14,E101,Qualified,Price,3730000.0,green34@company.vn,0974497427
L000714,2026-05-25 17:26:00,C0003,Vietnam Green Vietnam,Medical Device,Ho Chi Minh City,Referral,MC011,P001,Distributor Inquiry,10-49,2,77,0,0,No Budget,180,E101,Quoted,Project Delayed,23400000.0,vietnam35@company.vn,0928557671
L000715,2026-07-29 09:37:00,C0007,Nova Pharma Co Ltd,Medical Device,Ho Chi Minh City,Referral,MC011,P001,Sample Request,50-249,3,54,0,0,No Budget,30,E101,Qualified,Price,35010000.0,nova36@company.vn,
L000716,2026-08-13 08:50:00,C0035,Pharma Scientific Vietnam,Pharmaceutical,Ho Chi Minh City,Referral,MC011,P024,Product Recommendation,1000+,1,55,0,0,Unknown,14,E101,Qualified,Price,435990000.0,pharma37@company.vn,0985172451
L000717,2025-01-16 14:08:00,C0080,Industrial Med Factory,Medical Device,Binh Duong,Email,MC012,P008,Stock Check,1000+,4,59,1,0,Unknown,30,E101,Qualified,No Response,8230000.0,industrial38@company.vn,0918427360
L000718,2025-01-26 17:20:00,C0066,Lab Green Factory,Distributor,Binh Duong,Email,MC012,P004,Stock Check,250-999,3,85,0,0,Approved,30,E102,Quoted,Project Delayed,6130000.0,lab39@company.vn,0983056935
L000719,2025-01-31 09:54:00,C0117, Electronics Manufacturing JSC  ,Electronics,Bac Ninh,Email,MC012,P013,Price Request,50-249,2,51,0,1,Unknown,30,E102,Disqualified,No Budget,10070000.0,electronics40@company.vn,0939754534
L000720,2025-01-31 11:46:00,C0129,Lab Solutions Vietnam,Distributor,Ho Chi Minh City,Email,MC012,P001,Technical Inquiry,1000+,1,77,1,0,Approved,14,E101,Quoted,No Budget,14560000.0,lab41@company.vn,0972291736
L000721,2025-02-28 14:50:00,C0001,Green Asia Vietnam,Food & Beverage,TP.HCM,Email,MC012,P005,Product Recommendation,50-249,4,95,0,0,Under Review,7,E102,Quoted,Lead Time,6350000.0,green42@company.vn,0957430027
L000722,2025-03-14 09:52:00,C0002,Scientific Advanced Vietnam,Food & Beverage,Ha Noi,Email,MC012,P001,Stock Check,1000+,4,93,1,0,Approved,90,E101,Disqualified,Student/Research,34320000.0,scientific43@company.vn,0929690226
L000723,2025-03-19 09:07:00,C0028,Med Bio JSC,Electronics,BinhDuong,Email,MC012,P011,Distributor Inquiry,10-49,2,75,0,1,Approved,60,E102,Won,,8420000.0,med44@company.vn,0970198424
L000724,2025-05-18 14:13:00,C0011,Asia Vietnam JSC,Pharmaceutical,Ho Chi Minh City,email,MC012,P001,Distributor Inquiry,250-999,5,54,0,0,Approved,14,E102,Won,,32550000.0,asia45@company.vn,0978472691
L000725,2025-06-02 09:30:00,C0134,Health Scientific Vietnam,Medical Device,Ho Chi Minh City,Email,MC012,P001,Product Recommendation,50-249,3,67,0,0,Unknown,7,E102,Qualified,Specification,30670000.0,health46@company.vn,0973632795
L000726,2025-06-11 12:54:00,C0005,Med Asia Vietnam,Industrial Mfg,TP.HCM,Email,MC012,P016,Distributor Inquiry,10-49,1,92,0,0,Unknown,90,E103,Disqualified,Outside Scope,21420000.0,med47@company.vn,0918942333
L000727,2025-07-08 14:11:00,C0041, Solutions Industrial Factory  ,Pharmaceutical,Ho Chi Minh City,Email,MC012,P002,Distributor Inquiry,50-249,3,57,0,0,Unknown,60,E102,Disqualified,No Response,18520000.0,solutions48@company.vn,0969015559
L000728,2025-07-18 08:34:00,C0032,Bio Industrial Vietnam,Industrial Manufacturing,Ho Chi Minh City,Email,MC012,P001,Stock Check,50-249,4,92,1,0,Approved,30,E103,Won,,23480000.0,bio49@company.vn,
L000729,2025-07-25 17:46:00,C0018,Solutions Health Vietnam,Cleanroom Contractor,Ha Noi,Email,MC012,P001,Sample Request,250-999,2,75,0,0,Under Review,14,E103,Qualified,Project Delayed,29770000.0,solutions50@company.vn,0956092339
L000730,2025-08-14 10:14:00,C0001,Green Asia Vietnam,Food & Beverage,Ho Chi Minh City,Email,MC012,P009,Price Request,50-249,2,74,1,0,Unknown,180,E102,Disqualified,No Response,3560000.0,green51@company.vn,0949061915
L000731,2025-10-01 13:13:00,C0021,Solutions Clean Factory,Pharmaceutical,Ho Chi Minh City,Email,MC012,P010,Sample Request,10-49,2,53,0,0,Approved,30,E101,Disqualified,Not ICP,23760000.0,solutions52@company.vn,0996278441
L000732,2025-11-14 10:42:00,C0138, Bio Advanced Vietnam  ,Pharmaceutical,Ha Noi,Email,MC012,P012,Technical Inquiry,50-249,2,77,1,0,Under Review,90,E103,Won,,21190000.0,bio53@company.vn,
L000733,2025-11-28 13:30:00,C0110,Green Industrial Co Ltd,Pharmaceutical,Binh Duong,Email,MC012,P004,Technical Inquiry,1000+,3,98,0,0,Unknown,14,E101,Quoted,Price,74850000.0,green54@company.vn,
L000734,2026-01-09 09:50:00,C0103,Vietnam Health Vietnam,Industrial Manufacturing,Dong Nai,Email,MC012,P018,Product Recommendation,1000+,3,77,0,0,Under Review,60,E103,Won,,3900000.0,vietnam55@company.vn,0990010072
L000735,2026-03-03 15:22:00,C0042,Bio Health Co Ltd,Pharma,Ha Noi,Email,MC012,P002,Sample Request,50-249,4,72,0,0,Unknown,7,E101,Won,,15000000.0,bio56@company.vn,
L000736,2026-03-06 16:35:00,C0004,Vietnam Tech Vietnam,Industrial Manufacturing,Ha Noi,Email,MC012,P004,Technical Inquiry,250-999,4,66,0,0,Approved,90,E101,Quoted,No Response,30450000.0,,0993448184
L000737,2026-03-06 16:40:00,C0096,Green Electronics Factory,Med Device,Dong Nai,Email,MC012,P023,Stock Check,50-249,2,48,0,0,Approved,90,E101,Disqualified,Outside Scope,117200000.0,green58@company.vn,0960751539
L000738,2026-03-29 09:48:00,C0015,Lab Green Co Ltd,Trading Company,Ha Noi,Email,MC012,P011,Technical Inquiry,50-249,6,54,0,1,Unknown,60,E102,Disqualified,Not ICP,1820000.0,lab59@company.vn,0990913006
L000739,2026-04-02 16:37:00,C0167,Health Health Co Ltd,Medical Devices,Ho Chi Minh City,Email,MC012,P001,Sample Request,50-249,8,85,0,0,Approved,14,E101,Qualified,Price,15290000.0,health60@company.vn,0953744593
L000740,2026-04-16 15:14:00,C0010,Scientific Industrial Co Ltd,Industrial Manufacturing,Ho Chi Minh City,Email,MC012,P027,Product Recommendation,50-249,4,100,0,0,Approved,7,E102,Quoted,No Response,176330000.0,scientific61@company.vn,0974653117
L000741,2026-04-20 16:44:00,C0001,Green Asia Vietnam,Food & Beverage,Ho Chi Minh City,Email,MC012,P004,Distributor Inquiry,50-249,3,94,0,0,Approved,7,E101,Quoted,Lead Time,23250000.0,,0962874919
L000742,2026-05-15 11:31:00,C0020,Health Nova Co Ltd,Manufacturing,Dong Nai,Email,MC012,P013,Product Recommendation,50-249,3,100,0,0,Unknown,7,E102,Disqualified,No Response,16050000.0,health63@company.vn,0926304352
L000743,2026-06-09 10:43:00,,Clean Electronics Vietnam,Pharmaceutical,Binh Duong,Email,MC012,P002,Price Request,50-249,2,62,0,1,Approved,60,E101,Won,,18230000.0,clean64@company.vn,0977209820
L000744,2026-07-04 17:07:00,C0084,Nova Vietnam JSC,Electronic,Dong Nai,Email,MC012,P027,Distributor Inquiry,250-999,4,62,1,0,Approved,180,E103,Disqualified,Not ICP,160560000.0,,0925799379
L000745,2025-06-09 09:20:00,C0021,Solutions Clean Factory,Pharma,hochiminh city,Email,MC013,P002,Price Request,10-49,8,77,0,0,Approved,30,E103,Disqualified,No Budget,4590000.0,solutions66@company.vn,0918655560
L000746,19/08/2025 10:49,C0051,Solutions Bio Factory,Electronics,Ho Chi Minh City,Email,MC013,P001,Price Request,50-249,7,74,0,0,Unknown,14,E102,Won,,16730000.0,solutions67@company.vn,0936402614
L000747,2025-10-01 08:34:00,,Green Lab Co Ltd,Medical Device,Da Nang,Email,MC013,P001,Product Recommendation,50-249,5,73,0,1,Under Review,7,E103,Qualified,Specification,3000000.0,green68@company.vn,0997519369
L000748,2025-11-14 15:36:00,C0009,Tech Tech Factory,Pharmaceutical,Dong Nai,EDM,MC013,P009,Technical Inquiry,50-249,4,76,1,1,Approved,30,E102,Won,,13080000.0,tech69@company.vn,0992551430
L000749,2025-11-21 13:40:00,C0015,Lab Green Co Ltd,Trading Company,Ha Noi,EDM,MC013,P001,Technical Inquiry,50-249,3,70,0,0,Unknown,90,E101,Qualified,Competitor,4630000.0,lab70@company.vn,0983591615
L000750,2025-12-25 08:14:00,C0130,Lab Health Vietnam,Pharmaceutical,Da Nang,Email,MC013,P001,Sample Request,50-249,3,57,1,0,Unknown,14,E101,Won,,23200000.0,lab71@company.vn,0988025339
L000751,2026-01-26 16:06:00,C0060,Tech Advanced Factory,Pharmaceutical,Dong Nai,Email,MC013,P002,Product Recommendation,1000+,1,71,0,0,Approved,30,E103,Qualified,No Budget,42920000.0,tech72@company.vn,0946980259
L000752,2026-01-27 10:59:00,C0010,Scientific Industrial Co Ltd,Industrial Manufacturing,Ho Chi Minh City,Email,MC013,P024,Stock Check,50-249,1,60,0,0,Under Review,30,E102,Qualified,Price,132200000.0,scientific73@company.vn,0933141220
L000753,2026-02-24 10:08:00,C0034,Green Lab Co Ltd,Medical Device,Da Nang,Email,MC013,P004,Sample Request,50-249,3,86,0,1,Unknown,180,E101,Disqualified,Not ICP,34640000.0,green74@company.vn,0958205393
L000754,2026-03-23 10:14:00,C0082,Health Tech Vietnam,Electronics,Ha Noi,Email,MC013,P011,Price Request,1000+,4,77,0,0,Approved,30,E103,Disqualified,Student/Research,7090000.0,health75@company.vn,0912928733
L000755,2026-03-26 17:10:00,C0002,Scientific Advanced Vietnam,Food and Beverage,Ha Noi,email,MC013,P005,Stock Check,1000+,5,85,1,1,Unknown,30,E102,Quoted,Specification,57250000.0,scientific76@company.vn,0920493457
L000756,2026-03-31 16:26:00,C0042,Bio Health Co Ltd,Pharmaceutical,Ha Noi,Email,MC013,P003,Technical Inquiry,50-249,2,63,0,0,Unknown,60,E101,Quoted,Project Delayed,6640000.0,bio77@company.vn,
L000757,2026-04-03 14:45:00,C0019,Scientific Med Factory,Trading Company,Dong Nai,Email,MC013,P002,Stock Check,250-999,2,55,0,0,Under Review,60,E103,Qualified,Specification,6570000.0,scientific78@company.vn,0962006868
L000758,2026-04-21 13:08:00,C0002,Scientific Advanced Vietnam,Food and Beverage,Ha Noi,Email,MC013,P004,Product Recommendation,1000+,3,72,0,0,Approved,14,E103,Qualified,Price,7090000.0,,0925655223
L000759,2026-07-20 16:11:00,,Vietnam Tech Vietnam,Industrial Manufacturing,Ha Noi,EDM,MC013,P002,Product Recommendation,250-999,1,74,0,1,Under Review,60,E102,Won,,5320000.0,vietnam80@company.vn,0997460901
L000760,2026-08-06 10:13:00,C0123,Asia Asia Factory,Food & Beverage,Binh Duong,Email,MC013,P016,Stock Check,1000+,5,76,0,0,Approved,60,E102,Qualified,No Budget,16260000.0,asia81@company.vn,0948238584
L000761,2026-08-10 15:17:00,C0001,Green Asia Vietnam,Food & Beverage,Ho Chi Minh City,Email,MC013,P002,Sample Request,50-249,4,45,0,0,Unknown,30,E102,Disqualified,Student/Research,15370000.0,green82@company.vn,0913553848
L000762,2026-08-13 12:21:00,C0019,Scientific Med Factory,Trading Company,Dong Nai,Email,MC013,P015,Technical Inquiry,250-999,1,83,0,0,Approved,60,E101,Quoted,Specification,7830000.0,scientific83@company.vn,0981490545
L000763,2026-08-21 16:05:00,C0015,Lab Green Co Ltd,Trading Company,Ha Noi,Email,MC013,P007,Product Recommendation,50-249,1,70,1,1,Unknown,90,E102,Quoted,Price,5700000.0,lab84@company.vn,0913518857
L000764,2026-08-21 12:55:00,C0010,Scientific Industrial Co Ltd,Industrial Manufacturing,Ho Chi Minh City,EDM,MC013,P005,Price Request,50-249,5,63,0,0,Under Review,90,E102,Disqualified,No Response,18500000.0,scientific85@company.vn,0986762291
L000765,2026-08-27 14:26:00,C0014,Clean Health Vietnam,Pharmaceutical,Bac Ninh,Email,MC013,P005,Price Request,50-249,5,93,1,0,Under Review,60,E101,Quoted,No Budget,32940000.0,clean86@company.vn,0992249954
L000766,2026-08-28 10:43:00,C0109,Advanced Industrial JSC,Medical Device,Long An,Email,MC013,P003,Price Request,50-249,4,73,0,0,Under Review,14,E101,Disqualified,Not ICP,10050000.0,advanced87@company.vn,0972947316
L000767,2025-01-21 15:48:00,C0001,Green Asia Vietnam,Food & Beverage,Ho Chi Minh City,Direct,MC014,P003,Stock Check,50-249,1,59,0,0,Unknown,30,E102,Disqualified,Not ICP,16740000.0,,0924354710
L000768,2025-01-24 12:27:00,C0006,Lab Industrial JSC,Pharmaceutical,HCMC,Direct Traffic,MC014,P001,Distributor Inquiry,50-249,1,69,0,0,Under Review,60,E102,Disqualified,Not ICP,18420000.0,lab89@company.vn,0936103725
L000769,2025-03-14 13:26:00,C0046,Electronics Asia Factory,Food & Beverage,Bac Ninh,Direct,MC014,P004,Sample Request,10-49,4,93,1,0,Unknown,90,E101,Won,,8460000.0,electronics90@company.vn,0932832340
L000770,2025-03-31 10:22:00,,Lab Lab Co Ltd,Food & Beverage,Can Tho,Direct,MC014,P011,Sample Request,250-999,3,68,0,0,Under Review,14,E101,Disqualified,No Budget,5160000.0,lab91@company.vn,0945732151
L000771,2025-04-10 17:57:00,C0071,Bio Advanced Factory,Pharma,Binh Duong,Direct,MC014,P025,Product Recommendation,50-249,5,63,0,0,Approved,30,E101,Qualified,Competitor,137500000.0,bio92@company.vn,0939536314
L000772,2025-04-16 11:12:00,C0004,Vietnam Tech Vietnam,Industrial Manufacturing,Ha Noi,Direct,MC014,P001,Distributor Inquiry,250-999,2,74,0,0,Approved,60,E101,Quoted,Competitor,10510000.0,,0917603672
L000773,2025-05-06 17:14:00,C0048,Green Bio Vietnam,Trading,Bac Ninh,direct,MC014,P003,Distributor Inquiry,50-249,2,68,1,1,Approved,30,E101,Quoted,Project Delayed,20690000.0,green94@company.vn,0985685457
L000774,2025-05-13 17:32:00,C0045,Manufacturing Solutions Vietnam,Cleanroom Contractor,Long An,Direct,MC014,P019,Price Request,250-999,7,89,0,1,Approved,60,E102,Quoted,Price,16420000.0,manufacturing95@company.vn,0920345360
L000775,2025-05-27 08:48:00,C0059,Tech Tech JSC,Electronic,Ha Noi,direct,MC014,P003,Price Request,1000+,2,88,0,0,Under Review,14,E101,Quoted,Specification,35900000.0,tech96@company.vn,0930735760
L000776,2025-06-06 16:56:00,C0005, Med Asia Vietnam  ,Industrial Manufacturing,HCMC,Direct,MC014,P001,Stock Check,10-49,1,68,1,0,No Budget,14,E101,Won,,19590000.0,med0@company.vn,0956480116
L000777,2025-07-30 16:24:00,C0017,Advanced Vietnam Co Ltd,Medical Device,Dong Nai,Direct,MC014,P022,Distributor Inquiry,50-249,1,65,0,0,Unknown,60,E103,Disqualified,Student/Research,128890000.0,advanced1@company.vn,
L000778,2025-07-31 12:24:00,C0127,Health Manufacturing Vietnam,Electronics,Ha Noi,Direct Traffic,MC014,P023,Technical Inquiry,10-49,6,73,0,0,Unknown,30,E102,Quoted,Lead Time,20800000.0,health2@company.vn,0968064587
L000779,2025-08-12 13:12:00,C0013,Green Bio Vietnam,Trading Company,Binh Duong,direct,MC014,P002,Stock Check,1000+,1,64,1,1,Unknown,90,E103,Disqualified,No Budget,36750000.0,green3@company.vn,0992348114
L000780,2025-08-13 09:49:00,C0003,Vietnam Green Vietnam,Medical Device,HCMC,Direct Traffic,MC014,P002,Price Request,10-49,3,43,0,0,Approved,30,E101,Disqualified,Student/Research,23740000.0,vietnam4@company.vn,0949747438
L000781,2025-08-18 14:44:00,C0001,Green Asia Vietnam,Food & Beverage,Ho Chi Minh City,Direct,MC014,P001,Distributor Inquiry,50-249,3,54,0,0,Approved,60,E102,Disqualified,Student/Research,33080000.0,green5@company.vn,0935001387
L000782,2025-08-21 08:43:00,C0056,Med Scientific Factory,Laboratory,BINH DUONG,Direct,MC014,P023,Distributor Inquiry,1000+,2,48,0,0,Approved,14,E102,Qualified,No Response,176330000.0,med6@company.vn,0911157899
L000783,2025-09-16 16:14:00,C0015,Lab Green Co Ltd,Trading Company,Ha Noi,Direct,MC014,P001,Stock Check,50-249,3,74,0,0,Approved,14,E103,Won,,3890000.0,lab7@company.vn,0912031496
L000784,2025-09-20 11:39:00,C0126,Precision Industrial Co Ltd,Medical Device,Ho Chi Minh City,Direct,MC014,P002,Price Request,250-999,3,57,0,0,Under Review,30,E101,Quoted,Competitor,19820000.0,precision8@company.vn,0930461351
L000785,2025-10-01 13:10:00,C0058,Vietnam Lab JSC,Trading,Can Tho,direct,MC014,P001,Product Recommendation,10-49,2,69,1,0,Unknown,30,E102,Disqualified,No Budget,12160000.0,vietnam9@company.vn,0975435301
L000786,2025-10-03 08:58:00,C0046,Electronics Asia Factory,Food & Beverage,Bac Ninh,direct,MC014,P002,Product Recommendation,10-49,1,56,0,0,Unknown,7,E103,Qualified,Price,10150000.0,electronics10@company.vn,
L000787,2025-10-08 09:04:00,C0073,Med Lab Vietnam,Cleanroom Contractor,Dong Nai,Direct,MC014,P003,Technical Inquiry,50-249,3,84,1,0,Under Review,60,E101,Quoted,Specification,22170000.0,med11@company.vn,0937928829
L000788,2025-10-31 09:41:00,C0002,Scientific Advanced Vietnam,Food & Beverage,Ha Noi,Direct Traffic,MC014,P032,Product Recommendation,1000+,1,66,0,0,Unknown,90,E103,Quoted,Price,486750000.0,scientific12@company.vn,0983958284
L000789,2025-11-10 12:53:00,C0010,Scientific Industrial Co Ltd,Industrial Mfg,hochiminh city,Direct,MC014,P001,Product Recommendation,50-249,5,80,0,1,Unknown,7,E103,Won,,15510000.0,scientific13@company.vn,0988180784
L000790,2025-12-03 10:21:00,C0008,Clean Electronics Vietnam,Pharmaceutical,Binh Duong,Direct,MC014,P002,Product Recommendation,50-249,1,77,0,0,Approved,180,E103,Disqualified,No Response,19830000.0,clean14@company.vn,
L000791,2025-12-07 16:45:00,C0010,Scientific Industrial Co Ltd,Industrial Manufacturing,Ho Chi Minh City,Direct,MC014,P005,Technical Inquiry,50-249,5,66,0,1,Unknown,180,E101,Disqualified,Not ICP,24860000.0,scientific15@company.vn,0927001753
L000792,2025-12-08 17:16:00,C0018,Solutions Health Vietnam,Cleanroom Contractor,Ha Noi,Direct,MC014,P007,Distributor Inquiry,250-999,2,78,1,0,Unknown,60,E101,Won,,8900000.0,solutions16@company.vn,0929620085
L000793,2025-12-13 14:49:00,C0085,Health Med Vietnam,Electronics,Dong Nai,Direct,MC014,P002,Price Request,1000+,3,71,1,0,Under Review,14,E101,Quoted,Competitor,14690000.0,health17@company.vn,0964246484
L000794,2025-12-28 12:58:00,C0048,Green Bio Vietnam,Trading Company,Bac Ninh,Direct,MC014,P007,Stock Check,50-249,3,57,0,0,Under Review,60,E103,Quoted,Price,9140000.0,,0962776077
L000795,2026-01-30 11:30:00,C0033,Precision Clean Co Ltd,Pharmaceutical,Ha Noi,Direct,MC014,P014,Technical Inquiry,50-249,2,48,0,0,Approved,30,E101,Qualified,Project Delayed,4150000.0,,0993647458
L000796,2026-02-02 14:15:00,C0001,Green Asia Vietnam,Food & Beverage,Ho Chi Minh City,Direct,MC014,P002,Price Request,50-249,4,68,0,1,Under Review,30,E103,Won,,3250000.0,green20@company.vn,0923985525
L000797,2026-02-09 09:56:00,C0134,Health Scientific Vietnam,Medical Device,Ho Chi Minh City,Direct,MC014,P006,Product Recommendation,50-249,1,69,1,0,Approved,30,E103,Won,,25260000.0,,0938564125
L000798,2026-02-12 13:34:00,C0029,Precision Asia Vietnam,Cleanroom Contractor,HCMC,Direct,MC014,P001,Product Recommendation,10-49,3,78,0,0,Under Review,7,E101,Disqualified,No Response,18980000.0,precision22@company.vn,0996912779
L000799,2026-02-19 10:50:00,C0103,Vietnam Health Vietnam,Industrial Manufacturing,Dong Nai,Direct,MC014,P001,Product Recommendation,1000+,6,46,0,0,Under Review,14,E101,Disqualified,Outside Scope,61410000.0,vietnam23@company.vn,0922861503
L000800,2026-03-09 14:05:00,C0002,Scientific Advanced Vietnam,Food & Beverage,Ha Noi,Direct,MC014,P002,Price Request,1000+,1,58,0,0,Approved,60,E103,Disqualified,No Budget,22160000.0,scientific24@company.vn,0993880436
L000801,2026-03-13 14:24:00,C0001,Green Asia Vietnam,Food & Beverage,Ho Chi Minh City,direct,MC014,P002,Technical Inquiry,50-249,2,70,1,0,Approved,60,E102,Won,,15630000.0,green25@company.vn,0984041062
L000802,2026-04-13 15:13:00,C0149,Lab Lab Co Ltd,Food & Beverage,Can Tho,Direct,MC014,P001,Technical Inquiry,250-999,2,62,0,0,Unknown,60,E103,Disqualified,Not ICP,27040000.0,lab26@company.vn,0934021501
L000803,2026-04-30 17:03:00,C0168,Solutions Pharma JSC,Trading Company,Long An,Direct,MC014,P008,Technical Inquiry,50-249,3,47,0,1,Unknown,14,E103,Disqualified,No Budget,4720000.0,solutions27@company.vn,0965890079
L000804,2026-05-10 15:06:00,C0006,Lab Industrial JSC,Pharmaceutical,Ho Chi Minh City,Direct,MC014,P004,Stock Check,50-249,4,58,1,0,Under Review,90,E102,Qualified,Competitor,13150000.0,lab28@company.vn,0950327680
L000805,2026-05-12 11:15:00,C0102,Med Med Factory,Laboratory,Ha Noi,direct,MC014,P002,Sample Request,10-49,4,57,1,0,Approved,14,E103,Quoted,Lead Time,24770000.0,med29@company.vn,0936746566
L000806,2026-07-08 17:34:00,C0124,Green Precision Vietnam,Electronics,Ho Chi Minh City,Direct,MC014,P010,Technical Inquiry,10-49,3,58,0,1,Approved,30,E101,Quoted,Specification,17930000.0,green30@company.vn,0923896644
L000807,2026-07-16 12:55:00,C0083,Nova Health JSC,Medical Device,Dong Nai,Direct,MC014,P002,Price Request,250-999,3,79,1,0,Under Review,60,E101,Quoted,Lead Time,7850000.0,nova31@company.vn,0981606738
L000808,2026-07-17 09:28:00,C0060,Tech Advanced Factory,PHARMACEUTICAL,Dong Nai,Direct,MC014,P001,Technical Inquiry,1000+,6,73,0,1,Under Review,180,E102,Qualified,Competitor,31230000.0,tech32@company.vn,0989734840
L000809,2026-07-28 17:28:00,C0027,Asia Clean Vietnam,electronics,Ho Chi Minh City,Direct,MC014,P002,Distributor Inquiry,50-249,3,76,0,0,Approved,30,E101,Quoted,Lead Time,11530000.0,,0911434347
L000810,2026-08-12 11:47:00,C0021,Solutions Clean Factory,Pharmaceutical,Ho Chi Minh City,Direct,MC014,P002,Sample Request,10-49,1,79,0,0,Under Review,30,E102,Disqualified,Student/Research,3780000.0,solutions34@company.vn,0939282575
L000811,2026-08-14 08:19:00,C0039,Tech Health Co Ltd,Electronics,Ho Chi Minh City,Direct Traffic,MC014,P004,Stock Check,1000+,1,74,0,0,Approved,30,E102,Disqualified,No Budget,19800000.0,tech35@company.vn,0965534903
L000812,2025-05-26 15:20:00,C9005,Lab Industrial JSC,Pharmaceutical,Ho Chi Minh City,Direct,MC015,P013,Product Recommendation,50-249,3,86,1,0,Under Review,90,E101,Won,,9850000.0,lab36@company.vn,0918435486
L000813,2025-05-26 13:52:00,C0008,Clean Electronics Vietnam,Pharmaceutical,Binh Duong,Direct,MC015,P024,Stock Check,50-249,2,76,0,1,Approved,14,E103,Disqualified,Not ICP,190340000.0,clean37@company.vn,0948157499
L000814,2025-06-02 13:44:00,C0039,Tech Health Co Ltd,Electronics,Ho Chi Minh City,Direct,MC015,P001,Sample Request,1000+,3,78,0,0,Under Review,30,E101,Qualified,No Response,37460000.0,tech38@company.vn,0977667272
L000815,2025-06-16 15:46:00,C0039,Tech Health Co Ltd,Electronics,Ho Chi Minh City,Direct,MC015,P019,Distributor Inquiry,1000+,2,58,0,0,Under Review,14,E102,Qualified,Lead Time,22680000.0,tech39@company.vn,0937814088
L000816,2025-06-18 09:32:00,C0018,Solutions Health Vietnam,Cleanroom Contractor,Ha Noi,Direct,MC015,P001,Sample Request,250-999,1,80,0,0,Unknown,60,E102,Qualified,No Budget,17250000.0,solutions40@company.vn,0952827623
L000817,2025-06-23 17:35:00,C0019,Scientific Med Factory,Trading Company,Dong Nai,Direct Traffic,MC015,P002,Product Recommendation,250-999,3,67,1,0,Unknown,60,E101,Disqualified,Not ICP,19320000.0,scientific41@company.vn,0979959162
L000818,2025-06-23 12:57:00,C0028,Med Bio JSC,Electronics,Binh Duong,direct,MC015,P004,Technical Inquiry,10-49,2,68,0,0,No Budget,60,E103,Disqualified,Outside Scope,28560000.0,med42@company.vn,0923227727
L000819,2025-07-28 17:53:00,C0135,Precision Asia Co Ltd,Pharmaceutical,Bac Ninh,Direct,MC015,P003,Sample Request,250-999,2,47,1,0,Approved,60,E102,Qualified,Specification,16330000.0,precision43@company.vn,0978139808
L000820,2025-08-25 11:27:00,C0140,Green Pharma Factory,Electronics,Ha Noi,Direct,MC015,P001,Technical Inquiry,10-49,4,72,1,0,Under Review,60,E102,Disqualified,No Budget,12210000.0,green44@company.vn,0923263958
L000821,2025-08-29 11:56:00,C0087,Manufacturing Lab Vietnam,Trading Company,Ho Chi Minh City,Direct,MC015,P002,Technical Inquiry,50-249,2,82,0,0,No Budget,14,E103,Disqualified,Not ICP,8770000.0,manufacturing45@company.vn,
L000822,2025-09-08 11:05:00,C0005,Med Asia Vietnam,Industrial Manufacturing,Ho Chi Minh City,direct,MC015,P019,Price Request,10-49,1,68,1,0,Under Review,14,E102,Qualified,Price,7230000.0,med46@company.vn,0997773709
L000823,2025-09-11 09:03:00,C0123,Asia Asia Factory,Food & Beverage,Binh Duong,direct,MC015,P002,Distributor Inquiry,1000+,1,74,0,0,Approved,60,E103,Qualified,Price,7960000.0,asia47@company.vn,0999449122
L000824,2025-09-19 09:50:00,C0152,Precision Med Vietnam,Pharmaceutical,Da Nang,Direct,MC015,P012,Technical Inquiry,1000+,2,72,1,0,Under Review,14,E103,Won,,33130000.0,precision48@company.vn,0942917908
L000825,2025-09-22 08:01:00,C0001,Green Asia Vietnam,Food & Beverage,Ho Chi Minh City,Direct Traffic,MC015,P001,Technical Inquiry,50-249,2,80,0,0,Under Review,14,E101,Quoted,Price,27430000.0,green49@company.vn,0971054448
L000826,2025-09-29 14:34:00,C0025,Vietnam Precision Factory,Medical Device,Ho Chi Minh City,Direct,MC015,P002,Stock Check,10-49,2,81,0,0,Approved,90,E103,Quoted,Project Delayed,19080000.0,vietnam50@company.vn,0950464493
L000827,2025-10-11 15:34:00,C0065,Asia Clean Co Ltd,Pharmaceutical,Ha Noi,Direct,MC015,P001,Price Request,50-249,4,76,0,0,Unknown,30,E103,Disqualified,Outside Scope,33150000.0,asia51@company.vn,0945355377
L000828,2025-10-19 15:06:00,C0010,Scientific Industrial Co Ltd,Industrial Manufacturing,Ho Chi Minh City,Direct,MC015,P001,Stock Check,50-249,4,79,1,1,Approved,90,E102,Disqualified,Not ICP,2970000.0,scientific52@company.vn,0937457862
L000829,2025-10-28 15:41:00,C0030,Solutions Bio Vietnam,Medical Devices,Long An,Direct,MC015,P002,Distributor Inquiry,10-49,4,55,0,1,Under Review,30,E101,Disqualified,Student/Research,14760000.0,solutions53@company.vn,0976533953
L000830,2025-10-31 12:34:00,C0001,Green Asia Vietnam,Food & Beverage,Ho Chi Minh City,Direct,MC015,P001,Product Recommendation,50-249,5,52,0,0,Under Review,90,E101,Disqualified,Not ICP,18710000.0,green54@company.vn,0954221451
L000831,2025/11/04 09:04,C0006,Lab Industrial JSC,Pharmaceutical,Ho Chi Minh City,Direct Traffic,MC015,P002,Distributor Inquiry,50-249,2,76,1,0,Unknown,30,E101,Qualified,No Budget,17020000.0,lab55@company.vn,
L000832,2025-11-12 10:14:00,C0018,Solutions Health Vietnam,Cleanroom Contractor,Ha Noi,Direct,MC015,P009,Product Recommendation,250-999,5,74,0,1,No Budget,60,E103,Qualified,No Budget,13630000.0,solutions56@company.vn,0914072593
L000833,2025-11-25 09:25:00,C0035,Pharma Scientific Vietnam,Pharmaceutical,Ho Chi Minh City,Direct Traffic,MC015,P027,Price Request,1000+,3,72,0,0,Under Review,30,E102,Quoted,Price,328700000.0,pharma57@company.vn,0940874132
L000834,2025-12-08 13:23:00,C0049,Bio Pharma Factory,Industrial Manufacturing,Da Nang,Direct,MC015,P006,Distributor Inquiry,50-249,4,76,0,0,Approved,30,E101,Disqualified,Outside Scope,28570000.0,bio58@company.vn,0931438470
L000835,2025-12-26 09:33:00,C0052,Advanced Manufacturing Factory,Pharmaceutical,Long An,Direct,MC015,P006,Sample Request,1000+,1,58,0,0,Unknown,14,E103,Disqualified,No Budget,61250000.0,advanced59@company.vn,0917631484
L000836,2025-12-29 11:45:00,C0036,Scientific Advanced Vietnam,Pharmaceutical,Dong Nai,Direct,MC015,P002,Distributor Inquiry,50-249,2,67,1,0,Approved,90,E101,Disqualified,Not ICP,24530000.0,scientific60@company.vn,0935316776
L000837,2026-02-13 16:56:00,C0001,Green Asia Vietnam,Food & Beverage,Ho Chi Minh City,Direct,MC015,P001,Sample Request,50-249,3,61,1,0,Under Review,90,E101,Disqualified,Student/Research,7420000.0,green61@company.vn,0922499804
L000838,2026-04-13 15:09:00,C0038,Solutions Manufacturing Co Ltd,Med Device,Ho Chi Minh City,Direct Traffic,MC015,P001,Product Recommendation,250-999,6,81,1,0,Under Review,14,E103,Quoted,Project Delayed,26320000.0,solutions62@company.vn,0937765642
L000839,2026-05-18 16:45:00,C0127,Health Manufacturing Vietnam,Electronics,Ha Noi,Direct,MC015,P001,Sample Request,10-49,1,95,0,0,Approved,60,E103,Disqualified,No Budget,12900000.0,health63@company.vn,0980284882
L000840,2026-06-30 17:58:00,C0030,Solutions Bio Vietnam,Medical Devices,Long An,Direct,MC015,P001,Product Recommendation,10-49,5,75,0,1,Under Review,30,E101,Disqualified,No Budget,7840000.0,solutions64@company.vn,0950519075
L000841,2026-07-12 09:09:00,C0003,Vietnam Green Vietnam,Medical Device,Ho Chi Minh City,Direct,MC015,P010,Technical Inquiry,10-49,1,75,0,0,Unknown,30,E103,Quoted,Specification,23110000.0,vietnam65@company.vn,0941531468
L000842,2026-07-15 11:34:00,C0018,Solutions Health Vietnam,Cleanroom Contractor,Ha Noi,Direct,MC015,P023,Sample Request,250-999,3,100,0,0,Approved,90,E102,Won,,142670000.0,solutions66@company.vn,0946895065
L000843,2026-08-05 15:16:00,C0007,Nova Pharma Co Ltd,Medical Device,Ho Chi Minh City,Direct,MC015,P001,Distributor Inquiry,50-249,1,42,0,1,Approved,30,E102,Won,,4580000.0,nova67@company.vn,0999815742
L000844,13/08/2026 16:46,C0019,Scientific Med Factory,Trading Company,Dong Nai,Direct,MC015,P021,Technical Inquiry,250-999,4,67,0,0,Approved,60,E101,Quoted,Price,1560000.0,scientific68@company.vn,0961160999
L000845,2026-08-24 08:05:00,C0018,Solutions Health Vietnam,Cleanroom contractor,Ha Noi,Direct,MC015,P010,Sample Request,250-999,2,75,1,0,Approved,14,E102,Quoted,Project Delayed,3320000.0,solutions69@company.vn,0925640219
L000775,2025-05-27 08:48:00,C0059,Tech Tech JSC,Electronic,Ha Noi, direct  ,MC014,P003,Price Request,1000+,2,88,0,0,Under Review,14,E101,Quoted,Specification,35900000.0,tech96@company.vn,0930735760
L000017,2025-03-15 16:23:00,C0002,Scientific Advanced Vietnam,F&B,Ha Noi,Google Ads,MC001,P014,Distributor Inquiry,1000+,3,90,0,0,Under Review,60,E102,Quoted,Specification,8320000.0,scientific17@company.vn,0930698288
L000648,2026-07-19 12:05:00,C0004,Vietnam Tech Vietnam,Industrial Manufacturing,Ha Noi, Facebook Ads  ,MC009,P001,Price Request,250-999,2,47,0,0,Unknown,30,E101,Disqualified,No Response,34320000.0,vietnam66@company.vn,0955726502
L000457,2026-01-02 10:06:00,C0034,Green Lab Co Ltd,Medical Device,Da Nang,Organic Search,MC005,P002,Sample Request,50-249,3,80,1,0,Under Review,30,E102,Qualified,No Response,8760000.0,,0993078590
L000497,2025-11-03 08:10:00,C0003,Vietnam Green Vietnam,Medical Device,Ho Chi Minh City, Organic Search  ,MC006,P001,Technical Inquiry,10-49,4,86,0,0,Approved,60,E101,Qualified,Lead Time,8230000.0,vietnam12@company.vn,0928937577
L000154,2025-08-15 14:43:00,C0081,Bio Precision Co Ltd,Electronics,Binh Duong,Google Ads,MC002,P001,Technical Inquiry,250-999,2,85,0,0,Approved,60,E102,Quoted,Price,4460000.0,bio57@company.vn,0926359819
L000220,2026-06-19 09:14:00,C0017,Advanced Vietnam Co Ltd,Medical Device,Dong Nai, Paid Search  ,MC002,P026,Price Request,50-249,6,84,1,0,Unknown,14,E101,Disqualified,Student/Research,166000000.0,advanced26@company.vn,0956016810
L000382,2026-03-09 16:07:00,C0030,Solutions Bio Vietnam,Medical Device,Long An,Organic Search,MC004,P002,Price Request,10-49,4,86,0,0,Unknown,60,E101,Disqualified,Outside Scope,13740000.0,solutions91@company.vn,0956161308
L000707,2026-03-12 11:42:00,C0174,Asia Scientific Vietnam,Food & Beverage,Dong Nai, Referral  ,MC011,P026,Distributor Inquiry,250-999,1,79,1,0,Unknown,30,E101,Quoted,Price,238600000.0,asia28@company.vn,0916410926
L000045,2025-07-21 13:52:00,C0025,Vietnam Precision Factory,Medical Device,Ho Chi Minh City,Google Ads,MC001,P001,Technical Inquiry,10-49,1,76,0,0,Unknown,14,E102,Qualified,Lead Time,15300000.0,vietnam45@company.vn,0964473882
