date,campaign_id,channel,impressions,clicks,sessions,spend_vnd,leads_reported,source_platform
2025-01-01,MC001,Google Ads,537,29,30,444000.0,0,CRM
2025-01-02,MC001,Google Ads,540,28,28,339000.0,0,GA4
2025-01-03,MC001,Google Ads,588,26,25,349000.0,0,Manual
2025-01-04,MC001,Google Ads,88,4,5,51000.0,0,Google Ads
2025-01-05,MC001,Google Ads,102,6,7,73000.0,1,CRM
2025-01-06,MC001,Google Ads,535,25,26,383000.0,1,Google Ads
2025-01-07,MC001,Google Ads,374,19,21,277000.0,0,Meta
2025-01-08,MC001,Google Ads,540,29,26,497000.0,0,GA4
2025-01-09,MC001,Google Ads,471,22,25,322000.0,0,Google Ads
2025-01-10,MC001,Google Ads,496,27,27,399000.0,0,Meta
2025-01-11,MC001,Google Ads,137,9,9,129000.0,1,GA4
2025-01-12,MC001,Google Ads,174,9,10,118000.0,0,GA4
2025-01-13,MC001,Google Ads,244,14,14,217000.0,0,GA4
2025-01-14,MC001,Google Ads,446,25,21,363000.0,0,GA4
2025-01-15,MC001,Google Ads,496,28,27,415000.0,0,GA4
2025-01-16,MC001,Google Ads,470,29,33,383000.0,0,CRM
2025-01-17,MC001,Google Ads,534,25,24,371000.0,1,Manual
2025-01-18,MC001,Google Ads,234,11,13,148000.0,0,CRM
2025-01-19,MC001,Google Ads,231,11,10,162000.0,1,GA4
2025-01-20,MC001,Google Ads,475,28,25,361000.0,0,CRM
2025-01-21,MC001,Google Ads,577,30,31,444000.0,1,Manual
2025-01-22,MC001,Google Ads,495,30,32,401000.0,0,Manual
2025-01-23,MC001,Google Ads,446,28,25,464000.0,1,CRM
2025-01-24,MC001,Google Ads,452,24,26,294000.0,0,GA4
2025-01-25,MC001,Google Ads,155,7,7,86000.0,0,CRM
2025-01-26,MC001,Google Ads,243,13,15,194000.0,0,Google Ads
2025-01-27,MC001,Google Ads,246,15,14,225000.0,0,Google Ads
2025-01-28,MC001,Google Ads,256,14,16,199000.0,0,Google Ads
2025-01-29,MC001,Google Ads,501,22,19,319000.0,1,GA4
2025-01-30,MC001,Google Ads,382,19,20,269000.0,1,Google Ads
2025-01-31,MC001,Google Ads,401,21,21,323000.0,1,Manual
2025-02-01,MC001,Google Ads,185,11,12,145000.0,2,GA4
2025-02-02,MC001,Google Ads,280,12,14,178000.0,0,Manual
2025-02-03,MC001,Google Ads,303,15,14,255000.0,0,Manual
2025-02-04,MC001,Google Ads,306,16,17,213000.0,0,GA4
2025-02-05,MC001,Google Ads,244,13,15,167000.0,0,GA4
2025-02-06,MC001,Google Ads,260,15,14,200000.0,0,Google Ads
2025-02-07,MC001,Google Ads,248,12,11,144000.0,0,Manual
2025-02-08,MC001,Google Ads,205,11,10,158000.0,0,GA4
2025-02-09,MC001,Google Ads,135,8,7,111000.0,1,Manual
2025-02-10,MC001,Google Ads,250,16,15,257000.0,0,Google Ads
2025-02-11,MC001,GAds,418,20,23,295000.0,0,CRM
2025-02-12,MC001,Paid Search,241,14,16,233000.0,1,Meta
2025-02-13,MC001,Google Ads,392,23,20,396000.0,0,CRM
2025-02-14,MC001,google ppc,265,13,16,163000.0,1,Meta
2025-02-15,MC001,Google Ads,123,6,7,79000.0,0,Meta
2025-02-16,MC001,Google Ads,105,6,6,88000.0,1,Google Ads
2025-02-17,MC001,Google Ads,374,18,18,229000.0,0,CRM
2025-02-18,MC001,Google Ads,351,18,17,263000.0,0,CRM
2025-02-19,MC001,Google Ads,449,22,23,274000.0,0,GA4
2025-02-20,MC001,Google Ads,357,18,17,295000.0,0,CRM
2025-02-21,MC001,Google Ads,423,19,20,285000.0,0,CRM
2025-02-22,MC001,Google Ads,77,3,4,41000.0,0,Google Ads
2025-02-23,MC001,Google Ads,157,7,8,114000.0,0,Google Ads
2025-02-24,MC001,Google Ads,426,17,19,277000.0,0,Meta
2025-02-25,MC001,Google Ads,356,19,20,242000.0,0,CRM
2025-02-26,MC001,Google Ads,370,19,17,287000.0,0,Meta
2025-02-27,MC001,Google Ads,268,15,18,243000.0,1,GA4
2025-02-28,MC001,Google Ads,283,13,14,213000.0,0,CRM
2025-03-01,MC001,Google Ads,192,11,12,173000.0,1,GA4
2025-03-02,MC001,Google Ads,143,9,8,150000.0,0,GA4
2025-03-03,MC001,Google Ads,463,26,28,371000.0,1,GA4
2025-03-04,MC001,Google Ads,463,25,26,309000.0,0,CRM
2025-03-05,MC001,Google Ads,443,23,24,347000.0,0,CRM
2025-03-06,MC001,Google Ads,492,26,25,356000.0,0,Google Ads
2025-03-07,MC001,Google Ads,667,34,30,541000.0,1,Google Ads
2025-03-08,MC001,Google Ads,227,11,11,135000.0,0,CRM
2025-03-09,MC001,Google Ads,240,13,13,167000.0,0,GA4
2025-03-10,MC001,Google Ads,547,34,30,550000.0,2,Manual
2025-03-11,MC001,Google Ads,395,21,19,269000.0,2,CRM
2025-03-12,MC001,Google Ads,576,29,29,349000.0,0,CRM
2025-03-13,MC001,Google Ads,367,18,21,231000.0,0,Google Ads
2025-03-14,MC001,Google Ads,568,35,29,440000.0,1,Meta
2025-03-15,MC001,Google Ads,160,7,8,120000.0,1,GA4
2025-03-16,MC001,Paid Search,177,11,12,141000.0,0,Meta
2025-03-17,MC001,Google Ads,507,25,23,303000.0,0,Google Ads
2025-03-18,MC001,Google Ads,646,28,31,429000.0,0,GA4
2025-03-19,MC001,Google Ads,431,24,23,368000.0,1,GA4
2025-03-20,MC001,Google Ads,654,32,28,469000.0,0,Manual
2025-03-21,MC001,Google Ads,504,26,30,320000.0,0,Manual
2025-03-22,MC001,Google Ads,171,10,11,154000.0,1,Google Ads
2025-03-23,MC001,Google Ads,137,7,8,117000.0,0,GA4
2025-03-24,MC001,Google Ads,513,30,30,383000.0,1,Google Ads
2025-03-25,MC001,Google Ads,617,28,25,377000.0,0,GA4
2025-03-26,MC001,Google ads,626,30,26,403000.0,0,Google Ads
2025-03-27,MC001,Google Ads,507,27,28,405000.0,0,Manual
2025-03-28,MC001,Google Ads,480,26,24,314000.0,1,GA4
2025-03-29,MC001,Google Ads,264,10,12,151000.0,0,Meta
2025-03-30,MC001,Google Ads,145,7,9,87000.0,0,Google Ads
2025-03-31,MC001,Google Ads,462,25,26,341000.0,0,Google Ads
2025-04-01,MC001,Google ads,422,23,24,326000.0,1,GA4
2025-04-02,MC001,google ppc,596,33,30,469000.0,2,CRM
2025-04-03,MC001,Google Ads,176,10,12,121000.0,1,CRM
2025-04-04,MC001,Google Ads,437,21,19,351000.0,0,CRM
2025-04-05,MC001,Google Ads,213,10,11,154000.0,0,Google Ads
2025-04-06,MC001,Google Ads,154,9,9,113000.0,0,CRM
2025-04-07,MC001,Google Ads,429,21,24,332000.0,1,GA4
2025-04-08,MC001,Google Ads,426,21,22,252000.0,0,GA4
2025-04-09,MC001,Paid Search,400,22,20,264000.0,3,CRM
2025-04-10,MC001,Google Ads,654,32,32,457000.0,0,Manual
2025-04-11,MC001,Google Ads,435,22,23,307000.0,0,Manual
2025-04-12,MC001,Google Ads,156,9,9,123000.0,0,CRM
2025-04-13,MC001,Google Ads,384,24,24,337000.0,0,Manual
2025-04-14,MC001,Google Ads,444,21,20,338000.0,0,GA4
2025-04-15,MC001,Google Ads,501,22,25,265000.0,0,CRM
2025-04-16,MC001,Google Ads,392,22,23,363000.0,0,Manual
2025-04-17,MC001,Google Ads,643,32,28,464000.0,0,Manual
2025-04-18,MC001,Paid Search,395,23,25,332000.0,0,Manual
2025-04-19,MC001,Google Ads,125,8,8,106000.0,0,GA4
2025-04-20,MC001,Google Ads,93,5,5,72000.0,0,CRM
2025-04-21,MC001,Google ads,580,29,28,486000.0,1,Manual
2025-04-22,MC001,Google Ads,706,30,27,383000.0,1,GA4
2025-04-23,MC001,Google Ads,320,21,18,314000.0,0,CRM
2025-04-24,MC001,Google Ads,567,27,26,381000.0,1,CRM
2025-04-25,MC001,Google Ads,303,14,17,203000.0,0,CRM
2025-04-26,MC001,Google Ads,151,10,9,173000.0,1,Google Ads
2025-04-27,MC001,Google Ads,153,7,8,101000.0,0,Google Ads
2025-04-28,MC001,Google Ads,423,19,19,311000.0,1,Manual
2025-04-29,MC001,Google Ads,387,18,21,313000.0,0,GA4
2025-04-30,MC001,Google Ads,514,26,28,355000.0,1,GA4
2025-05-01,MC001,Google Ads,489,24,23,373000.0,0,Manual
2025-05-02,MC001,Google Ads,212,13,14,171000.0,0,Google Ads
2025-05-03,MC001,Google Ads,161,10,10,134000.0,0,Google Ads
2025-05-04,MC001,Google Ads,137,7,8,116000.0,1,Meta
2025-05-05,MC001,Google Ads,372,18,19,282000.0,2,Google Ads
2025-05-06,MC001,Google Ads,419,22,24,269000.0,0,Google Ads
2025-05-07,MC001,Google Ads,301,18,19,231000.0,0,Google Ads
2025-05-08,MC001,Google Ads,265,13,14,185000.0,0,Google Ads
2025-05-09,MC001,Google Ads,555,33,34,536000.0,0,CRM
2025-05-10,MC001,Google Ads,167,10,9,136000.0,0,CRM
2025-05-11,MC001,Google Ads,134,6,7,82000.0,0,GA4
2025-05-12,MC001,Google Ads,485,28,30,407000.0,0,GA4
2025-05-13,MC001,Google Ads,452,22,25,362000.0,0,Manual
2025-05-14,MC001,Google Ads,384,22,22,292000.0,1,GA4
2025-05-15,MC001,Google Ads,341,18,18,255000.0,0,Google Ads
2025-05-16,MC001,Google Ads,461,20,19,330000.0,1,Google Ads
2025-05-17,MC001,Google Ads,160,7,9,107000.0,0,Meta
2025-05-18,MC001,Google Ads,188,11,12,154000.0,0,Google Ads
2025-05-19,MC001,Google Ads,506,28,25,353000.0,0,CRM
2025-05-20,MC001,Google Ads,313,16,18,199000.0,0,CRM
2025-05-21,MC001,Google Ads,438,23,25,371000.0,0,GA4
2025-05-22,MC001,Google Ads,818,37,35,444000.0,0,Manual
2025-05-23,MC001,Google Ads,496,28,31,367000.0,0,GA4
2025-05-24,MC001,Google Ads,191,8,8,129000.0,0,GA4
2025-05-25,MC001,Google Ads,144,7,9,88000.0,0,CRM
2025-05-26,MC001,Google Ads,424,17,18,289000.0,1,GA4
2025-05-27,MC001,Google Ads,461,27,23,431000.0,0,Google Ads
2025-05-28,MC001,Google Ads,681,38,34,591000.0,1,GA4
2025-05-29,MC001,Google Ads,417,23,21,378000.0,0,CRM
2025-05-30,MC001,Google Ads,386,24,24,399000.0,0,CRM
2025-05-31,MC001,Google Ads,146,7,7,116000.0,0,Manual
2025-06-01,MC001,Google Ads,234,11,10,186000.0,0,GA4
2025-06-02,MC001,Google Ads,515,23,24,369000.0,0,Meta
2025-06-03,MC001,Google Ads,239,15,15,255000.0,1,GA4
2025-06-04,MC001,Google Ads,523,25,28,411000.0,0,Google Ads
2025-06-05,MC001,Google Ads,593,33,33,511000.0,1,Meta
2025-06-06,MC001,Google Ads,468,30,26,447000.0,0,CRM
2025-06-07,MC001,Google ads,81,5,5,60000.0,0,GA4
2025-06-08,MC001,Google Ads,98,6,6,101000.0,0,Google Ads
2025-06-09,MC001,Google Ads,495,21,20,302000.0,0,Manual
2025-06-10,MC001,Google Ads,331,16,17,276000.0,0,Google Ads
2025-06-11,MC001,Google Ads,561,24,25,335000.0,0,Manual
2025-06-12,MC001,Google Ads,213,13,15,223000.0,0,Google Ads
2025-06-13,MC001,Google Ads,358,22,26,279000.0,1,Manual
2025-06-14,MC001,GAds,192,12,12,169000.0,0,GA4
2025-06-15,MC001,Google Ads,98,5,5,74000.0,0,Google Ads
2025-06-16,MC001,Google Ads,442,19,18,239000.0,0,GA4
2025-06-17,MC001,Google Ads,347,19,19,247000.0,0,GA4
2025-06-18,MC001,Google Ads,487,23,21,314000.0,0,GA4
2025-06-19,MC001,Google Ads,419,25,23,307000.0,0,GA4
06-20-2025,MC001,Google Ads,359,16,19,247000.0,0,Meta
2025-06-21,MC001,Google Ads,85,4,4,59000.0,0,Manual
2025-06-22,MC001,Google Ads,260,14,13,198000.0,1,Google Ads
2025-06-23,MC001,Google Ads,310,17,16,286000.0,0,Meta
2025-06-24,MC001,Google Ads,521,29,27,378000.0,2,GA4
2025-06-25,MC001,Google Ads,612,33,28,517000.0,1,Meta
2025-06-26,MC001,Google Ads,328,18,16,292000.0,0,GA4
2025-06-27,MC001,Google Ads,483,21,22,304000.0,0,Meta
2025-06-28,MC001,Google Ads,230,13,15,207000.0,1,Google Ads
2025-06-29,MC001,Google Ads,264,14,13,242000.0,1,GA4
2025-06-30,MC001,Google Ads,381,20,23,275000.0,0,GA4
2025-07-01,MC001,Google Ads,303,15,14,231000.0,0,CRM
2025-07-02,MC001,Google Ads,351,19,20,269000.0,0,Meta
2025-07-03,MC001,Google Ads,385,22,20,278000.0,0,GA4
2025-07-04,MC001,Google Ads,672,27,28,323000.0,0,Manual
2025-07-05,MC001,Google Ads,147,7,8,103000.0,0,CRM
2025-07-06,MC001,Google Ads,206,11,11,136000.0,0,GA4
2025-07-07,MC001,Google Ads,442,29,27,454000.0,0,GA4
2025-07-08,MC001,Google Ads,465,27,23,373000.0,0,GA4
2025-07-09,MC001,Google Ads,572,29,25,425000.0,0,Manual
2025-07-10,MC001,Google Ads,662,35,32,487000.0,1,Manual
2025-07-11,MC001,Google Ads,610,28,27,339000.0,0,Manual
2025-07-12,MC001,Google Ads,175,11,10,186000.0,0,GA4
2025-07-13,MC001,Google Ads,191,9,9,119000.0,1,Google Ads
14/07/2025,MC001,Google Ads,258,16,16,200000.0,1,Meta
2025-07-15,MC001,Google Ads,368,25,22,398000.0,0,Google Ads
2025-07-16,MC001,Google Ads,523,26,25,439000.0,0,Meta
2025-07-17,MC001,Google Ads,312,20,19,310000.0,0,GA4
2025-07-18,MC001,Google Ads,399,18,16,261000.0,0,Google Ads
2025-07-19,MC001,Google Ads,181,8,8,118000.0,1,CRM
2025-07-20,MC001,Google Ads,254,16,15,254000.0,0,Meta
2025-07-21,MC001,GAds,332,17,17,244000.0,1,CRM
2025-07-22,MC001,Google Ads,521,28,24,444000.0,1,CRM
2025-07-23,MC001,Google Ads,475,21,20,282000.0,0,GA4
2025-07-24,MC001,Google Ads,369,15,17,192000.0,0,GA4
2025-07-25,MC001,Google Ads,272,17,18,222000.0,1,Manual
2025-07-26,MC001,Google Ads,127,6,7,82000.0,0,GA4
2025-07-27,MC001,Google Ads,307,19,16,303000.0,0,GA4
2025-07-28,MC001,Google Ads,359,22,20,339000.0,1,Google Ads
2025-07-29,MC001,Google Ads,587,30,32,366000.0,1,CRM
2025-07-30,MC001,Google Ads,432,25,24,414000.0,0,Meta
2025-07-31,MC001,Google Ads,550,29,31,428000.0,1,GA4
2025-08-01,MC001,Google Ads,431,23,24,322000.0,0,Meta
2025-08-02,MC001,Google Ads,76,4,5,57000.0,1,Google Ads
2025-08-03,MC001,google ppc,168,8,9,131000.0,0,Meta
2025-08-04,MC001,Google Ads,367,17,20,218000.0,1,Manual
2025-08-05,MC001,Paid Search,560,25,27,330000.0,0,GA4
2025-08-06,MC001,Google Ads,453,23,26,285000.0,0,CRM
2025-08-07,MC001,Google Ads,430,21,20,321000.0,0,CRM
2025-08-08,MC001,Google Ads,357,19,21,285000.0,0,Meta
2025-08-09,MC001,Google Ads,205,11,9,186000.0,1,Manual
2025-08-10,MC001,Google Ads,242,14,15,221000.0,1,Meta
2025-08-11,MC001,Google Ads,437,27,26,404000.0,0,Google Ads
2025-08-12,MC001,Google Ads,460,23,20,289000.0,0,CRM
2025-08-13,MC001,Google Ads,502,24,30,417000.0,0,Meta
2025-08-14,MC001,Google Ads,571,30,31,462000.0,0,GA4
2025-08-15,MC001,Google Ads,351,21,23,360000.0,0,Meta
2025-08-16,MC001,Google Ads,75,4,5,69000.0,0,Manual
2025-08-17,MC001,Google Ads,107,6,6,81000.0,0,GA4
2025-08-18,MC001,Google Ads,381,23,25,397000.0,0,GA4
2025-08-19,MC001,Google Ads,258,15,18,247000.0,1,GA4
2025-08-20,MC001,Google Ads,401,22,24,296000.0,0,CRM
2025-08-21,MC001,Google Ads,401,19,18,312000.0,0,Manual
2025-08-22,MC001,Google Ads,573,32,37,398000.0,0,GA4
2025-08-23,MC001,Google Ads,193,10,11,172000.0,0,Meta
2025-08-24,MC001,Google Ads,302,15,14,208000.0,0,Manual
2025-08-25,MC001,Google Ads,428,19,21,304000.0,0,GA4
2025-08-26,MC001,Google Ads,519,28,24,450000.0,0,Manual
2025-08-27,MC001,Google Ads,636,27,29,420000.0,0,Google Ads
2025-08-28,MC001,Google Ads,402,22,21,322000.0,0,CRM
2025-08-29,MC001,Paid Search,441,25,25,338000.0,0,GA4
2025-08-30,MC001,Google Ads,232,13,12,157000.0,0,Meta
2025-08-31,MC001,Google Ads,96,5,6,61000.0,0,GA4
2025-09-01,MC001,Google Ads,490,26,26,340000.0,0,Google Ads
2025-09-02,MC001,Google Ads,219,12,14,203000.0,0,Manual
2025-09-03,MC001,Google Ads,386,26,22,382000.0,0,Manual
2025-09-04,MC001,Google Ads,282,15,18,239000.0,0,Meta
2025-09-05,MC001,Google Ads,545,30,27,377000.0,0,Google Ads
2025-09-06,MC001,Google Ads,85,5,6,85000.0,0,GA4
2025-09-07,MC001,Paid Search,207,11,12,151000.0,0,Manual
2025-09-08,MC001,Google Ads,605,30,29,363000.0,0,CRM
2025-09-09,MC001,Google Ads,432,22,21,276000.0,2,Meta
2025-09-10,MC001,Google Ads,434,24,26,311000.0,1,GA4
2025-09-11,MC001,Google Ads,466,20,23,326000.0,0,Manual
2025-09-12,MC001,Google Ads,525,30,26,390000.0,0,Google Ads
2025-09-13,MC001,Google Ads,236,13,12,212000.0,1,Google Ads
2025-09-14,MC001,Google Ads,259,15,14,202000.0,0,Google Ads
2025-09-15,MC001,Google Ads,339,18,17,303000.0,0,Google Ads
2025-09-16,MC001,Google Ads,849,43,36,689000.0,0,Manual
2025-09-17,MC001,Google Ads,425,22,19,336000.0,1,Meta
2025-09-18,MC001,Google Ads,309,14,14,184000.0,1,Manual
2025-09-19,MC001,Google Ads,376,17,19,256000.0,0,GA4
2025-09-20,MC001,Google Ads,310,16,17,257000.0,0,Meta
2025-09-21,MC001,Google Ads,172,9,8,148000.0,1,Google Ads
2025-09-22,MC001,Google Ads,472,23,25,353000.0,1,GA4
2025-09-23,MC001,Google Ads,611,32,28,467000.0,0,GA4
2025-09-24,MC001,Google Ads,583,28,28,356000.0,0,Meta
2025-09-25,MC001,Google Ads,521,20,20,344000.0,0,Google Ads
2025-09-26,MC001,Google Ads,352,21,25,313000.0,0,GA4
2025-09-27,MC001,Google Ads,162,8,7,108000.0,0,Manual
2025-09-28,MC001,Google Ads,95,5,6,79000.0,0,CRM
2025-09-29,MC001,Google Ads,539,30,30,450000.0,1,CRM
2025-09-30,MC001,Google Ads,353,20,19,279000.0,0,CRM
2025-10-01,MC001,Google Ads,589,34,34,497000.0,0,GA4
2025-10-02,MC001,Google Ads,441,23,23,382000.0,0,CRM
2025-10-03,MC001,Google Ads,738,37,33,470000.0,1,CRM
2025-10-04,MC001,Google Ads,253,14,15,191000.0,2,Manual
2025-10-05,MC001,Google Ads,174,8,8,106000.0,0,CRM
2025-10-06,MC001,Google Ads,379,21,22,334000.0,0,Manual
2025-10-07,MC001,Google Ads,594,32,32,554000.0,0,CRM
08/10/2025,MC001,Google Ads,675,35,34,430000.0,1,Meta
2025-10-09,MC001,Google Ads,485,29,25,371000.0,2,GA4
2025-10-10,MC001,Google Ads,598,31,33,481000.0,1,GA4
2025-10-11,MC001,Google Ads,233,10,10,164000.0,0,CRM
2025-10-12,MC001,Google Ads,262,13,12,188000.0,0,CRM
2025-10-13,MC001,Google Ads,525,32,32,411000.0,0,Manual
2025-10-14,MC001,Google Ads,542,31,31,385000.0,0,Google Ads
2025-10-15,MC001,Google Ads,518,28,32,366000.0,0,GA4
2025-10-16,MC001,Google Ads,567,32,31,466000.0,1,Google Ads
2025-10-17,MC001,Google Ads,514,29,32,470000.0,1,GA4
2025-10-18,MC001,Google Ads,98,6,7,98000.0,1,Manual
2025-10-19,MC001,Google Ads,400,19,19,266000.0,0,GA4
2025-10-20,MC001,Google Ads,428,29,28,495000.0,1,GA4
2025-10-21,MC001,Google Ads,622,30,34,373000.0,0,Google Ads
2025-10-22,MC001,Google Ads,588,27,27,421000.0,1,Google Ads
2025-10-23,MC001,Google Ads,662,31,33,376000.0,0,CRM
2025-10-24,MC001,Google Ads,675,38,34,473000.0,1,CRM
2025-10-25,MC001,Google Ads,184,8,10,126000.0,0,Google Ads
2025-10-26,MC001,Google Ads,272,14,13,216000.0,1,Manual
2025-10-27,MC001,Google Ads,455,25,25,352000.0,0,CRM
2025-10-28,MC001,Google Ads,604,29,28,498000.0,1,Meta
10-29-2025,MC001,Google Ads,647,28,29,414000.0,1,GA4
2025-10-30,MC001,Google Ads,637,29,28,444000.0,1,Google Ads
2025-10-31,MC001,Google Ads,590,23,27,363000.0,0,Google Ads
2025-11-01,MC001,Google Ads,245,13,12,186000.0,0,Meta
2025-11-02,MC001,Google Ads,173,9,9,118000.0,0,Manual
2025-11-03,MC001,Google Ads,409,27,23,429000.0,0,Manual
2025-11-04,MC001,Google Ads,751,41,38,706000.0,0,CRM
2025-11-05,MC001,Google Ads,703,35,32,594000.0,0,CRM
2025-11-06,MC001,Google Ads,589,31,31,393000.0,1,GA4
2025-11-07,MC001,Google Ads,560,27,28,449000.0,0,Manual
2025-11-08,MC001,Google Ads,299,14,14,224000.0,0,GA4
2025-11-09,MC001,Paid Search,128,7,8,98000.0,0,CRM
2025-11-10,MC001,Paid Search,699,39,34,567000.0,0,CRM
2025-11-11,MC001,Google Ads,559,26,30,332000.0,0,Meta
2025-11-12,MC001,Google Ads,774,39,33,538000.0,0,GA4
2025-11-13,MC001,Paid Search,557,31,29,518000.0,1,Google Ads
2025-11-14,MC001,Google Ads,489,28,26,458000.0,0,Meta
2025-11-15,MC001,Google Ads,146,7,7,113000.0,0,Manual
2025-11-16,MC001,Google Ads,235,12,11,143000.0,1,CRM
2025-11-17,MC001,Google Ads,477,27,24,325000.0,0,GA4
2025-11-18,MC001,Google Ads,881,47,42,738000.0,1,CRM
2025-11-19,MC001,Google Ads,1015,42,37,609000.0,0,Google Ads
2025-11-20,MC001,Google Ads,627,34,30,427000.0,0,GA4
2025-11-21,MC001,Google Ads,663,28,28,375000.0,1,GA4
2025-11-22,MC001,Google Ads,294,12,11,208000.0,1,GA4
2025-11-23,MC001,Google Ads,177,8,10,97000.0,0,GA4
2025-11-24,MC001,Google Ads,250,13,15,224000.0,1,GA4
2025-11-25,MC001,Google Ads,407,19,20,279000.0,1,GA4
2025-11-26,MC001,Google Ads,271,18,16,281000.0,0,Meta
2025-11-27,MC001,Google Ads,396,24,25,388000.0,0,Meta
2025-11-28,MC001,Google Ads,553,23,26,284000.0,1,CRM
2025-11-29,MC001,Google Ads,355,18,17,292000.0,0,Meta
2025-11-30,MC001,Google Ads,197,12,12,166000.0,1,Meta
2025-12-01,MC001,Google Ads,396,21,21,252000.0,0,Manual
2025-12-02,MC001,Google Ads,547,27,28,358000.0,1,CRM
2025-12-03,MC001,Google Ads,461,22,27,317000.0,1,Manual
2025-12-04,MC001,Google Ads,509,27,26,454000.0,1,CRM
2025-12-05,MC001,Google Ads,403,25,25,341000.0,0,GA4
2025-12-06,MC001,Google Ads,123,6,7,81000.0,0,GA4
2025-12-07,MC001,Google Ads,217,10,11,136000.0,0,GA4
2025-12-08,MC001,Google Ads,438,21,23,279000.0,0,GA4
2025-12-09,MC001,Google Ads,444,24,22,301000.0,1,CRM
2025-12-10,MC001,Google Ads,452,28,28,346000.0,1,GA4
2025-12-11,MC001,Google Ads,461,29,30,424000.0,1,CRM
2025-12-12,MC001,Google Ads,519,26,22,440000.0,1,CRM
2025-12-13,MC001,Google Ads,130,6,8,89000.0,0,GA4
2025-12-14,MC001,Google Ads,168,9,11,154000.0,0,GA4
2025-12-15,MC001,Google Ads,576,30,32,493000.0,0,CRM
2025-12-16,MC001,Google Ads,364,17,18,210000.0,0,CRM
2025-12-17,MC001,Google Ads,672,33,27,512000.0,0,GA4
2025-12-18,MC001,Google Ads,450,30,28,510000.0,0,GA4
2025-12-19,MC001,Google Ads,253,10,13,166000.0,0,Manual
2025-12-20,MC001,Google Ads,190,7,8,104000.0,0,GA4
2025-12-21,MC001,Google Ads,311,16,14,193000.0,0,GA4
2025-12-22,MC001,Google Ads,500,24,27,300000.0,2,CRM
2025-12-23,MC001,Google Ads,498,31,33,461000.0,0,GA4
2025-12-24,MC001,Google Ads,432,24,25,377000.0,0,GA4
2025-12-25,MC001,Google Ads,438,25,26,362000.0,0,Google Ads
2025-12-26,MC001,Google Ads,807,28,30,405000.0,1,GA4
2025-12-27,MC001,Google Ads,349,18,16,219000.0,0,Google Ads
2025-12-28,MC001,Google Ads,202,12,11,157000.0,0,Manual
2025-12-29,MC001,Google Ads,625,30,30,436000.0,0,GA4
2025-12-30,MC001,Google Ads,454,26,28,401000.0,0,CRM
2025-12-31,MC001,Google Ads,542,27,28,350000.0,1,GA4
2026-01-01,MC001,Google Ads,384,21,22,327000.0,0,GA4
2026-01-02,MC001,Google Ads,567,27,27,452000.0,0,Google Ads
2026-01-03,MC001,Google Ads,199,10,11,133000.0,0,Google Ads
2026-01-04,MC001,Google Ads,191,11,12,143000.0,0,GA4
2026-01-05,MC001,Google Ads,413,20,18,240000.0,0,Google Ads
2026-01-06,MC001,Google Ads,267,15,15,223000.0,1,GA4
2026-01-07,MC001,Google Ads,695,31,28,413000.0,0,GA4
2026-01-08,MC001,GAds,473,22,23,265000.0,0,Meta
2026-01-09,MC001,Google Ads,244,17,19,246000.0,1,CRM
2026-01-10,MC001,Google Ads,342,13,14,162000.0,1,Manual
2026-01-11,MC001,Google Ads,202,9,9,112000.0,0,GA4
2026-01-12,MC001,Google Ads,285,16,17,264000.0,0,Manual
2026-01-13,MC001,Google Ads,650,29,27,367000.0,0,GA4
2026-01-14,MC001,Google Ads,664,33,30,497000.0,1,Google Ads
2026-01-15,MC001,Google Ads,497,24,23,398000.0,0,CRM
2026-01-16,MC001,Paid Search,338,16,15,257000.0,1,Google Ads
2026-01-17,MC001,Google Ads,307,14,13,213000.0,1,GA4
2026-01-18,MC001,Google Ads,273,14,15,175000.0,0,GA4
2026-01-19,MC001,Google Ads,801,33,30,485000.0,0,GA4
2026-01-20,MC001,Google Ads,460,24,22,372000.0,0,Manual
2026-01-21,MC001,Google Ads,303,18,18,262000.0,0,GA4
2026-01-22,MC001,GAds,262,15,16,239000.0,0,GA4
2026-01-23,MC001,Google Ads,511,25,23,382000.0,1,GA4
2026-01-24,MC001,Google Ads,59,3,3,39000.0,0,GA4
2026-01-25,MC001,Google Ads,127,6,7,93000.0,0,CRM
2026-01-26,MC001,Google Ads,353,21,24,335000.0,0,Meta
2026-01-27,MC001,Google Ads,378,22,25,371000.0,0,GA4
2026-01-28,MC001,Google Ads,447,32,28,515000.0,0,Google Ads
2026-01-29,MC001,Paid Search,901,27,25,362000.0,0,GA4
2026-01-30,MC001,Google Ads,396,23,20,351000.0,0,Meta
2026-01-31,MC001,Google Ads,133,8,9,106000.0,1,GA4
2026-02-01,MC001,Google Ads,80,4,5,48000.0,0,Google Ads
2026-02-02,MC001,Google Ads,415,21,19,322000.0,1,GA4
2026-02-03,MC001,Google Ads,326,16,17,240000.0,1,Meta
04/02/2026,MC001,Google Ads,256,14,14,206000.0,0,CRM
2026-02-05,MC001,Google Ads,160,8,9,121000.0,0,CRM
2026-02-06,MC001,Google Ads,294,13,16,204000.0,1,GA4
2026-02-07,MC001,GAds,108,6,6,87000.0,0,GA4
2026-02-08,MC001,Google Ads,217,11,11,151000.0,0,Manual
2026-02-09,MC001,Google Ads,530,24,25,318000.0,1,GA4
2026-02-10,MC001,Google Ads,265,15,13,244000.0,0,GA4
2026-02-11,MC001,Google Ads,366,19,17,313000.0,0,GA4
2026-02-12,MC001,Google Ads,502,29,26,352000.0,0,Google Ads
2026-02-13,MC001,Google Ads,284,14,13,218000.0,0,Google Ads
2026-02-14,MC001,Google Ads,106,4,4,68000.0,0,CRM
2026-02-15,MC001,GAds,83,4,5,48000.0,1,CRM
2026-02-16,MC001,Google Ads,330,16,15,223000.0,0,GA4
2026-02-17,MC001,Google Ads,388,18,18,235000.0,0,GA4
2026-02-18,MC001,Google Ads,244,14,16,190000.0,0,GA4
2026-02-19,MC001,Google Ads,374,17,18,216000.0,0,CRM
2026-02-20,MC001,Google Ads,322,19,16,327000.0,1,GA4
2026-02-21,MC001,Google Ads,144,7,8,108000.0,0,Google Ads
2026-02-22,MC001,Google Ads,147,6,8,77000.0,0,Manual
2026-02-23,MC001,Google Ads,217,14,15,243000.0,3,GA4
2026-02-24,MC001,Google Ads,390,24,21,300000.0,0,GA4
2026-02-25,MC001,Google Ads,223,15,16,251000.0,2,CRM
2026-02-26,MC001,Google Ads,424,25,24,391000.0,0,GA4
2026-02-27,MC001,Google Ads,468,21,20,358000.0,2,Manual
2026-02-28,MC001,Google Ads,270,11,10,189000.0,0,Google Ads
2026-03-01,MC001,Google Ads,209,12,13,169000.0,1,CRM
2026-03-02,MC001,Google Ads,700,35,33,551000.0,0,Manual
2026-03-03,MC001,Google Ads,412,22,22,289000.0,0,Meta
2026-03-04,MC001,Google Ads,293,17,19,194000.0,1,Google Ads
2026-03-05,MC001,Paid Search,554,33,30,428000.0,0,CRM
2026-03-06,MC001,Google Ads,534,30,28,468000.0,1,GA4
2026-03-07,MC001,Google Ads,265,11,11,134000.0,0,GA4
2026-03-08,MC001,Google Ads,271,18,15,294000.0,0,CRM
2026-03-09,MC001,Google Ads,419,24,28,336000.0,1,GA4
2026-03-10,MC001,Google Ads,385,19,18,283000.0,0,Google Ads
2026-03-11,MC001,Google Ads,472,21,23,340000.0,1,Meta
2026-03-12,MC001,GAds,497,28,27,346000.0,1,CRM
2026-03-13,MC001,Google Ads,503,23,23,326000.0,0,Meta
2026-03-14,MC001,Google Ads,209,12,11,175000.0,0,GA4
2026-03-15,MC001,Google Ads,231,10,13,117000.0,0,CRM
2026-03-16,MC001,Google Ads,387,25,24,371000.0,0,Manual
2026-03-17,MC001,Google Ads,531,34,32,389000.0,0,CRM
2026-03-18,MC001,Google Ads,539,28,31,345000.0,0,Manual
2026-03-19,MC001,Google Ads,615,26,25,292000.0,1,CRM
2026-03-20,MC001,Google Ads,465,23,22,340000.0,0,Google Ads
2026-03-21,MC001,Google Ads,304,16,15,252000.0,0,Meta
2026-03-22,MC001,Google Ads,256,12,13,153000.0,0,Manual
2026-03-23,MC001,Google Ads,408,22,19,359000.0,1,Meta
2026-03-24,MC001,Google Ads,411,21,19,295000.0,0,GA4
2026-03-25,MC001,Google Ads,459,23,25,335000.0,1,Manual
2026-03-26,MC001,Google Ads,696,34,31,500000.0,0,Manual
2026-03-27,MC001,Google Ads,425,23,23,329000.0,1,CRM
2026-03-28,MC001,Google Ads,329,17,16,257000.0,0,CRM
2026-03-29,MC001,Google Ads,227,13,15,197000.0,2,CRM
2026-03-30,MC001,Google Ads,533,28,28,356000.0,1,GA4
2026-03-31,MC001,GAds,507,28,26,342000.0,1,Manual
2026-04-01,MC001,Google Ads,424,21,23,286000.0,0,CRM
2026-04-02,MC001,Google Ads,463,26,21,308000.0,1,Manual
2026-04-03,MC001,Google Ads,545,32,28,520000.0,0,GA4
2026-04-04,MC001,GAds,311,15,14,245000.0,0,CRM
05/04/2026,MC001,Google Ads,210,10,9,120000.0,1,CRM
2026-04-06,MC001,Google Ads,659,28,29,418000.0,0,GA4
2026-04-07,MC001,Google Ads,447,32,30,484000.0,1,Manual
2026-04-08,MC001,Google Ads,496,31,28,381000.0,0,GA4
2026-04-09,MC001,Google Ads,335,23,26,279000.0,0,Google Ads
2026-04-10,MC001,Google Ads,347,21,23,288000.0,0,GA4
2026-04-11,MC001,Google Ads,223,14,13,220000.0,0,GA4
2026-04-12,MC001,Google Ads,267,14,13,158000.0,0,Google Ads
2026-04-13,MC001,Google Ads,801,35,33,429000.0,1,Manual
2026-04-14,MC001,Google Ads,507,27,31,428000.0,1,Meta
2026-04-15,MC001,Google Ads,573,30,28,451000.0,0,GA4
2026-04-16,MC001,Google Ads,624,35,31,445000.0,2,Meta
2026-04-17,MC001,Google Ads,318,17,16,255000.0,1,GA4
2026-04-18,MC001,Google Ads,176,9,10,146000.0,0,Google Ads
2026-04-19,MC001,Google Ads,213,10,10,116000.0,0,GA4
2026-04-20,MC001,GAds,399,25,24,320000.0,0,CRM
2026-04-21,MC001,Google Ads,683,44,37,720000.0,0,Meta
2026-04-22,MC001,Google Ads,826,34,32,477000.0,0,CRM
2026-04-23,MC001,Google Ads,479,28,25,407000.0,0,GA4
2026-04-24,MC001,Google Ads,432,24,27,270000.0,1,Meta
2026-04-25,MC001,Google Ads,250,15,13,243000.0,0,Meta
2026-04-26,MC001,Google Ads,345,13,14,187000.0,1,GA4
2026-04-27,MC001,Google Ads,554,32,28,361000.0,1,GA4
2026-04-28,MC001,Google Ads,661,34,35,397000.0,0,CRM
2026-04-29,MC001,Google ads,466,31,28,423000.0,2,CRM
2026-04-30,MC001,Google Ads,783,34,29,427000.0,0,Manual
2026-05-01,MC001,Google Ads,641,30,29,402000.0,0,Meta
2026-05-02,MC001,Google Ads,293,16,17,216000.0,0,Google Ads
2026-05-03,MC001,Google Ads,118,6,6,82000.0,0,Google Ads
2026-05-04,MC001,Google Ads,529,26,25,344000.0,0,GA4
2026-05-05,MC001,Google Ads,598,29,28,461000.0,0,GA4
2026-05-06,MC001,Google Ads,347,17,19,257000.0,1,GA4
2026-05-07,MC001,Google Ads,625,30,29,408000.0,0,Google Ads
2026-05-08,MC001,Google Ads,329,17,17,215000.0,0,CRM
2026-05-09,MC001,Google ads,120,5,6,81000.0,1,Manual
2026-05-10,MC001,Google Ads,307,15,16,194000.0,0,Google Ads
2026-05-11,MC001,Google Ads,333,19,18,223000.0,0,Manual
2026-05-12,MC001,Google Ads,446,26,29,342000.0,1,Google Ads
2026-05-13,MC001,Paid Search,305,15,18,233000.0,1,Manual
2026-05-14,MC001,Google Ads,649,31,28,376000.0,3,GA4
2026-05-15,MC001,Google Ads,540,27,29,321000.0,0,GA4
2026-05-16,MC001,Google Ads,198,10,12,142000.0,0,CRM
2026-05-17,MC001,Google Ads,391,20,19,252000.0,0,Manual
2026-05-18,MC001,Paid Search,632,31,30,403000.0,0,GA4
2026-05-19,MC001,Google Ads,371,21,20,317000.0,0,Google Ads
2026-05-20,MC001,Google Ads,449,25,26,353000.0,0,Meta
2026-05-21,MC001,Google Ads,383,23,25,302000.0,0,CRM
2026-05-22,MC001,Google Ads,559,31,28,483000.0,1,CRM
2026-05-23,MC001,Google Ads,135,7,7,108000.0,0,CRM
2026-05-24,MC001,Google Ads,223,9,9,122000.0,0,GA4
2026-05-25,MC001,Google Ads,425,23,23,313000.0,1,GA4
2026-05-26,MC001,Google Ads,458,28,27,398000.0,0,Manual
2026-05-27,MC001,Google Ads,601,34,32,393000.0,0,Meta
2026-05-28,MC001,Google Ads,472,26,24,333000.0,0,CRM
2026-05-29,MC001,Google Ads,395,22,24,341000.0,2,CRM
2026-05-30,MC001,Google Ads,231,12,12,180000.0,0,Google Ads
2026-05-31,MC001,Google Ads,191,10,10,121000.0,0,CRM
2026-06-01,MC001,Google Ads,483,23,23,265000.0,0,GA4
2026-06-02,MC001,Google Ads,696,41,40,552000.0,1,GA4
2026-06-03,MC001,Google Ads,654,30,34,419000.0,0,CRM
2026-06-04,MC001,Google Ads,469,27,29,407000.0,0,CRM
2026-06-05,MC001,Google Ads,403,23,27,345000.0,0,Google Ads
2026-06-06,MC001,Google Ads,255,14,14,221000.0,0,GA4
2026-06-07,MC001,Google ads,153,7,8,108000.0,0,Manual
2026-06-08,MC001,Google Ads,491,25,23,325000.0,1,CRM
2026-06-09,MC001,Google Ads,548,29,25,412000.0,0,CRM
2026-06-10,MC001,Google Ads,375,22,19,263000.0,0,GA4
2026-06-11,MC001,Google Ads,776,38,33,451000.0,0,Google Ads
2026-06-12,MC001,Google Ads,463,21,21,254000.0,2,GA4
2026-06-13,MC001,Google Ads,153,8,10,108000.0,0,GA4
2026-06-14,MC001,Google Ads,207,10,10,119000.0,0,GA4
2026-06-15,MC001,Google Ads,265,18,20,265000.0,0,CRM
2026-06-16,MC001,Google Ads,418,28,30,381000.0,1,Meta
2026-06-17,MC001,Google Ads,347,14,15,172000.0,2,Google Ads
2026-06-18,MC001,Google Ads,331,20,18,302000.0,1,GA4
2026-06-19,MC001,Google Ads,323,22,20,256000.0,1,CRM
2026-06-20,MC001,Google Ads,164,8,9,123000.0,0,GA4
2026-06-21,MC001,Google ads,210,9,10,115000.0,0,GA4
2026-06-22,MC001,Google Ads,372,21,23,304000.0,0,Meta
2026-06-23,MC001,Google Ads,817,39,37,479000.0,1,GA4
2026-06-24,MC001,Google Ads,407,24,21,336000.0,0,Manual
2026-06-25,MC001,Google Ads,517,28,30,360000.0,0,GA4
2026-06-26,MC001,Google Ads,509,24,21,339000.0,0,Meta
2026-06-27,MC001,Google Ads,220,14,13,226000.0,1,GA4
2026-06-28,MC001,Google Ads,176,9,10,133000.0,0,Meta
2026-06-29,MC001,Google Ads,377,24,22,294000.0,0,GA4
2026-06-30,MC001,Google Ads,428,22,22,279000.0,2,GA4
2026-07-01,MC001,Google Ads,491,29,29,460000.0,0,Google Ads
2026-07-02,MC001,Google Ads,663,37,36,539000.0,0,Google Ads
2026-07-03,MC001,Google Ads,419,23,20,298000.0,1,GA4
2025-03-29,MC002,Google Ads,318,14,13,185000.0,2,Google Ads
2025-03-30,MC002,Google Ads,183,9,9,130000.0,1,Meta
2025-03-31,MC002,Google Ads,921,34,30,564000.0,0,GA4
2025-04-01,MC002,Google Ads,499,24,25,383000.0,0,CRM
2025-04-02,MC002,google ppc,295,17,19,227000.0,1,GA4
2025-04-03,MC002,Google Ads,461,25,24,325000.0,0,Meta
2025-04-04,MC002,Google Ads,345,21,19,349000.0,0,Manual
2025-04-05,MC002,Google Ads,204,10,11,136000.0,0,Google Ads
2025-04-06,MC002,Google Ads,202,10,11,125000.0,0,Meta
2025-04-07,MC002,Google Ads,471,18,18,260000.0,0,GA4
2025-04-08,MC002,Google Ads,763,39,34,614000.0,0,Meta
2025-04-09,MC002,Google Ads,285,15,15,208000.0,0,CRM
2025-04-10,MC002,Google Ads,367,25,26,362000.0,0,CRM
2025-04-11,MC002,Google Ads,428,23,21,295000.0,0,CRM
2025-04-12,MC002,Google Ads,131,7,8,84000.0,0,CRM
2025-04-13,MC002,GAds,295,14,14,221000.0,0,GA4
2025-04-14,MC002,Google Ads,634,33,31,561000.0,0,Manual
2025-04-15,MC002,Google Ads,493,20,22,259000.0,0,CRM
2025-04-16,MC002,Google Ads,419,22,23,362000.0,0,GA4
2025-04-17,MC002,Google Ads,479,28,30,355000.0,0,Google Ads
2025-04-18,MC002,Google Ads,387,23,22,283000.0,1,CRM
2025-04-19,MC002,Google Ads,132,6,6,78000.0,1,Manual
2025-04-20,MC002,Google Ads,336,15,14,188000.0,0,GA4
2025-04-21,MC002,Google Ads,366,21,24,325000.0,0,Google Ads
2025-04-22,MC002,Google Ads,485,29,25,417000.0,0,Google Ads
2025-04-23,MC002,Google Ads,601,37,31,503000.0,0,CRM
2025-04-24,MC002,Google Ads,317,18,20,236000.0,0,Meta
2025-04-25,MC002,Google Ads,505,28,27,443000.0,0,GA4
2025-04-26,MC002,Google Ads,336,15,16,255000.0,0,Google Ads
2025-04-27,MC002,Google Ads,261,15,14,190000.0,0,CRM
2025-04-28,MC002,Google Ads,440,19,18,285000.0,1,Google Ads
2025-04-29,MC002,Google Ads,328,21,22,261000.0,1,Google Ads
2025-04-30,MC002,Google Ads,402,20,23,318000.0,0,Google Ads
2025-05-01,MC002,Google Ads,704,33,30,527000.0,1,CRM
2025-05-02,MC002,Google Ads,335,17,20,263000.0,0,CRM
2025-05-03,MC002,Google Ads,218,9,9,117000.0,0,GA4
2025-05-04,MC002,Google Ads,168,9,10,152000.0,1,Google Ads
2025-05-05,MC002,Google Ads,394,21,21,324000.0,0,GA4
2025-05-06,MC002,Google Ads,456,26,24,317000.0,0,Google Ads
2025-05-07,MC002,Google Ads,304,21,23,321000.0,0,CRM
2025-05-08,MC002,Google Ads,233,12,13,154000.0,1,Manual
2025-05-09,MC002,Google Ads,390,18,18,295000.0,2,Manual
2025-05-10,MC002,Google Ads,181,11,11,138000.0,1,GA4
2025-05-11,MC002,Google Ads,339,20,19,309000.0,1,GA4
05-12-2025,MC002,Google Ads,315,19,22,303000.0,0,Meta
2025-05-13,MC002,Google ads,514,20,18,302000.0,0,GA4
2025-05-14,MC002,Google Ads,389,20,21,272000.0,0,CRM
2025-05-15,MC002,Paid Search,529,25,26,401000.0,1,Google Ads
2025-05-16,MC002,Google Ads,445,21,21,292000.0,0,Google Ads
2025-05-17,MC002,Google Ads,175,9,9,142000.0,0,CRM
2025-05-18,MC002,Google Ads,103,5,5,68000.0,0,Meta
2025-05-19,MC002,Google ads,348,18,21,252000.0,1,Manual
2025-05-20,MC002,Google Ads,308,17,17,204000.0,0,Google Ads
2025-05-21,MC002,Google Ads,560,26,23,405000.0,1,CRM
2025-05-22,MC002,Google Ads,490,26,28,323000.0,1,CRM
2025-05-23,MC002,Google Ads,602,30,30,398000.0,0,GA4
2025-05-24,MC002,google ppc,200,9,9,136000.0,0,Google Ads
2025-05-25,MC002,Google Ads,224,14,14,221000.0,0,GA4
2025-05-26,MC002,Google Ads,323,17,17,284000.0,1,GA4
2025-05-27,MC002,Google Ads,670,36,33,451000.0,2,Meta
2025-05-28,MC002,Google Ads,505,26,25,406000.0,0,GA4
2025-05-29,MC002,Google Ads,669,31,29,514000.0,0,Manual
2025-05-30,MC002,Google Ads,712,33,33,430000.0,0,CRM
2025-05-31,MC002,Google Ads,220,12,11,168000.0,0,Meta
2025-06-01,MC002,Google Ads,151,10,11,131000.0,1,Google Ads
2025-06-02,MC002,Google Ads,385,20,20,246000.0,0,GA4
03/06/2025,MC002,Google Ads,540,25,23,360000.0,0,Meta
2025-06-04,MC002,Google Ads,306,17,19,250000.0,1,Google Ads
2025-06-05,MC002,Google Ads,471,28,24,425000.0,1,Google Ads
2025-06-06,MC002,Google Ads,398,22,24,343000.0,0,Meta
2025-06-07,MC002,Google Ads,105,5,6,82000.0,0,GA4
2025-06-08,MC002,Google Ads,184,11,10,147000.0,0,Google Ads
2025-06-09,MC002,Google Ads,425,22,26,374000.0,2,GA4
2025-06-10,MC002,Google Ads,389,19,20,325000.0,1,Meta
2025-06-11,MC002,Google Ads,476,25,24,337000.0,0,CRM
2025-06-12,MC002,Google Ads,223,11,11,137000.0,0,Manual
2025-06-13,MC002,Google Ads,455,20,18,312000.0,0,CRM
2025-06-14,MC002,Google Ads,199,12,13,153000.0,0,CRM
2025-06-15,MC002,Google Ads,204,11,10,172000.0,0,CRM
2025-06-16,MC002,Google Ads,280,17,17,290000.0,0,CRM
2025-06-17,MC002,Google Ads,356,16,17,202000.0,0,CRM
2025-06-18,MC002,Google Ads,466,21,20,304000.0,0,Meta
2025-06-19,MC002,Google Ads,463,22,25,269000.0,0,Manual
2025-06-20,MC002,Google Ads,285,17,16,228000.0,2,GA4
2025-06-21,MC002,Google Ads,205,9,9,113000.0,0,GA4
2025-06-22,MC002,Google Ads,212,10,10,162000.0,0,Meta
2025-06-23,MC002,Google Ads,461,27,29,403000.0,0,GA4
2025-06-24,MC002,Google Ads,293,15,16,206000.0,0,GA4
2025-06-25,MC002,Google ads,575,24,24,303000.0,0,GA4
2025-06-26,MC002,Google Ads,357,17,18,215000.0,0,Google Ads
2025-06-27,MC002,Google Ads,390,21,21,264000.0,0,GA4
2025-06-28,MC002,Google Ads,193,10,10,171000.0,0,Meta
2025-06-29,MC002,Google Ads,200,11,11,172000.0,0,CRM
2025-06-30,MC002,Google Ads,211,13,14,226000.0,0,GA4
2025-07-01,MC002,Google Ads,421,23,22,395000.0,0,Manual
2025-07-02,MC002,Google Ads,411,21,19,272000.0,1,CRM
2025-07-03,MC002,Google Ads,344,17,20,274000.0,0,GA4
2025-07-04,MC002,Google Ads,476,25,25,325000.0,0,GA4
2025-07-05,MC002,Google Ads,86,5,6,79000.0,1,GA4
2025-07-06,MC002,Google Ads,206,12,13,145000.0,0,GA4
2025-07-07,MC002,Google Ads,424,22,25,349000.0,0,GA4
2025-07-08,MC002,Google Ads,318,20,20,329000.0,1,GA4
2025-07-09,MC002,Google Ads,517,30,30,386000.0,0,Google Ads
2025-07-10,MC002,Google Ads,305,16,17,201000.0,0,Manual
2025-07-11,MC002,Google Ads,365,21,24,310000.0,1,CRM
2025-07-12,MC002,Google Ads,124,7,7,112000.0,0,Google Ads
2025-07-13,MC002,Google Ads,145,6,7,103000.0,0,CRM
2025-07-14,MC002,Google Ads,490,28,25,394000.0,0,GA4
2025-07-15,MC002,Google Ads,326,15,17,212000.0,2,GA4
2025-07-16,MC002,Google Ads,373,25,25,350000.0,0,GA4
2025-07-17,MC002,Google Ads,391,21,24,252000.0,1,Manual
2025-07-18,MC002,Google Ads,367,23,22,322000.0,0,CRM
2025-07-19,MC002,Google Ads,207,12,11,157000.0,0,CRM
2025-07-20,MC002,Google Ads,214,13,13,214000.0,1,CRM
2025-07-21,MC002,Google Ads,326,18,15,224000.0,0,GA4
2025-07-22,MC002,Google Ads,505,28,31,424000.0,3,GA4
2025-07-23,MC002,Google Ads,328,21,23,278000.0,0,GA4
2025-07-24,MC002,Google Ads,422,25,23,338000.0,0,GA4
2025-07-25,MC002,Google Ads,482,25,24,310000.0,0,CRM
2025-07-26,MC002,google ppc,201,11,11,134000.0,0,Google Ads
2025-07-27,MC002,Google Ads,322,17,15,205000.0,0,GA4
2025-07-28,MC002,Google Ads,423,26,27,382000.0,1,CRM
2025-07-29,MC002,Google Ads,685,34,33,585000.0,0,Meta
2025-07-30,MC002,Google Ads,468,27,23,424000.0,0,CRM
2025-07-31,MC002,Google Ads,370,21,22,320000.0,0,Meta
2025-08-01,MC002,Google Ads,482,20,21,263000.0,1,CRM
2025-08-02,MC002,Google Ads,254,13,16,179000.0,1,Manual
2025-08-03,MC002,Google Ads,143,7,7,102000.0,0,Google Ads
2025-08-04,MC002,Google Ads,226,12,12,188000.0,0,CRM
2025-08-05,MC002,Google Ads,383,20,22,326000.0,3,GA4
2025-08-06,MC002,Google Ads,731,43,38,704000.0,1,Meta
2025-08-07,MC002,Google Ads,357,16,16,246000.0,1,Manual
2025-08-08,MC002,Google Ads,651,31,28,402000.0,0,GA4
2025-08-09,MC002,Google Ads,327,15,14,240000.0,0,Meta
2025-08-10,MC002,Google Ads,182,7,8,92000.0,0,GA4
2025-08-11,MC002,Google Ads,1031,35,34,444000.0,0,GA4
2025-08-12,MC002,Google Ads,363,24,26,373000.0,0,CRM
2025-08-13,MC002,Google Ads,544,27,26,444000.0,1,Manual
2025-08-14,MC002,Google Ads,403,22,24,347000.0,2,GA4
2025-08-15,MC002,Google Ads,335,19,21,252000.0,3,Manual
2025-08-16,MC002,Google Ads,355,18,17,284000.0,0,GA4
2025-08-17,MC002,Google Ads,130,6,7,102000.0,0,Manual
2025-08-18,MC002,Google Ads,617,34,29,434000.0,1,CRM
2025-08-19,MC002,Google Ads,428,21,22,340000.0,1,Meta
2025-08-20,MC002,Google Ads,455,24,23,303000.0,0,Manual
2025-08-21,MC002,Google Ads,683,31,30,420000.0,0,GA4
2025-08-22,MC002,Google Ads,325,16,18,275000.0,0,GA4
2025-08-23,MC002,Google Ads,73,4,4,49000.0,0,GA4
2025-08-24,MC002,Google Ads,87,4,4,50000.0,1,CRM
2025-08-25,MC002,Google Ads,280,15,16,211000.0,0,CRM
2025-08-26,MC002,Google Ads,624,31,27,509000.0,1,Google Ads
2025-08-27,MC002,Google Ads,745,39,32,472000.0,1,Manual
2025-08-28,MC002,Google Ads,435,19,22,307000.0,1,Manual
2025-08-29,MC002,Google Ads,417,20,20,277000.0,0,Google Ads
2025-08-30,MC002,Google Ads,115,6,6,94000.0,0,GA4
2025-08-31,MC002,Google Ads,213,11,10,146000.0,0,Google Ads
2025-09-01,MC002,Google Ads,471,22,24,373000.0,2,Meta
2025-09-02,MC002,Google Ads,379,21,19,363000.0,0,GA4
2025-09-03,MC002,Google Ads,355,18,19,309000.0,0,Manual
2025-09-04,MC002,Google Ads,492,30,29,377000.0,0,Manual
2025-09-05,MC002,Google Ads,318,22,20,302000.0,0,GA4
2025-09-06,MC002,Google Ads,184,9,9,140000.0,1,GA4
2025-09-07,MC002,Google Ads,177,9,8,137000.0,0,Meta
2025-09-08,MC002,Google Ads,286,14,17,213000.0,0,CRM
2025-09-09,MC002,Google Ads,646,28,26,462000.0,0,Google Ads
2025-09-10,MC002,Google Ads,606,33,30,408000.0,0,Google Ads
2025-09-11,MC002,Google Ads,319,20,19,267000.0,0,Manual
2025-09-12,MC002,Google Ads,397,21,25,254000.0,0,CRM
2025-09-13,MC002,Google Ads,98,6,7,96000.0,0,GA4
2025-09-14,MC002,Google Ads,150,8,9,113000.0,2,Meta
2025-09-15,MC002,Google Ads,350,23,20,360000.0,0,Manual
2025-09-16,MC002,Google Ads,552,33,30,532000.0,1,GA4
2025-09-17,MC002,Google Ads,759,35,35,517000.0,1,Meta
2025-09-18,MC002,Google Ads,503,25,24,301000.0,0,GA4
2025-09-19,MC002,Google Ads,501,22,23,350000.0,0,Google Ads
2025-09-20,MC002,Google Ads,241,10,11,173000.0,0,Meta
2025-09-21,MC002,Google Ads,149,7,7,107000.0,0,Google Ads
2025-09-22,MC002,Google Ads,583,30,30,446000.0,0,GA4
2025-09-23,MC002,Google Ads,353,20,22,272000.0,0,Meta
2025-09-24,MC002,Google Ads,279,18,17,308000.0,0,GA4
2025-09-25,MC002,Google Ads,526,28,25,370000.0,0,GA4
2025-09-26,MC002,Google Ads,448,25,23,318000.0,1,GA4
2025-09-27,MC002,Google Ads,152,7,8,98000.0,0,GA4
2025-09-28,MC002,Google Ads,183,11,11,161000.0,0,Meta
2025-09-29,MC002,Google Ads,575,29,28,392000.0,0,Google Ads
2025-09-30,MC002,Google Ads,427,23,24,363000.0,0,GA4
2025-10-01,MC002,Google Ads,503,30,29,425000.0,0,GA4
2025-10-02,MC002,Google Ads,630,37,36,497000.0,1,CRM
2025-10-03,MC002,Google Ads,536,27,30,322000.0,0,Google Ads
2025-10-04,MC002,Google Ads,296,15,17,258000.0,0,GA4
2025-10-05,MC002,Google Ads,320,16,16,271000.0,1,CRM
2025-10-06,MC002,GAds,847,47,39,687000.0,0,CRM
2025-10-07,MC002,Google Ads,480,22,21,297000.0,0,Manual
2025-10-08,MC002,Paid Search,1132,47,43,709000.0,0,Manual
2025-10-09,MC002,Google Ads,729,36,40,570000.0,0,GA4
2025-10-10,MC002,Google Ads,485,24,24,359000.0,0,CRM
2025-10-11,MC002,Google Ads,223,14,12,190000.0,1,CRM
2025-10-12,MC002,Google Ads,217,10,10,146000.0,1,Google Ads
2025-10-13,MC002,Google Ads,458,26,24,353000.0,1,Manual
2025-10-14,MC002,Google Ads,384,20,22,304000.0,0,Google Ads
2025-10-15,MC002,Google Ads,468,25,25,425000.0,0,Google Ads
2025-10-16,MC002,Google Ads,587,27,28,347000.0,1,Google Ads
2025-10-17,MC002,Google Ads,866,42,38,727000.0,0,CRM
2025-10-18,MC002,Google Ads,321,19,17,318000.0,0,CRM
2025-10-19,MC002,Google Ads,410,18,17,224000.0,0,GA4
2025-10-20,MC002,Google Ads,643,37,36,622000.0,0,CRM
2025-10-21,MC002,Google Ads,588,28,25,470000.0,0,GA4
10-22-2025,MC002,Google Ads,587,37,35,586000.0,1,GA4
2025-10-23,MC002,Google Ads,411,24,22,290000.0,0,CRM
2025-10-24,MC002,Google Ads,546,33,32,433000.0,0,GA4
2025-10-25,MC002,Google Ads,145,8,8,115000.0,0,Meta
2025-10-26,MC002,Google Ads,289,17,14,293000.0,0,Google Ads
2025-10-27,MC002,Google Ads,996,42,39,508000.0,0,Google Ads
2025-10-28,MC002,Google Ads,450,22,26,323000.0,2,GA4
2025-10-29,MC002,Google Ads,442,25,28,300000.0,0,Meta
2025-10-30,MC002,Google Ads,673,34,30,476000.0,1,Google Ads
2025-10-31,MC002,Google Ads,414,22,22,300000.0,0,GA4
2025-11-01,MC002,Google Ads,121,6,7,93000.0,0,GA4
2025-11-02,MC002,Google Ads,379,19,17,230000.0,0,CRM
2025-11-03,MC002,Google Ads,620,35,36,433000.0,1,GA4
2025-11-04,MC002,Google Ads,623,29,27,458000.0,2,GA4
2025-11-05,MC002,Google Ads,432,28,26,382000.0,0,Google Ads
2025-11-06,MC002,Google Ads,543,29,30,413000.0,0,Meta
2025-11-07,MC002,Google Ads,706,34,31,484000.0,0,Google Ads
2025-11-08,MC002,Google Ads,201,14,13,188000.0,0,Google Ads
2025-11-09,MC002,Google Ads,214,11,11,137000.0,1,GA4
2025-11-10,MC002,Google Ads,856,42,38,694000.0,0,Manual
2025-11-11,MC002,Google Ads,614,31,27,376000.0,0,CRM
2025-11-12,MC002,Google Ads,500,27,24,376000.0,0,GA4
2025-11-13,MC002,Google Ads,944,40,36,621000.0,3,CRM
2025-11-14,MC002,Google Ads,573,32,28,429000.0,0,CRM
2025-11-15,MC002,Google Ads,281,15,16,237000.0,0,GA4
2025-11-16,MC002,Google Ads,376,21,19,270000.0,2,Meta
2025-11-17,MC002,Google Ads,381,18,20,231000.0,0,CRM
2025-11-18,MC002,Google Ads,491,25,24,414000.0,0,CRM
2025-11-19,MC002,Google Ads,520,24,28,333000.0,1,GA4
2025-11-20,MC002,Google Ads,695,31,35,395000.0,1,CRM
2025-11-21,MC002,Google Ads,554,36,30,536000.0,0,GA4
2025-11-22,MC002,Google Ads,235,11,11,178000.0,1,Google Ads
2025-11-23,MC002,Google ads,172,8,7,111000.0,0,CRM
2025-11-24,MC002,Google Ads,648,32,31,540000.0,0,Meta
2025-11-25,MC002,Google Ads,373,23,24,378000.0,0,GA4
2025-11-26,MC002,Google Ads,478,26,25,359000.0,0,Google Ads
2025-11-27,MC002,Google Ads,593,33,28,458000.0,0,CRM
2025-11-28,MC002,Google Ads,313,16,19,198000.0,0,Meta
2025-11-29,MC002,Google Ads,346,22,20,278000.0,0,CRM
2025-11-30,MC002,Google Ads,258,13,12,178000.0,0,Google Ads
2025-12-01,MC002,GAds,604,31,32,404000.0,0,CRM
2025-12-02,MC002,Google Ads,747,40,39,572000.0,2,Google Ads
2025-12-03,MC002,GAds,407,25,21,422000.0,0,GA4
2025-12-04,MC002,Google Ads,399,20,23,268000.0,2,GA4
2025-12-05,MC002,Google Ads,342,19,18,329000.0,1,Google Ads
2025-12-06,MC002,Google Ads,453,21,18,316000.0,1,Meta
2025-12-07,MC002,Google Ads,207,10,9,172000.0,0,GA4
2025-12-08,MC002,Google Ads,848,36,32,482000.0,0,GA4
2025-12-09,MC002,Google Ads,515,31,31,479000.0,0,Meta
2025-12-10,MC002,Google Ads,486,21,22,279000.0,0,Meta
2025-12-11,MC002,Google Ads,572,29,26,366000.0,0,GA4
2025-12-12,MC002,Google Ads,295,16,18,275000.0,1,GA4
2025-12-13,MC002,Google Ads,208,11,12,146000.0,0,GA4
2025-12-14,MC002,Google Ads,255,15,15,194000.0,0,Google Ads
2025-12-15,MC002,Google Ads,442,29,25,422000.0,0,GA4
2025-12-16,MC002,Google Ads,624,34,31,543000.0,0,Manual
2025-12-17,MC002,Google Ads,640,35,32,574000.0,1,GA4
2025-12-18,MC002,Google Ads,530,29,32,503000.0,0,CRM
2025-12-19,MC002,Google Ads,494,32,31,434000.0,1,GA4
2025-12-20,MC002,Google Ads,172,8,9,97000.0,0,GA4
2025-12-21,MC002,Google Ads,311,16,18,214000.0,0,GA4
2025-12-22,MC002,Google Ads,585,33,30,523000.0,0,Manual
2025-12-23,MC002,Google ads,417,21,25,349000.0,1,Google Ads
2025-12-24,MC002,Google Ads,678,26,28,316000.0,1,Google Ads
12-25-2025,MC002,Paid Search,811,42,37,715000.0,1,Manual
2025-12-26,MC002,Google Ads,713,28,29,437000.0,0,GA4
2025-12-27,MC002,Google Ads,194,12,13,161000.0,1,Manual
2025-12-28,MC002,Google Ads,250,10,11,153000.0,0,CRM
2025-12-29,MC002,Google Ads,714,35,33,498000.0,1,Manual
2025-12-30,MC002,GAds,742,37,34,640000.0,0,Meta
2025-12-31,MC002,Google Ads,352,17,19,262000.0,1,CRM
2026-01-01,MC002,Google Ads,403,25,24,304000.0,0,GA4
2026-01-02,MC002,Google Ads,401,20,21,320000.0,0,Google Ads
2026-01-03,MC002,Google Ads,273,16,17,219000.0,2,Google Ads
2026-01-04,MC002,Google Ads,246,13,12,181000.0,1,GA4
2026-01-05,MC002,Google Ads,606,28,25,352000.0,0,GA4
2026-01-06,MC002,Google Ads,620,32,30,406000.0,0,Meta
2026-01-07,MC002,Google Ads,558,27,25,448000.0,0,CRM
2026-01-08,MC002,Google Ads,634,27,29,362000.0,0,GA4
2026-01-09,MC002,Google Ads,564,28,28,381000.0,0,GA4
2026-01-10,MC002,Google Ads,402,18,17,265000.0,0,GA4
2026-01-11,MC002,Google Ads,138,7,8,95000.0,0,CRM
2026-01-12,MC002,Google Ads,710,34,29,543000.0,0,Meta
2026-01-13,MC002,Google Ads,299,22,23,346000.0,0,Manual
2026-01-14,MC002,Google Ads,358,16,16,221000.0,1,CRM
2026-01-15,MC002,Google Ads,432,24,23,359000.0,1,Meta
2026-01-16,MC002,Google Ads,389,20,23,300000.0,0,Manual
2026-01-17,MC002,Google Ads,240,10,11,147000.0,0,Manual
2026-01-18,MC002,Google Ads,120,8,8,125000.0,1,Manual
2026-01-19,MC002,Google Ads,569,31,29,436000.0,1,Manual
2026-01-20,MC002,Google Ads,400,24,24,355000.0,1,Meta
2026-01-21,MC002,Google Ads,356,22,22,343000.0,1,Meta
2026-01-22,MC002,Google Ads,618,32,38,411000.0,0,GA4
2026-01-23,MC002,Google Ads,389,20,21,297000.0,0,GA4
2026-01-24,MC002,Google Ads,148,9,8,119000.0,1,GA4
2026-01-25,MC002,Google Ads,221,13,12,181000.0,0,GA4
2026-01-26,MC002,Google Ads,669,32,34,553000.0,0,Google Ads
2026-01-27,MC002,Google Ads,267,16,14,250000.0,0,Google Ads
2026-01-28,MC002,Google Ads,512,21,24,353000.0,1,Google Ads
2026-01-29,MC002,Google Ads,576,28,29,403000.0,0,Meta
2026-01-30,MC002,Google Ads,617,40,36,515000.0,0,Google Ads
2026-01-31,MC002,Google Ads,174,8,8,131000.0,0,GA4
2026-02-01,MC002,Paid Search,142,7,8,84000.0,1,Google Ads
2026-02-02,MC002,Google Ads,328,20,19,317000.0,0,GA4
2026-02-03,MC002,Google Ads,330,18,18,227000.0,0,Manual
2026-02-04,MC002,Google Ads,314,18,17,289000.0,0,CRM
02-05-2026,MC002,Google Ads,316,17,17,292000.0,0,Google Ads
2026-02-06,MC002,Google Ads,302,15,16,239000.0,0,Google Ads
2026-02-07,MC002,Google Ads,260,15,14,256000.0,1,GA4
2026-02-08,MC002,Google Ads,102,5,6,77000.0,0,Google Ads
2026-02-09,MC002,Google Ads,285,15,16,189000.0,0,CRM
2026-02-10,MC002,Google Ads,288,17,18,237000.0,0,GA4
2026-02-11,MC002,Google Ads,448,24,22,381000.0,1,CRM
2026-02-12,MC002,Google Ads,296,20,21,339000.0,0,CRM
2026-02-13,MC002,Google Ads,464,20,22,311000.0,1,Google Ads
2026-02-14,MC002,Google Ads,140,7,7,90000.0,2,Manual
2026-02-15,MC002,google ppc,141,6,7,103000.0,2,GA4
2026-02-16,MC002,Google Ads,304,17,14,229000.0,0,GA4
2026-02-17,MC002,Google Ads,345,21,19,322000.0,0,GA4
2026-02-18,MC002,Google Ads,505,27,25,449000.0,1,Google Ads
2026-02-19,MC002,Google Ads,304,16,18,215000.0,0,Google Ads
2026-02-20,MC002,Google Ads,467,20,19,314000.0,0,Manual
2026-02-21,MC002,Google Ads,132,6,7,104000.0,0,GA4
2026-02-22,MC002,GAds,68,3,4,44000.0,0,CRM
2026-02-23,MC002,Google Ads,339,17,16,266000.0,0,GA4
2026-02-24,MC002,Google Ads,516,26,24,359000.0,1,GA4
2026-02-25,MC002,Google Ads,243,13,12,203000.0,0,Manual
2026-02-26,MC002,Google Ads,296,18,18,270000.0,0,Manual
2026-02-27,MC002,GAds,296,18,17,261000.0,0,GA4
2026-02-28,MC002,Google Ads,135,8,9,127000.0,0,CRM
2026-03-01,MC002,Google Ads,269,15,13,185000.0,0,GA4
2026-03-02,MC002,Google Ads,442,23,20,276000.0,1,GA4
2026-03-03,MC002,Google Ads,670,37,34,563000.0,0,GA4
2026-03-04,MC002,Google Ads,495,25,23,302000.0,0,CRM
2026-03-05,MC002,Google Ads,466,21,22,292000.0,0,Google Ads
2026-03-06,MC002,Google Ads,435,25,28,290000.0,0,Google Ads
2026-03-07,MC002,Google Ads,128,8,8,119000.0,0,CRM
2026-03-08,MC002,Google Ads,242,13,14,167000.0,1,GA4
2026-03-09,MC002,Google Ads,315,19,20,271000.0,0,CRM
2026-03-10,MC002,Google Ads,425,25,30,379000.0,0,CRM
2026-03-11,MC002,Google ads,362,17,20,208000.0,1,GA4
2026-03-12,MC002,Google Ads,575,29,26,472000.0,0,CRM
2026-03-13,MC002,Google Ads,528,28,27,398000.0,0,GA4
2026-03-14,MC002,Google Ads,167,8,8,101000.0,0,Google Ads
2026-03-15,MC002,Google Ads,196,10,11,116000.0,2,Manual
2026-03-16,MC002,Google Ads,453,25,24,282000.0,0,GA4
2026-03-17,MC002,Google Ads,398,23,25,357000.0,1,CRM
2026-03-18,MC002,Google Ads,398,27,24,405000.0,1,GA4
2026-03-19,MC002,Google Ads,404,22,23,247000.0,0,Google Ads
2026-03-20,MC002,Google Ads,310,14,16,204000.0,1,GA4
2026-03-21,MC002,Google Ads,181,8,9,103000.0,1,GA4
2026-03-22,MC002,Paid Search,279,13,14,151000.0,0,Google Ads
2026-03-23,MC002,Google Ads,564,33,29,459000.0,0,GA4
2026-03-24,MC002,Google Ads,460,30,31,488000.0,0,GA4
2026-03-25,MC002,Google Ads,463,25,26,382000.0,2,GA4
2026-03-26,MC002,Google Ads,530,30,27,428000.0,3,Meta
2026-03-27,MC002,Google Ads,731,39,36,582000.0,0,GA4
2026-03-28,MC002,Google Ads,163,8,8,103000.0,0,GA4
2026-03-29,MC002,google ppc,92,5,5,70000.0,1,GA4
2026-03-30,MC002,Google Ads,855,33,34,402000.0,0,Google Ads
2026-03-31,MC002,Google Ads,345,18,20,226000.0,1,Google Ads
2026-04-01,MC002,Google Ads,493,29,28,451000.0,1,GA4
2026-04-02,MC002,Google Ads,401,18,21,264000.0,0,GA4
2026-04-03,MC002,Google Ads,486,28,27,340000.0,1,Manual
2026-04-04,MC002,Google Ads,266,12,11,158000.0,0,Manual
2026-04-05,MC002,Google Ads,151,9,10,127000.0,0,GA4
2026-04-06,MC002,Google Ads,545,33,27,499000.0,0,GA4
2026-04-07,MC002,Google Ads,375,23,26,310000.0,0,CRM
2026-04-08,MC002,Google Ads,319,18,18,286000.0,0,Google Ads
2026-04-09,MC002,Google Ads,338,21,19,312000.0,0,Meta
2026-04-10,MC002,Paid Search,557,27,27,425000.0,2,GA4
2026-04-11,MC002,Google Ads,326,14,14,162000.0,0,Manual
2026-04-12,MC002,Google Ads,114,6,6,88000.0,0,GA4
2026-04-13,MC002,Google Ads,391,23,26,309000.0,1,Meta
2026-04-14,MC002,Google Ads,424,23,22,309000.0,0,Manual
2026-04-15,MC002,Google Ads,831,35,33,461000.0,0,Google Ads
2026-04-16,MC002,Google Ads,515,21,23,245000.0,0,CRM
2026-04-17,MC002,Google Ads,643,35,33,480000.0,1,GA4
2026-04-18,MC002,Google Ads,234,13,12,196000.0,0,CRM
2026-04-19,MC002,Google Ads,259,13,12,210000.0,0,CRM
2026-04-20,MC002,Google Ads,492,29,28,372000.0,0,CRM
2026-04-21,MC002,Google Ads,455,24,26,316000.0,1,Google Ads
2026-04-22,MC002,Google Ads,578,27,24,413000.0,0,Google Ads
2026-04-23,MC002,Google Ads,455,24,29,376000.0,0,Google Ads
2026-04-24,MC002,Google Ads,573,34,31,399000.0,0,Google Ads
2026-04-25,MC002,Google Ads,159,9,9,116000.0,0,CRM
2026-04-26,MC002,Google Ads,374,11,11,130000.0,0,Manual
2026-04-27,MC002,Google Ads,626,29,26,348000.0,0,GA4
2026-04-28,MC002,Google Ads,472,30,29,380000.0,2,CRM
2026-04-29,MC002,Google Ads,606,27,25,394000.0,2,GA4
2026-04-30,MC002,Google Ads,697,37,35,429000.0,0,GA4
2026-05-01,MC002,Google Ads,358,23,25,318000.0,0,Google Ads
2026-05-02,MC002,Google Ads,221,9,10,104000.0,0,Google Ads
2026-05-03,MC002,Google Ads,292,15,13,200000.0,0,Google Ads
2026-05-04,MC002,Google Ads,796,45,39,529000.0,0,CRM
2026-05-05,MC002,Google Ads,443,23,27,262000.0,3,Google Ads
2026-05-06,MC002,Google Ads,431,25,27,324000.0,0,Meta
2026-05-07,MC002,Google Ads,411,22,20,327000.0,3,Meta
2026-05-08,MC002,Google Ads,505,27,27,383000.0,1,CRM
2026-05-09,MC002,Paid Search,188,11,12,136000.0,0,GA4
2026-05-10,MC002,Google ads,241,13,14,187000.0,0,Manual
2026-05-11,MC002,Google Ads,470,23,21,346000.0,0,GA4
2026-05-12,MC002,Google Ads,522,29,25,467000.0,0,CRM
2026-05-13,MC002,Google Ads,669,37,34,506000.0,0,Manual
2026-05-14,MC002,Google Ads,631,25,24,392000.0,1,GA4
2026-05-15,MC002,Google Ads,642,32,29,402000.0,2,CRM
2026-05-16,MC002,Google Ads,188,9,10,124000.0,0,Meta
2026-05-17,MC002,Google ads,303,12,13,168000.0,0,GA4
2026-05-18,MC002,Google Ads,275,20,20,253000.0,1,Google Ads
2026-05-19,MC002,Google Ads,501,27,23,403000.0,0,Meta
2026-05-20,MC002,Google Ads,442,27,23,371000.0,2,GA4
2026-05-21,MC002,Google Ads,459,27,29,350000.0,0,GA4
2026-05-22,MC002,Google Ads,433,23,22,292000.0,0,CRM
2026-05-23,MC002,Google Ads,90,4,5,53000.0,0,Google Ads
2026-05-24,MC002,Google Ads,240,15,15,236000.0,0,GA4
2026-05-25,MC002,Google Ads,280,16,17,260000.0,1,GA4
2026-05-26,MC002,Google Ads,374,21,22,312000.0,1,Google Ads
2026-05-27,MC002,Google Ads,508,30,28,490000.0,0,Meta
2026-05-28,MC002,Google ads,679,42,39,586000.0,0,Manual
2026-05-29,MC002,Google Ads,634,31,28,492000.0,0,GA4
2026-05-30,MC002,Google Ads,230,12,12,148000.0,1,Manual
2026-05-31,MC002,Google Ads,356,19,17,251000.0,0,GA4
2026-06-01,MC002,Google Ads,390,22,19,304000.0,1,Manual
2026-06-02,MC002,Google Ads,672,34,31,529000.0,1,GA4
2026-06-03,MC002,Google Ads,398,27,22,413000.0,0,Manual
2026-06-04,MC002,Google Ads,458,22,22,258000.0,1,Google Ads
2026-06-05,MC002,Google Ads,566,29,28,342000.0,0,GA4
2026-06-06,MC002,Google Ads,269,15,15,219000.0,0,GA4
2026-06-07,MC002,Google Ads,109,7,8,85000.0,0,GA4
2026-06-08,MC002,Google Ads,408,22,20,302000.0,1,CRM
2026-06-09,MC002,Google Ads,480,24,23,297000.0,0,Google Ads
2026-06-10,MC002,Google Ads,313,20,18,283000.0,0,GA4
2026-06-11,MC002,Google Ads,456,25,24,296000.0,0,GA4
2026-06-12,MC002,Google Ads,605,29,29,381000.0,1,GA4
2026-06-13,MC002,Google Ads,137,9,10,139000.0,1,Google Ads
2026-06-14,MC002,Google Ads,283,15,16,241000.0,0,CRM
2026-06-15,MC002,Google Ads,481,22,22,336000.0,0,Google Ads
2026-06-16,MC002,Google Ads,598,24,26,380000.0,0,Google Ads
2026-06-17,MC002,Google Ads,359,22,20,308000.0,0,CRM
2026-06-18,MC002,Google Ads,446,28,24,416000.0,0,CRM
2026-06-19,MC002,Google Ads,371,20,24,243000.0,2,Meta
2026-06-20,MC002,Google Ads,138,7,8,100000.0,0,Meta
2026-06-21,MC002,Google Ads,187,8,8,92000.0,1,Manual
2026-06-22,MC002,Google Ads,476,26,27,332000.0,1,GA4
2026-06-23,MC002,Google Ads,303,17,18,214000.0,0,GA4
2026-06-24,MC002,Google Ads,458,24,26,348000.0,0,GA4
2026-06-25,MC002,Google Ads,490,26,26,348000.0,2,Google Ads
2026-06-26,MC002,Google Ads,556,28,29,441000.0,2,GA4
2026-06-27,MC002,Google Ads,133,9,8,123000.0,0,GA4
2026-06-28,MC002,Google Ads,260,12,14,177000.0,0,GA4
2026-06-29,MC002,Google Ads,816,36,34,559000.0,1,Google Ads
2026-06-30,MC002,Google Ads,371,21,19,301000.0,0,GA4
2026-07-01,MC002,Google Ads,562,28,34,364000.0,0,GA4
2026-07-02,MC002,Google Ads,477,23,25,371000.0,1,Google Ads
2026-07-03,MC002,Google Ads,458,19,20,256000.0,1,GA4
2026-07-04,MC002,Google Ads,162,8,8,122000.0,0,Meta
2026-07-05,MC002,Google Ads,195,10,9,124000.0,0,Google Ads
2026-07-06,MC002,Google Ads,390,20,23,282000.0,1,Manual
2026-07-07,MC002,Google Ads,578,30,26,475000.0,1,Google Ads
2026-07-08,MC002,Google Ads,815,41,36,567000.0,2,CRM
2026-07-09,MC002,Google Ads,538,27,27,312000.0,1,Manual
2026-07-10,MC002,Google Ads,524,27,28,432000.0,0,CRM
2026-07-11,MC002,Google Ads,133,7,7,88000.0,0,Google Ads
2026-07-12,MC002,Google Ads,189,9,10,108000.0,0,Manual
2026-07-13,MC002,Google Ads,430,24,26,316000.0,1,GA4
2026-07-14,MC002,Google Ads,386,22,23,338000.0,0,Manual
2026-07-15,MC002,Google Ads,683,31,30,359000.0,2,CRM
2026-07-16,MC002,Google Ads,416,21,24,316000.0,0,GA4
2026-07-17,MC002,Google Ads,448,27,24,386000.0,0,GA4
2026-07-18,MC002,Google Ads,101,5,6,72000.0,0,CRM
2026-07-19,MC002,Google Ads,231,12,14,154000.0,1,GA4
2026-07-20,MC002,Google Ads,824,32,27,362000.0,0,Manual
2026-07-21,MC002,GAds,435,23,20,292000.0,1,GA4
2026-07-22,MC002,Google Ads,791,40,38,546000.0,0,GA4
2026-07-23,MC002,Google Ads,475,28,28,370000.0,1,Meta
2026-07-24,MC002,Google Ads,466,26,28,328000.0,0,GA4
2026-07-25,MC002,Google Ads,141,7,9,96000.0,1,CRM
2026-07-26,MC002,Google Ads,183,9,9,110000.0,2,CRM
2026-07-27,MC002,GAds,494,26,29,308000.0,1,CRM
2026-07-28,MC002,Google Ads,301,18,19,225000.0,1,Meta
2026-07-29,MC002,Google Ads,498,22,20,321000.0,0,Manual
2026-07-30,MC002,Google Ads,453,23,27,331000.0,1,CRM
2026-07-31,MC002,Google Ads,321,18,17,285000.0,0,CRM
2026-08-01,MC002,Google Ads,229,11,12,148000.0,1,GA4
2026-08-02,MC002,Google Ads,112,5,6,76000.0,0,Google Ads
2026-08-03,MC002,Google Ads,527,31,26,347000.0,1,CRM
2026-08-04,MC002,Google Ads,673,33,31,509000.0,0,CRM
2026-08-05,MC002,Google Ads,534,30,29,456000.0,0,GA4
2026-08-06,MC002,Google Ads,438,25,25,362000.0,1,CRM
2026-08-07,MC002,Google Ads,426,21,22,326000.0,1,Meta
2026-08-08,MC002,Google Ads,186,10,12,112000.0,2,GA4
2026-08-09,MC002,Google Ads,105,5,5,78000.0,0,CRM
2026-08-10,MC002,Google Ads,384,25,25,310000.0,1,Manual
2026-08-11,MC002,Google Ads,689,34,31,457000.0,0,GA4
2026-08-12,MC002,Google Ads,643,26,25,359000.0,0,Google Ads
2026-08-13,MC002,Paid Search,416,24,26,303000.0,1,Manual
2026-08-14,MC002,Google Ads,560,30,27,448000.0,0,Manual
2026-08-15,MC002,Google Ads,293,14,13,159000.0,0,Google Ads
2026-08-16,MC002,Google Ads,395,13,13,153000.0,0,Google Ads
2026-08-17,MC002,Google Ads,384,24,26,316000.0,0,Meta
2026-08-18,MC002,Google Ads,638,31,28,460000.0,0,Google Ads
2026-08-19,MC002,Google Ads,542,30,30,446000.0,1,Google Ads
2026-08-20,MC002,Google Ads,650,33,30,408000.0,1,Google Ads
2026-08-21,MC002,Google Ads,507,30,30,372000.0,0,CRM
2026-08-22,MC002,Google Ads,99,4,5,62000.0,1,GA4
2026-08-23,MC002,Google Ads,123,6,6,95000.0,0,GA4
24/08/2026,MC002,google ppc,484,24,22,299000.0,1,CRM
2026-08-25,MC002,Google Ads,654,33,29,517000.0,1,GA4
2026-08-26,MC002,google ppc,326,19,21,296000.0,1,GA4
2026-08-27,MC002,Google Ads,526,30,31,366000.0,0,GA4
2026-08-28,MC002,Google Ads,620,34,36,405000.0,1,Google Ads
2026-08-29,MC002,Google Ads,245,11,10,124000.0,0,Manual
2026-08-30,MC002,Google Ads,178,11,10,156000.0,0,GA4
2026-08-31,MC002,Google Ads,446,23,26,349000.0,0,Meta
2025-04-13,MC003,Google Ads,215,11,10,174000.0,1,GA4
2025-04-14,MC003,Google Ads,600,27,31,322000.0,0,GA4
2025-04-15,MC003,Google Ads,510,29,29,484000.0,0,Manual
2025-04-16,MC003,Google Ads,286,19,19,299000.0,1,CRM
2025-04-17,MC003,GAds,482,30,29,473000.0,0,CRM
18/04/2025,MC003,Google Ads,425,24,22,320000.0,0,Google Ads
2025-04-19,MC003,Google Ads,251,14,15,170000.0,2,Google Ads
2025-04-20,MC003,Google Ads,195,11,12,147000.0,1,CRM
2025-04-21,MC003,Google Ads,433,19,19,278000.0,1,CRM
2025-04-22,MC003,Google Ads,350,20,19,243000.0,0,GA4
2025-04-23,MC003,Google Ads,641,31,25,506000.0,0,Manual
2025-04-24,MC003,Google Ads,432,26,23,325000.0,1,GA4
2025-04-25,MC003,Google Ads,641,29,27,467000.0,0,Google Ads
2025-04-26,MC003,Google Ads,57,4,4,50000.0,0,Google Ads
2025-04-27,MC003,Google Ads,221,11,11,147000.0,0,GA4
2025-04-28,MC003,Google Ads,382,20,21,309000.0,0,GA4
2025-04-29,MC003,Google Ads,322,18,21,297000.0,1,CRM
2025-04-30,MC003,Google Ads,683,39,42,575000.0,2,Meta
2025-05-01,MC003,Google Ads,676,34,32,431000.0,0,CRM
2025-05-02,MC003,Google Ads,565,29,27,384000.0,0,Manual
2025-05-03,MC003,Google Ads,112,6,7,75000.0,0,Meta
2025-05-04,MC003,Google Ads,136,8,8,133000.0,0,CRM
2025-05-05,MC003,Google Ads,438,21,21,351000.0,0,GA4
2025-05-06,MC003,Google Ads,334,23,26,343000.0,1,CRM
2025-05-07,MC003,Google Ads,687,38,34,576000.0,1,CRM
2025-05-08,MC003,Google Ads,454,25,23,385000.0,0,GA4
2025-05-09,MC003,Google Ads,429,19,23,230000.0,0,GA4
2025-05-10,MC003,Google Ads,287,16,14,250000.0,1,GA4
2025-05-11,MC003,Google Ads,155,8,9,112000.0,0,CRM
2025-05-12,MC003,Google Ads,455,24,23,344000.0,0,CRM
2025-05-13,MC003,Google Ads,456,21,25,281000.0,0,GA4
2025-05-14,MC003,Google Ads,355,14,14,237000.0,1,Google Ads
2025-05-15,MC003,Google Ads,502,27,23,407000.0,0,CRM
2025-05-16,MC003,Google Ads,309,17,17,227000.0,0,Meta
2025-05-17,MC003,Google Ads,173,8,9,133000.0,0,GA4
2025-05-18,MC003,Google Ads,192,11,10,143000.0,0,CRM
2025-05-19,MC003,Google Ads,304,20,20,295000.0,0,Google Ads
2025-05-20,MC003,Google Ads,384,18,18,291000.0,1,Google Ads
2025-05-21,MC003,Google Ads,313,17,18,218000.0,0,GA4
2025-05-22,MC003,Google Ads,362,22,19,368000.0,0,GA4
2025-05-23,MC003,Google Ads,488,27,24,429000.0,0,GA4
2025-05-24,MC003,Google Ads,190,10,10,138000.0,1,GA4
2025-05-25,MC003,Google Ads,161,9,8,120000.0,1,Google Ads
2025-05-26,MC003,Google Ads,672,34,33,405000.0,0,CRM
2025-05-27,MC003,Google Ads,407,23,25,384000.0,0,Google Ads
2025-05-28,MC003,Google Ads,389,22,25,302000.0,0,GA4
2025-05-29,MC003,Google Ads,458,27,25,334000.0,0,Meta
2025-05-30,MC003,Google Ads,360,21,19,280000.0,1,Meta
2025-05-31,MC003,Google Ads,218,10,12,159000.0,1,Google Ads
2025-06-01,MC003,Google Ads,112,5,6,79000.0,0,GA4
2025-06-02,MC003,Google Ads,553,27,26,334000.0,0,Google Ads
2025-06-03,MC003,Google Ads,280,15,16,223000.0,0,GA4
2025-06-04,MC003,Google Ads,668,28,27,335000.0,0,Google Ads
2025-06-05,MC003,Google Ads,433,24,24,364000.0,1,Manual
2025-06-06,MC003,Google Ads,388,20,22,292000.0,0,CRM
2025-06-07,MC003,Google Ads,124,6,7,83000.0,1,Google Ads
2025-06-08,MC003,Google Ads,182,10,12,134000.0,0,CRM
2025-06-09,MC003,Google Ads,437,24,20,326000.0,0,Meta
2025-06-10,MC003,Google Ads,255,15,15,184000.0,0,Meta
2025-06-11,MC003,Google ads,515,22,23,311000.0,0,CRM
2025-06-12,MC003,Google Ads,448,21,22,287000.0,0,GA4
2025-06-13,MC003,Google Ads,355,22,24,330000.0,0,Google Ads
2025-06-14,MC003,Google Ads,121,6,7,74000.0,1,GA4
2025-06-15,MC003,Google Ads,111,5,5,64000.0,0,Google Ads
2025-06-16,MC003,Google Ads,425,24,21,355000.0,0,GA4
2025-06-17,MC003,Google Ads,403,21,23,253000.0,1,Google Ads
2025-06-18,MC003,Google Ads,690,31,26,445000.0,0,CRM
2025-06-19,MC003,Google Ads,396,22,23,286000.0,1,Manual
2025-06-20,MC003,Google Ads,558,30,30,397000.0,0,CRM
2025-06-21,MC003,Google Ads,181,10,11,140000.0,1,Meta
2025-06-22,MC003,Google Ads,108,6,7,73000.0,0,Manual
2025-06-23,MC003,Google Ads,252,13,12,188000.0,0,CRM
2025-06-24,MC003,Google Ads,271,17,18,223000.0,0,GA4
2025-06-25,MC003,Google Ads,416,22,22,318000.0,0,GA4
2025-06-26,MC003,Google Ads,586,35,32,535000.0,1,GA4
2025-06-27,MC003,Google Ads,397,21,20,277000.0,1,CRM
2025-06-28,MC003,Google Ads,347,15,15,260000.0,0,Google Ads
2025-06-29,MC003,Google Ads,32,1,2,15000.0,1,CRM
2025-06-30,MC003,Google Ads,606,31,27,538000.0,0,GA4
2025-07-01,MC003,Google Ads,353,18,20,281000.0,1,Google Ads
2025-07-02,MC003,Google Ads,350,21,22,300000.0,0,CRM
2025-07-03,MC003,Google Ads,244,11,13,155000.0,0,GA4
2025-07-04,MC003,Google Ads,405,22,24,377000.0,0,CRM
2025-07-05,MC003,Google Ads,268,11,10,163000.0,0,GA4
2025-07-06,MC003,Google Ads,129,8,9,126000.0,1,Meta
2025-07-07,MC003,Google Ads,434,23,24,384000.0,0,GA4
2025-07-08,MC003,Paid Search,579,21,20,271000.0,3,Google Ads
2025-07-09,MC003,Google Ads,539,27,23,344000.0,0,GA4
2025-07-10,MC003,Paid Search,477,27,24,386000.0,0,GA4
2025-07-11,MC003,Google Ads,476,23,22,379000.0,0,CRM
2025-07-12,MC003,Google Ads,162,8,9,129000.0,0,Google Ads
2025-07-13,MC003,Google Ads,149,10,10,138000.0,0,CRM
2025-07-14,MC003,Google Ads,515,29,29,416000.0,0,Manual
2025-07-15,MC003,Google Ads,565,36,35,535000.0,2,GA4
2025-07-16,MC003,Google Ads,720,30,28,415000.0,0,CRM
2025-07-17,MC003,Google Ads,468,26,27,336000.0,0,GA4
2025-07-18,MC003,Google Ads,268,14,16,198000.0,1,Google Ads
2025-07-19,MC003,Google Ads,111,6,6,97000.0,0,GA4
2025-07-20,MC003,Google Ads,106,7,8,104000.0,0,CRM
2025-07-21,MC003,Google Ads,393,20,21,340000.0,0,Meta
22/07/2025,MC003,Google Ads,589,26,25,447000.0,0,Google Ads
2025-07-23,MC003,Google Ads,443,26,25,445000.0,0,GA4
2025-07-24,MC003,Google Ads,541,25,22,413000.0,0,Manual
2025-07-25,MC003,Google Ads,356,22,23,327000.0,0,GA4
2025-07-26,MC003,Google Ads,115,6,6,77000.0,2,GA4
2025-07-27,MC003,Google Ads,133,7,8,112000.0,0,CRM
2025-07-28,MC003,Google Ads,382,17,16,288000.0,1,Meta
2025-07-29,MC003,Google Ads,409,26,24,351000.0,1,Meta
2025-07-30,MC003,Google Ads,565,24,22,335000.0,0,CRM
2025-07-31,MC003,Google Ads,489,34,29,417000.0,0,GA4
2025-08-01,MC003,Google Ads,907,34,30,489000.0,1,Google Ads
2025-08-02,MC003,Google Ads,137,7,8,84000.0,2,GA4
2025-08-03,MC003,google ppc,142,6,7,89000.0,0,GA4
2025-08-04,MC003,Paid Search,353,24,23,290000.0,0,Google Ads
2025-08-05,MC003,Google Ads,668,37,31,469000.0,0,Manual
2025-08-06,MC003,Google Ads,517,25,24,299000.0,0,GA4
2025-08-07,MC003,Google Ads,483,23,22,375000.0,1,Manual
2025-08-08,MC003,google ppc,544,32,28,519000.0,1,CRM
2025-08-09,MC003,Google Ads,353,15,14,214000.0,0,Manual
2025-08-10,MC003,Google Ads,303,14,13,193000.0,0,Meta
2025-08-11,MC003,Google Ads,571,32,29,467000.0,2,Google Ads
2025-08-12,MC003,Google Ads,510,25,25,397000.0,1,GA4
2025-08-13,MC003,Google Ads,394,23,24,354000.0,2,GA4
2025-08-14,MC003,Google Ads,485,23,24,324000.0,1,CRM
2025-08-15,MC003,GAds,503,25,26,417000.0,0,CRM
2025-08-16,MC003,Paid Search,285,13,14,176000.0,1,GA4
2025-08-17,MC003,Google Ads,163,10,9,124000.0,2,GA4
2025-08-18,MC003,Google Ads,548,29,26,482000.0,0,Meta
2025-08-19,MC003,Google Ads,411,22,24,271000.0,0,GA4
2025-08-20,MC003,Google Ads,386,21,23,278000.0,1,Manual
2025-08-21,MC003,Google Ads,267,16,17,220000.0,2,CRM
2025-08-22,MC003,Google Ads,563,27,28,445000.0,1,GA4
2025-08-23,MC003,Google Ads,150,8,8,97000.0,0,Google Ads
2025-08-24,MC003,Google Ads,325,15,16,223000.0,1,Google Ads
2025-08-25,MC003,Google Ads,383,19,20,310000.0,1,GA4
08-26-2025,MC003,Paid Search,382,22,23,350000.0,0,Google Ads
2025-08-27,MC003,Google Ads,728,29,27,470000.0,3,GA4
2025-08-28,MC003,google ppc,462,22,23,271000.0,0,GA4
2025-08-29,MC003,Google Ads,440,23,24,312000.0,0,CRM
2025-08-30,MC003,Google Ads,104,5,6,86000.0,0,GA4
2025-08-31,MC003,Google Ads,97,6,6,86000.0,0,CRM
2025-09-01,MC003,Google Ads,329,17,18,247000.0,1,CRM
2025-09-02,MC003,Google Ads,416,24,24,339000.0,0,CRM
2025-09-03,MC003,Google Ads,394,26,26,382000.0,1,Manual
2025-09-04,MC003,Google Ads,518,30,26,385000.0,0,Google Ads
2025-09-05,MC003,Google Ads,579,31,30,402000.0,0,GA4
2025-09-06,MC003,Google Ads,218,8,8,105000.0,1,Meta
2025-09-07,MC003,Google Ads,88,5,5,69000.0,0,GA4
2025-09-08,MC003,Google Ads,677,30,28,433000.0,1,Meta
2025-09-09,MC003,Google Ads,440,17,18,284000.0,1,Meta
2025-09-10,MC003,Google Ads,613,29,24,349000.0,0,Google Ads
2025-09-11,MC003,Google Ads,672,29,32,470000.0,0,GA4
2025-09-12,MC003,Google Ads,409,21,22,353000.0,0,Google Ads
2025-09-13,MC003,Google Ads,151,7,8,121000.0,0,Meta
2025-09-14,MC003,Google Ads,117,7,7,113000.0,0,Meta
2025-09-15,MC003,Google Ads,513,29,28,390000.0,0,GA4
2025-09-16,MC003,Google Ads,275,16,17,191000.0,0,GA4
2025-09-17,MC003,Google Ads,564,25,25,314000.0,0,GA4
2025-09-18,MC003,Google Ads,282,18,19,284000.0,1,GA4
2025-09-19,MC003,Google Ads,448,23,21,283000.0,1,CRM
09-20-2025,MC003,Google Ads,413,20,17,308000.0,1,CRM
2025-09-21,MC003,Google Ads,220,11,11,144000.0,0,GA4
2025-09-22,MC003,Google Ads,497,23,26,305000.0,0,GA4
2025-09-23,MC003,Google Ads,405,24,27,297000.0,0,CRM
2025-09-24,MC003,Google Ads,509,28,30,422000.0,0,Google Ads
2025-09-25,MC003,Google Ads,309,18,18,267000.0,1,Manual
2025-09-26,MC003,Google Ads,499,26,24,437000.0,0,Google Ads
2025-09-27,MC003,Google Ads,231,14,15,209000.0,1,GA4
2025-09-28,MC003,Google Ads,161,8,9,127000.0,0,Manual
2025-09-29,MC003,Google Ads,377,22,24,320000.0,1,CRM
2025-09-30,MC003,Google Ads,532,30,27,519000.0,0,Manual
2025-10-01,MC003,Google Ads,688,33,31,408000.0,0,Manual
2025-10-02,MC003,Google Ads,325,18,17,247000.0,1,GA4
2025-10-03,MC003,Google Ads,592,32,28,406000.0,2,GA4
2025-10-04,MC003,Google Ads,302,14,13,194000.0,0,Google Ads
2025-10-05,MC003,Google Ads,232,12,13,181000.0,1,GA4
2025-10-06,MC003,Google Ads,454,31,27,517000.0,0,CRM
2025-10-07,MC003,Google Ads,558,32,30,529000.0,0,Manual
2025-10-08,MC003,Google Ads,623,30,32,485000.0,0,GA4
2025-10-09,MC003,Google Ads,506,22,25,346000.0,1,GA4
2025-10-10,MC003,Google Ads,538,27,30,359000.0,1,Google Ads
2025-10-11,MC003,Google Ads,213,12,13,197000.0,0,Meta
2025-10-12,MC003,Google Ads,222,14,13,172000.0,0,Meta
2025-10-13,MC003,GAds,719,31,34,523000.0,1,Meta
2025-10-14,MC003,Google Ads,424,25,24,310000.0,0,GA4
2025-10-15,MC003,Google Ads,645,34,36,532000.0,0,CRM
2025-10-16,MC003,Google Ads,483,32,32,536000.0,0,GA4
2025-10-17,MC003,Google Ads,558,32,37,537000.0,0,Manual
2025-10-18,MC003,Google Ads,197,9,9,145000.0,0,GA4
2025-10-19,MC003,Google Ads,182,10,9,137000.0,0,CRM
2025-10-20,MC003,Google Ads,497,28,33,408000.0,0,Manual
2025-10-21,MC003,Google Ads,529,35,32,495000.0,0,GA4
2025-10-22,MC003,Google Ads,587,35,31,600000.0,1,Manual
2025-10-23,MC003,Google Ads,426,22,25,278000.0,0,CRM
2025-10-24,MC003,Google Ads,486,29,25,357000.0,0,Meta
25/10/2025,MC003,Google Ads,380,16,15,200000.0,0,CRM
2025-10-26,MC003,Google Ads,198,11,12,133000.0,0,Google Ads
2025-10-27,MC003,google ppc,643,37,34,445000.0,1,Meta
2025-10-28,MC003,Google Ads,696,34,36,444000.0,0,GA4
2025-10-29,MC003,Google Ads,679,37,30,629000.0,1,GA4
2025-10-30,MC003,Google Ads,736,36,34,459000.0,0,CRM
2025-10-31,MC003,Google Ads,727,38,37,551000.0,1,GA4
2025-11-01,MC003,Google Ads,282,13,12,213000.0,0,Manual
2025-11-02,MC003,Google Ads,437,16,15,213000.0,0,GA4
2025-11-03,MC003,Google Ads,797,43,37,682000.0,0,Google Ads
2025-11-04,MC003,Google Ads,640,35,39,511000.0,0,CRM
2025-11-05,MC003,Google Ads,567,29,27,478000.0,0,Meta
2025-11-06,MC003,Google Ads,878,39,35,639000.0,1,CRM
2025-11-07,MC003,Google Ads,493,27,29,351000.0,0,CRM
2025-11-08,MC003,Google Ads,286,15,14,253000.0,1,Meta
2025-11-09,MC003,Google Ads,178,11,13,173000.0,0,Meta
2025-11-10,MC003,Google Ads,661,30,32,362000.0,0,GA4
2025-11-11,MC003,Paid Search,531,24,22,292000.0,1,GA4
2025-11-12,MC003,Google Ads,400,20,24,321000.0,1,Google Ads
2025-11-13,MC003,Google Ads,785,43,36,526000.0,0,CRM
2025-11-14,MC003,Google Ads,786,37,35,458000.0,1,Manual
2025-11-15,MC003,Google Ads,147,8,9,126000.0,0,GA4
2025-11-16,MC003,Google Ads,421,23,19,353000.0,1,GA4
2025-11-17,MC003,Google Ads,536,34,36,546000.0,0,CRM
2025-11-18,MC003,Google Ads,512,32,34,493000.0,0,Meta
2025-11-19,MC003,Google Ads,585,34,32,448000.0,0,Google Ads
2025-11-20,MC003,Google Ads,538,28,30,366000.0,0,Manual
2025-11-21,MC003,Google Ads,593,33,30,573000.0,0,GA4
2025-11-22,MC003,Google Ads,202,12,12,206000.0,1,Manual
2025-11-23,MC003,Google Ads,264,15,15,192000.0,1,CRM
2025-11-24,MC003,Google Ads,771,41,34,489000.0,0,CRM
2025-11-25,MC003,Google Ads,671,31,31,434000.0,0,CRM
2025-11-26,MC003,Google Ads,492,32,28,409000.0,2,GA4
2025-11-27,MC003,Google Ads,480,27,31,405000.0,0,GA4
2025-11-28,MC003,Google Ads,845,42,37,636000.0,2,GA4
2025-11-29,MC003,google ppc,232,12,12,164000.0,0,GA4
2025-11-30,MC003,Google Ads,276,15,13,245000.0,0,GA4
2025-12-01,MC003,Google Ads,584,36,31,467000.0,1,CRM
2025-12-02,MC003,Google Ads,582,29,31,468000.0,0,Manual
2025-12-03,MC003,Google Ads,638,35,30,522000.0,0,GA4
2025-12-04,MC003,Google Ads,474,25,21,330000.0,0,Manual
2025-12-05,MC003,Google Ads,385,22,23,318000.0,2,CRM
2025-12-06,MC003,Google Ads,205,12,13,190000.0,0,GA4
2025-12-07,MC003,Google Ads,116,5,6,65000.0,1,GA4
2025-12-08,MC003,Google Ads,514,31,26,439000.0,0,CRM
2025-12-09,MC003,Google Ads,376,22,22,294000.0,1,Manual
2025-12-10,MC003,Google Ads,692,33,31,418000.0,1,CRM
2025-12-11,MC003,Google Ads,392,24,28,408000.0,0,CRM
2025-12-12,MC003,Google Ads,795,37,34,611000.0,0,GA4
2025-12-13,MC003,Google Ads,441,22,23,356000.0,1,Manual
2025-12-14,MC003,Google Ads,128,5,6,64000.0,0,GA4
2025-12-15,MC003,Google ads,942,47,44,598000.0,3,Google Ads
2025-12-16,MC003,Google Ads,510,29,30,448000.0,1,Google Ads
2025-12-17,MC003,Google Ads,470,26,29,404000.0,1,Manual
2025-12-18,MC003,Google Ads,440,27,26,406000.0,1,GA4
2025-12-19,MC003,Google Ads,783,46,40,680000.0,1,Google Ads
2025-12-20,MC003,Google Ads,213,11,11,142000.0,2,GA4
2025-12-21,MC003,Google Ads,206,9,9,111000.0,0,GA4
2025-12-22,MC003,Google Ads,525,24,24,303000.0,0,Google Ads
2025-12-23,MC003,Google Ads,639,38,35,579000.0,0,GA4
2025-12-24,MC003,Google Ads,506,29,29,389000.0,0,Meta
2025-12-25,MC003,Google Ads,550,27,27,431000.0,1,Manual
2025-12-26,MC003,Google Ads,673,32,31,408000.0,1,GA4
2025-12-27,MC003,Google Ads,191,9,10,114000.0,0,GA4
2025-12-28,MC003,Google Ads,322,15,14,244000.0,0,CRM
2025-12-29,MC003,Google Ads,643,34,33,431000.0,0,GA4
2025-12-30,MC003,Google Ads,621,32,29,396000.0,1,GA4
2025-12-31,MC003,Google Ads,409,26,27,364000.0,0,Manual
2026-01-01,MC003,Google Ads,551,24,23,378000.0,1,CRM
2026-01-02,MC003,Google Ads,519,26,26,333000.0,0,Google Ads
2026-01-03,MC003,Google Ads,122,6,7,76000.0,0,Manual
2026-01-04,MC003,Google Ads,77,4,5,62000.0,0,Manual
2026-01-05,MC003,Google Ads,334,19,20,307000.0,0,GA4
2026-01-06,MC003,Google Ads,420,23,25,396000.0,0,Manual
2026-01-07,MC003,Google Ads,426,25,25,327000.0,0,GA4
2026-01-08,MC003,Google Ads,751,36,37,507000.0,0,Manual
2026-01-09,MC003,Google Ads,519,32,33,546000.0,0,Google Ads
2026-01-10,MC003,Google Ads,237,14,12,207000.0,0,GA4
2026-01-11,MC003,Google Ads,213,11,12,142000.0,2,Google Ads
2026-01-12,MC003,Google Ads,277,16,16,206000.0,0,CRM
2026-01-13,MC003,Google Ads,452,25,24,349000.0,0,Manual
2026-01-14,MC003,Google Ads,443,26,24,325000.0,0,CRM
2026-01-15,MC003,Google Ads,390,21,19,347000.0,0,Google Ads
2026-01-16,MC003,Google Ads,426,22,26,325000.0,1,Manual
2026-01-17,MC003,Google Ads,197,11,11,181000.0,0,CRM
2026-01-18,MC003,Google Ads,210,13,14,181000.0,0,CRM
2026-01-19,MC003,Google Ads,306,18,16,300000.0,1,Google Ads
2026-01-20,MC003,Google Ads,484,26,24,313000.0,1,Google Ads
2026-01-21,MC003,Google Ads,543,30,26,416000.0,0,CRM
2026-01-22,MC003,Google Ads,427,27,30,349000.0,0,Google Ads
2026-01-23,MC003,Google Ads,387,23,22,280000.0,0,GA4
2026-01-24,MC003,Google Ads,211,11,12,191000.0,0,CRM
2026-01-25,MC003,Google Ads,235,10,11,131000.0,0,GA4
2026-01-26,MC003,Google Ads,420,20,18,324000.0,0,CRM
2026-01-27,MC003,Google Ads,472,25,24,338000.0,0,GA4
2026-01-28,MC003,Google Ads,452,27,29,393000.0,1,Google Ads
2026-01-29,MC003,Google Ads,379,20,21,327000.0,1,Manual
2026-01-30,MC003,Google Ads,299,19,17,302000.0,0,Meta
2026-01-31,MC003,Google Ads,196,12,11,184000.0,0,GA4
2026-02-01,MC003,Google Ads,107,6,7,97000.0,0,Google Ads
2026-02-02,MC003,Google Ads,374,21,20,365000.0,0,GA4
2026-02-03,MC003,Google Ads,477,20,18,342000.0,0,Google Ads
2026-02-04,MC003,Google Ads,396,20,17,303000.0,0,GA4
2026-02-05,MC003,Google Ads,458,22,22,336000.0,0,Meta
2026-02-06,MC003,Google Ads,252,14,13,243000.0,1,GA4
2026-02-07,MC003,Google Ads,135,7,8,93000.0,0,Manual
2026-02-08,MC003,Google Ads,97,5,7,82000.0,0,Google Ads
2026-02-09,MC003,Google Ads,234,13,15,179000.0,0,CRM
2026-02-10,MC003,Google Ads,250,13,15,194000.0,0,Google Ads
2026-02-11,MC003,Google Ads,425,25,25,395000.0,0,Google Ads
2026-02-12,MC003,Google Ads,336,17,18,230000.0,0,Google Ads
2026-02-13,MC003,Google Ads,329,19,18,292000.0,0,CRM
2026-02-14,MC003,Google Ads,92,4,5,58000.0,0,GA4
2026-02-15,MC003,Google Ads,71,4,5,59000.0,0,GA4
2026-02-16,MC003,Google Ads,184,10,11,149000.0,0,Manual
2026-02-17,MC003,google ppc,253,15,16,221000.0,0,GA4
2026-02-18,MC003,Google Ads,360,17,19,213000.0,0,Google Ads
2026-02-19,MC003,Google Ads,283,14,13,199000.0,0,GA4
20/02/2026,MC003,Google Ads,292,14,15,207000.0,0,GA4
2026-02-21,MC003,Google Ads,141,7,9,98000.0,0,CRM
2026-02-22,MC003,Google Ads,72,4,4,63000.0,0,Manual
2026-02-23,MC003,Google Ads,521,26,23,341000.0,1,GA4
2026-02-24,MC003,Google Ads,325,18,16,217000.0,0,CRM
2026-02-25,MC003,Google Ads,309,15,14,217000.0,0,Google Ads
2026-02-26,MC003,Google Ads,389,23,20,319000.0,0,GA4
2026-02-27,MC003,Google Ads,379,23,19,279000.0,0,CRM
2026-02-28,MC003,Google Ads,160,7,9,95000.0,0,Google Ads
2026-03-01,MC003,Google Ads,134,7,8,98000.0,0,CRM
2026-03-02,MC003,Google Ads,459,23,27,326000.0,0,CRM
2026-03-03,MC003,Google Ads,596,26,21,383000.0,0,GA4
2026-03-04,MC003,Google Ads,449,21,24,276000.0,1,Google Ads
03-05-2026,MC003,Google Ads,494,25,29,392000.0,0,CRM
2026-03-06,MC003,Google Ads,532,25,28,285000.0,0,CRM
2026-03-07,MC003,Paid Search,315,15,14,220000.0,0,Google Ads
2026-03-08,MC003,Google Ads,247,12,11,144000.0,0,Google Ads
2026-03-09,MC003,Google Ads,285,17,19,248000.0,3,GA4
2026-03-10,MC003,Google Ads,688,28,28,355000.0,0,Meta
2026-03-11,MC003,Google Ads,532,25,25,319000.0,0,CRM
2026-03-12,MC003,Google Ads,451,23,28,299000.0,2,Google Ads
2026-03-13,MC003,Google Ads,443,22,23,311000.0,0,Meta
2026-03-14,MC003,Google Ads,384,15,14,193000.0,0,Google Ads
2026-03-15,MC003,Google Ads,195,12,13,161000.0,0,Meta
2026-03-16,MC003,Google Ads,407,28,30,434000.0,1,Google Ads
2026-03-17,MC003,Google Ads,449,24,22,331000.0,0,GA4
2026-03-18,MC003,Google Ads,388,20,20,253000.0,0,GA4
2026-03-19,MC003,Google Ads,483,27,30,341000.0,1,CRM
2026-03-20,MC003,Google Ads,386,21,24,245000.0,1,Meta
2026-03-21,MC003,Google Ads,149,9,8,146000.0,0,Google Ads
2026-03-22,MC003,Google Ads,376,17,18,266000.0,1,Google Ads
2026-03-23,MC003,Google Ads,680,30,31,465000.0,1,GA4
2026-03-24,MC003,Google Ads,534,24,23,369000.0,0,CRM
2026-03-25,MC003,Google Ads,537,27,26,381000.0,0,CRM
2026-03-26,MC003,Google Ads,780,33,28,377000.0,0,CRM
27/03/2026,MC003,Google Ads,384,21,24,268000.0,1,GA4
2026-03-28,MC003,Google Ads,219,12,11,174000.0,0,Google Ads
2026-03-29,MC003,Google Ads,255,13,14,148000.0,1,GA4
2026-03-30,MC003,Google Ads,461,29,24,419000.0,0,Manual
2026-03-31,MC003,Google Ads,419,25,28,406000.0,0,GA4
2026-04-01,MC003,Google Ads,419,24,23,382000.0,1,GA4
2026-04-02,MC003,Google Ads,437,24,25,295000.0,1,GA4
2026-04-03,MC003,Google Ads,612,29,30,325000.0,4,CRM
2026-04-04,MC003,Google Ads,297,15,14,217000.0,0,CRM
2026-04-05,MC003,Google Ads,285,14,12,203000.0,0,Google Ads
2026-04-06,MC003,Google Ads,776,36,33,486000.0,1,GA4
2026-04-07,MC003,Google Ads,453,29,25,334000.0,1,CRM
2026-04-08,MC003,Google Ads,631,24,25,378000.0,0,CRM
2026-04-09,MC003,Google Ads,604,25,27,352000.0,0,Meta
2026-04-10,MC003,Google Ads,417,25,23,325000.0,0,GA4
2026-04-11,MC003,Google Ads,454,19,18,278000.0,1,GA4
2026-04-12,MC003,Google Ads,181,10,9,149000.0,0,CRM
2026-04-13,MC003,Google Ads,645,34,34,521000.0,0,Google Ads
2026-04-14,MC003,Google Ads,424,19,19,246000.0,0,Meta
2026-04-15,MC003,Google Ads,969,40,38,587000.0,0,CRM
2026-04-16,MC003,Google Ads,794,38,35,468000.0,1,GA4
2026-04-17,MC003,Paid Search,481,26,25,425000.0,1,Manual
2026-04-18,MC003,Google Ads,263,14,16,169000.0,1,Meta
2026-04-19,MC003,Google Ads,188,9,10,114000.0,0,Manual
2026-04-20,MC003,Google Ads,465,23,20,376000.0,1,Meta
2026-04-21,MC003,Google Ads,615,31,31,457000.0,2,CRM
2026-04-22,MC003,Google Ads,342,19,19,239000.0,0,GA4
2026-04-23,MC003,Google Ads,755,30,29,414000.0,1,GA4
2026-04-24,MC003,Google Ads,868,38,34,516000.0,1,Manual
2026-04-25,MC003,Google Ads,424,19,20,308000.0,0,Google Ads
2026-04-26,MC003,Google Ads,250,13,15,176000.0,0,Manual
2026-04-27,MC003,google ppc,740,37,34,571000.0,1,GA4
2026-04-28,MC003,Google Ads,442,21,25,263000.0,0,CRM
2026-04-29,MC003,Google Ads,468,26,27,340000.0,0,GA4
2026-04-30,MC003,Google Ads,495,28,27,355000.0,0,GA4
2026-05-01,MC003,Google Ads,584,34,28,520000.0,0,GA4
2026-05-02,MC003,Google Ads,204,11,13,162000.0,1,GA4
2026-05-03,MC003,Google Ads,121,7,8,107000.0,0,CRM
2026-05-04,MC003,Google Ads,392,22,20,300000.0,1,GA4
2026-05-05,MC003,Google Ads,589,31,34,433000.0,0,GA4
2026-05-06,MC003,Google Ads,208,12,13,178000.0,1,Manual
2026-05-07,MC003,Google Ads,475,28,25,348000.0,1,GA4
2026-05-08,MC003,Google Ads,450,21,24,342000.0,0,Manual
2026-05-09,MC003,Google Ads,253,14,15,204000.0,0,GA4
2026-05-10,MC003,Google Ads,185,11,11,144000.0,0,CRM
2026-05-11,MC003,Google Ads,450,25,28,370000.0,0,Meta
2026-05-12,MC003,Google Ads,607,31,32,452000.0,0,GA4
2026-05-13,MC003,Google Ads,566,29,32,415000.0,0,GA4
2026-05-14,MC003,Google Ads,571,32,31,440000.0,1,GA4
2026-05-15,MC003,Google Ads,571,29,27,391000.0,0,Manual
2026-05-16,MC003,Google Ads,372,17,17,276000.0,0,GA4
2026-05-17,MC003,Google Ads,333,13,13,179000.0,0,GA4
2026-05-18,MC003,Google Ads,585,33,28,392000.0,0,Meta
2026-05-19,MC003,Google Ads,406,21,24,259000.0,0,Google Ads
2026-05-20,MC003,Google Ads,470,26,28,392000.0,0,Google Ads
2026-05-21,MC003,Google Ads,605,27,30,342000.0,0,GA4
2026-05-22,MC003,Google Ads,458,31,29,391000.0,1,Manual
2026-05-23,MC003,Google Ads,170,12,13,183000.0,0,GA4
2026-05-24,MC003,Google Ads,220,11,12,139000.0,0,Google Ads
2026-05-25,MC003,Google Ads,443,24,23,301000.0,0,GA4
2026-05-26,MC003,Google Ads,482,22,21,301000.0,0,GA4
2026-05-27,MC003,Google Ads,512,23,23,284000.0,2,Manual
2026-05-28,MC003,Google Ads,508,28,28,348000.0,1,GA4
2026-05-29,MC003,Google Ads,477,24,24,303000.0,0,Google Ads
2026-05-30,MC003,Google Ads,318,15,16,201000.0,0,GA4
2026-05-31,MC003,Google Ads,248,13,14,160000.0,0,Google Ads
2026-06-01,MC003,Google Ads,487,24,26,375000.0,1,CRM
2026-06-02,MC003,Google Ads,346,21,20,255000.0,0,Google Ads
2026-06-03,MC003,Google Ads,572,38,34,448000.0,2,Google Ads
2026-06-04,MC003,Google Ads,452,24,27,283000.0,0,CRM
2026-06-05,MC003,Google Ads,336,19,19,296000.0,0,CRM
2026-06-06,MC003,Google Ads,252,13,14,212000.0,1,Manual
2026-06-07,MC003,Google Ads,132,7,7,98000.0,1,Google Ads
2026-06-08,MC003,Google Ads,433,30,25,476000.0,0,CRM
2026-06-09,MC003,Google Ads,488,28,30,321000.0,0,Google Ads
2026-06-10,MC003,Google Ads,458,24,22,335000.0,0,GA4
2026-06-11,MC003,Google Ads,505,25,21,360000.0,1,CRM
2026-06-12,MC003,Google Ads,468,27,24,317000.0,1,CRM
2026-06-13,MC003,GAds,267,13,14,160000.0,1,CRM
2026-06-14,MC003,Google Ads,230,10,9,114000.0,1,CRM
2026-06-15,MC003,Google Ads,305,13,16,156000.0,1,GA4
2026-06-16,MC003,Google Ads,535,23,25,374000.0,0,GA4
2026-06-17,MC003,Google Ads,339,18,22,212000.0,2,Google Ads
2026-06-18,MC003,Google Ads,543,33,34,530000.0,1,Manual
2026-06-19,MC003,Google Ads,578,24,26,386000.0,0,Manual
2026-06-20,MC003,Google Ads,438,19,18,214000.0,1,Manual
2026-06-21,MC003,Google Ads,143,9,8,140000.0,1,GA4
2026-06-22,MC003,Google Ads,279,17,18,236000.0,0,Google Ads
2026-06-23,MC003,Google Ads,410,22,26,333000.0,2,CRM
2026-06-24,MC003,Google Ads,384,21,19,275000.0,2,GA4
2026-06-25,MC003,Google Ads,380,20,20,238000.0,0,CRM
2026-06-26,MC003,Google Ads,437,24,24,295000.0,1,GA4
2026-06-27,MC003,Google Ads,162,7,8,112000.0,0,GA4
2026-06-28,MC003,Google Ads,331,17,15,259000.0,0,Google Ads
2026-06-29,MC003,Google Ads,437,21,20,321000.0,0,GA4
2026-06-30,MC003,Google Ads,409,25,23,366000.0,0,GA4
2026-07-01,MC003,Google Ads,308,17,19,222000.0,1,CRM
2026-07-02,MC003,Google Ads,410,27,25,315000.0,0,CRM
2026-07-03,MC003,Google Ads,574,25,27,385000.0,0,Meta
2025-01-01,MC004,Organic Search,0,0,16,0.0,0,Google Ads
2025-01-02,MC004,Organic Search,0,0,10,0.0,0,Manual
2025-01-03,MC004,Organic Search,0,0,25,0.0,0,CRM
2025-01-04,MC004,Organic Search,0,0,11,0.0,0,Meta
2025-01-05,MC004,Organic Search,0,0,3,0.0,1,Manual
2025-01-06,MC004,Organic Search,0,0,21,0.0,0,Meta
2025-01-07,MC004,Organic Search,0,0,22,0.0,0,Google Ads
2025-01-08,MC004,Organic Search,0,0,21,0.0,0,Meta
2025-01-09,MC004,Organic Search,0,0,18,0.0,0,GA4
2025-01-10,MC004,Organic Search,0,0,19,0.0,0,GA4
2025-01-11,MC004,Organic Search,0,0,6,0.0,0,GA4
2025-01-12,MC004,Organic Search,0,0,7,0.0,1,GA4
2025-01-13,MC004,Organic Search,0,0,15,0.0,0,Meta
2025-01-14,MC004,Organic Search,0,0,14,0.0,1,CRM
2025-01-15,MC004,Organic Search,0,0,16,0.0,1,GA4
2025-01-16,MC004,Organic Search,0,0,16,0.0,0,GA4
2025-01-17,MC004,Organic Search,0,0,17,0.0,0,Google Ads
2025-01-18,MC004,Organic Search,0,0,9,0.0,1,Google Ads
2025-01-19,MC004,Organic Search,0,0,6,0.0,1,Manual
2025-01-20,MC004,Organic Search,0,0,17,0.0,0,GA4
2025-01-21,MC004,Organic search,0,0,18,0.0,1,Meta
2025-01-22,MC004,Organic Search,0,0,20,0.0,0,CRM
2025-01-23,MC004,Organic Search,0,0,11,0.0,0,Google Ads
2025-01-24,MC004,Organic Search,0,0,14,0.0,0,GA4
2025-01-25,MC004,Organic Search,0,0,4,0.0,1,Google Ads
2025-01-26,MC004,Organic Search,0,0,5,0.0,0,Manual
2025-01-27,MC004,Organic Search,0,0,19,0.0,0,CRM
2025-01-28,MC004,Organic Search,0,0,19,0.0,2,CRM
2025-01-29,MC004,Organic Search,0,0,19,0.0,1,CRM
2025-01-30,MC004,Organic Search,0,0,20,0.0,0,GA4
2025-01-31,MC004,Organic Search,0,0,20,0.0,0,GA4
2025-02-01,MC004,Organic Search,0,0,9,0.0,0,CRM
2025-02-02,MC004,Organic Search,0,0,3,0.0,0,CRM
2025-02-03,MC004,Organic Search,0,0,17,0.0,1,GA4
2025-02-04,MC004,Organic Search,0,0,13,0.0,0,GA4
2025-02-05,MC004,Organic Search,0,0,18,0.0,0,Google Ads
2025-02-06,MC004,Organic Search,0,0,12,0.0,1,CRM
2025-02-07,MC004,Organic Search,0,0,14,0.0,0,CRM
2025-02-08,MC004,Organic Search,0,0,4,0.0,0,GA4
2025-02-09,MC004,Organic Search,0,0,6,0.0,0,GA4
2025-02-10,MC004,Organic Search,0,0,19,0.0,0,CRM
2025-02-11,MC004,Organic search,0,0,13,0.0,1,Meta
2025-02-12,MC004,Organic Search,0,0,9,0.0,0,Google Ads
2025-02-13,MC004,Organic Search,0,0,9,0.0,1,GA4
2025-02-14,MC004,Organic Search,0,0,18,0.0,0,Meta
2025-02-15,MC004,Organic Search,0,0,6,0.0,0,GA4
2025-02-16,MC004,Organic Search,0,0,5,0.0,0,GA4
2025-02-17,MC004,Organic Search,0,0,9,0.0,1,Meta
2025-02-18,MC004,Organic Search,0,0,16,0.0,0,Meta
2025-02-19,MC004,Organic Search,0,0,15,0.0,0,GA4
2025-02-20,MC004,Organic Search,0,0,14,0.0,0,Manual
2025-02-21,MC004,Organic Search,0,0,18,0.0,1,Google Ads
2025-02-22,MC004,Organic Search,0,0,4,0.0,2,GA4
2025-02-23,MC004,Organic Search,0,0,5,0.0,1,Google Ads
2025-02-24,MC004,Organic Search,0,0,14,0.0,1,CRM
2025-02-25,MC004,Organic Search,0,0,12,0.0,1,CRM
2025-02-26,MC004,Organic Search,0,0,13,0.0,0,Meta
2025-02-27,MC004,Organic Search,0,0,10,0.0,0,CRM
2025-02-28,MC004,Organic Search,0,0,12,0.0,0,CRM
2025-03-01,MC004,Organic Search,0,0,9,0.0,0,Google Ads
2025-03-02,MC004,Organic Search,0,0,13,0.0,0,Google Ads
2025-03-03,MC004,Organic Search,0,0,18,0.0,1,Meta
2025-03-04,MC004,Organic search,0,0,30,0.0,0,GA4
2025-03-05,MC004,Organic Search,0,0,9,0.0,1,Manual
06/03/2025,MC004,Organic Search,0,0,16,0.0,1,Manual
2025-03-07,MC004,Organic Search,0,0,19,0.0,0,CRM
2025-03-08,MC004,Organic Search,0,0,9,0.0,1,Google Ads
2025-03-09,MC004,Organic Search,0,0,5,0.0,0,Google Ads
2025-03-10,MC004,Organic Search,0,0,12,0.0,0,Google Ads
2025-03-11,MC004,Organic Search,0,0,16,0.0,0,GA4
2025-03-12,MC004,Organic Search,0,0,18,0.0,0,GA4
2025-03-13,MC004,Organic Search,0,0,19,0.0,1,Manual
2025-03-14,MC004,Organic Search,0,0,17,0.0,0,Google Ads
2025-03-15,MC004,Organic Search,0,0,9,0.0,0,GA4
2025-03-16,MC004,Organic Search,0,0,7,0.0,0,Google Ads
2025-03-17,MC004,Organic Search,0,0,15,0.0,0,GA4
2025-03-18,MC004,Organic Search,0,0,15,0.0,0,GA4
2025-03-19,MC004,Organic Search,0,0,14,0.0,0,GA4
2025-03-20,MC004,organic,0,0,27,0.0,0,GA4
2025-03-21,MC004,Organic Search,0,0,15,0.0,2,GA4
2025-03-22,MC004,Organic Search,0,0,10,0.0,0,Manual
2025-03-23,MC004,Organic Search,0,0,7,0.0,0,GA4
2025-03-24,MC004,Organic Search,0,0,20,0.0,0,GA4
2025-03-25,MC004,SEO,0,0,18,0.0,0,CRM
2025-03-26,MC004,Organic Search,0,0,18,0.0,1,Meta
2025-03-27,MC004,Organic Search,0,0,18,0.0,0,Google Ads
03-28-2025,MC004,Organic Search,0,0,19,0.0,1,GA4
2025-03-29,MC004,Organic Search,0,0,7,0.0,0,Manual
2025-03-30,MC004,Organic Search,0,0,11,0.0,1,GA4
2025-03-31,MC004,Organic Search,0,0,12,0.0,1,GA4
2025-04-01,MC004,Organic Search,0,0,22,0.0,1,GA4
2025-04-02,MC004,Organic Search,0,0,25,0.0,0,GA4
2025-04-03,MC004,Organic Search,0,0,22,0.0,1,CRM
2025-04-04,MC004,Organic Search,0,0,13,0.0,0,CRM
2025-04-05,MC004,Organic Search,0,0,7,0.0,0,Google Ads
2025-04-06,MC004,Organic Search,0,0,6,0.0,1,GA4
2025-04-07,MC004,Organic Search,0,0,17,0.0,0,Manual
2025-04-08,MC004,Organic Search,0,0,21,0.0,0,GA4
2025-04-09,MC004,Organic Search,0,0,13,0.0,0,GA4
2025-04-10,MC004,Organic Search,0,0,14,0.0,0,Manual
2025-04-11,MC004,Organic Search,0,0,14,0.0,0,Google Ads
2025-04-12,MC004,Organic Search,0,0,4,0.0,0,Google Ads
2025-04-13,MC004,Organic Search,0,0,6,0.0,0,Meta
2025-04-14,MC004,Organic Search,0,0,24,0.0,0,GA4
2025-04-15,MC004,organic,0,0,13,0.0,0,GA4
2025-04-16,MC004,Organic Search,0,0,12,0.0,1,Meta
2025-04-17,MC004,Organic Search,0,0,10,0.0,0,GA4
2025-04-18,MC004,Organic Search,0,0,20,0.0,0,GA4
2025-04-19,MC004,Organic Search,0,0,9,0.0,1,Google Ads
2025-04-20,MC004,Organic Search,0,0,9,0.0,1,GA4
2025-04-21,MC004,Organic Search,0,0,18,0.0,0,GA4
2025-04-22,MC004,Organic Search,0,0,16,0.0,1,GA4
2025-04-23,MC004,Organic Search,0,0,18,0.0,0,GA4
2025-04-24,MC004,Organic Search,0,0,21,0.0,1,Meta
2025-04-25,MC004,Organic Search,0,0,20,0.0,0,Manual
2025-04-26,MC004,Organic Search,0,0,8,0.0,0,Google Ads
2025-04-27,MC004,Organic Search,0,0,9,0.0,0,GA4
2025-04-28,MC004,Organic Search,0,0,13,0.0,0,Manual
2025-04-29,MC004,Organic Search,0,0,21,0.0,0,Google Ads
2025-04-30,MC004,Organic Search,0,0,13,0.0,0,GA4
2025-05-01,MC004,Organic Search,0,0,19,0.0,1,GA4
2025-05-02,MC004,Organic Search,0,0,16,0.0,0,Google Ads
2025-05-03,MC004,Organic Search,0,0,10,0.0,0,CRM
2025-05-04,MC004,Organic Search,0,0,6,0.0,0,GA4
2025-05-05,MC004,Organic Search,0,0,18,0.0,1,GA4
2025-05-06,MC004,Organic Search,0,0,17,0.0,1,Meta
2025-05-07,MC004,Organic Search,0,0,9,0.0,0,CRM
2025-05-08,MC004,Organic Search,0,0,12,0.0,0,Meta
2025-05-09,MC004,Organic Search,0,0,20,0.0,0,Google Ads
2025-05-10,MC004,Organic Search,0,0,3,0.0,1,CRM
2025-05-11,MC004,Organic Search,0,0,4,0.0,1,GA4
2025-05-12,MC004,Organic Search,0,0,27,0.0,1,CRM
2025-05-13,MC004,Organic Search,0,0,20,0.0,0,Google Ads
2025-05-14,MC004,Organic Search,0,0,24,0.0,0,GA4
2025-05-15,MC004,Organic Search,0,0,7,0.0,0,Manual
2025-05-16,MC004,Organic Search,0,0,30,0.0,1,GA4
2025-05-17,MC004,Organic Search,0,0,10,0.0,0,Google Ads
2025-05-18,MC004,Organic Search,0,0,10,0.0,0,CRM
2025-05-19,MC004,Organic Search,0,0,20,0.0,0,Google Ads
2025-05-20,MC004,Organic Search,0,0,18,0.0,0,Google Ads
2025-05-21,MC004,Organic Search,0,0,17,0.0,1,Manual
2025-05-22,MC004,Organic Search,0,0,27,0.0,0,GA4
2025-05-23,MC004,Organic Search,0,0,20,0.0,0,Meta
2025-05-24,MC004,Organic Search,0,0,7,0.0,0,GA4
2025-05-25,MC004,Organic Search,0,0,11,0.0,0,GA4
2025-05-26,MC004,Organic Search,0,0,16,0.0,0,GA4
2025-05-27,MC004,Organic Search,0,0,18,0.0,0,GA4
2025-05-28,MC004,Organic Search,0,0,12,0.0,1,GA4
2025-05-29,MC004,Organic Search,0,0,23,0.0,0,Manual
2025-05-30,MC004,Organic Search,0,0,15,0.0,1,Google Ads
2025-05-31,MC004,Organic Search,0,0,8,0.0,0,GA4
2025-06-01,MC004,Organic Search,0,0,4,0.0,1,GA4
2025-06-02,MC004,Organic Search,0,0,9,0.0,0,GA4
2025-06-03,MC004,Organic Search,0,0,17,0.0,0,GA4
2025-06-04,MC004,Organic Search,0,0,19,0.0,0,Google Ads
2025-06-05,MC004,Organic Search,0,0,16,0.0,0,CRM
2025-06-06,MC004,Organic Search,0,0,17,0.0,0,GA4
07/06/2025,MC004,Organic Search,0,0,8,0.0,0,CRM
2025-06-08,MC004,organic,0,0,8,0.0,0,CRM
2025-06-09,MC004,Organic Search,0,0,22,0.0,0,CRM
2025-06-10,MC004,Organic Search,0,0,18,0.0,0,GA4
2025-06-11,MC004,Organic Search,0,0,20,0.0,0,Google Ads
2025-06-12,MC004,Organic Search,0,0,12,0.0,1,Meta
2025-06-13,MC004,Organic Search,0,0,11,0.0,0,Google Ads
2025-06-14,MC004,Organic Search,0,0,7,0.0,0,GA4
2025-06-15,MC004,Organic Search,0,0,6,0.0,0,GA4
2025-06-16,MC004,Organic Search,0,0,15,0.0,0,Manual
2025-06-17,MC004,Organic Search,0,0,16,0.0,0,Manual
2025-06-18,MC004,Organic Search,0,0,21,0.0,1,CRM
2025-06-19,MC004,Organic Search,0,0,14,0.0,0,Manual
2025-06-20,MC004,Organic Search,0,0,20,0.0,0,CRM
2025-06-21,MC004,Organic Search,0,0,5,0.0,0,GA4
2025-06-22,MC004,Organic Search,0,0,11,0.0,0,Google Ads
2025-06-23,MC004,Organic Search,0,0,17,0.0,0,GA4
2025-06-24,MC004,Organic Search,0,0,17,0.0,1,GA4
2025-06-25,MC004,Organic Search,0,0,26,0.0,0,CRM
2025-06-26,MC004,Organic Search,0,0,17,0.0,0,GA4
2025-06-27,MC004,Organic Search,0,0,23,0.0,1,Meta
2025-06-28,MC004,Organic Search,0,0,8,0.0,0,Google Ads
2025-06-29,MC004,Organic Search,0,0,8,0.0,1,CRM
2025-06-30,MC004,Organic Search,0,0,16,0.0,0,GA4
2025-07-01,MC004,SEO,0,0,12,0.0,0,GA4
2025-07-02,MC004,Organic Search,0,0,20,0.0,0,CRM
2025-07-03,MC004,Organic Search,0,0,16,0.0,0,GA4
2025-07-04,MC004,Organic Search,0,0,15,0.0,0,GA4
2025-07-05,MC004,Organic Search,0,0,6,0.0,0,Manual
2025-07-06,MC004,Organic Search,0,0,5,0.0,0,CRM
2025-07-07,MC004,Organic Search,0,0,10,0.0,0,GA4
2025-07-08,MC004,Organic Search,0,0,15,0.0,0,Meta
2025-07-09,MC004,Organic Search,0,0,18,0.0,0,CRM
2025-07-10,MC004,Organic Search,0,0,11,0.0,1,Google Ads
2025-07-11,MC004,SEO,0,0,20,0.0,0,GA4
2025-07-12,MC004,Organic Search,0,0,7,0.0,0,GA4
2025-07-13,MC004,Organic Search,0,0,7,0.0,0,Google Ads
2025-07-14,MC004,Organic Search,0,0,20,0.0,0,GA4
2025-07-15,MC004,Organic Search,0,0,13,0.0,0,Google Ads
2025-07-16,MC004,Organic Search,0,0,19,0.0,1,Google Ads
2025-07-17,MC004,Organic Search,0,0,21,0.0,0,GA4
2025-07-18,MC004,Organic Search,0,0,12,0.0,0,Manual
2025-07-19,MC004,Organic search,0,0,7,0.0,0,GA4
2025-07-20,MC004,Organic Search,0,0,14,0.0,0,GA4
2025-07-21,MC004,Organic Search,0,0,18,0.0,0,Manual
2025-07-22,MC004,Organic Search,0,0,10,0.0,0,GA4
2025-07-23,MC004,Organic Search,0,0,15,0.0,0,Manual
2025-07-24,MC004,Organic Search,0,0,25,0.0,0,Manual
2025-07-25,MC004,Organic Search,0,0,19,0.0,0,Meta
2025-07-26,MC004,Organic Search,0,0,8,0.0,0,CRM
2025-07-27,MC004,Organic Search,0,0,6,0.0,0,Meta
2025-07-28,MC004,Organic Search,0,0,21,0.0,0,GA4
2025-07-29,MC004,Organic Search,0,0,19,0.0,0,Meta
2025-07-30,MC004,Organic Search,0,0,15,0.0,1,Google Ads
2025-07-31,MC004,Organic Search,0,0,20,0.0,0,Manual
2025-08-01,MC004,Organic Search,0,0,14,0.0,0,Meta
2025-08-02,MC004,Organic Search,0,0,11,0.0,0,CRM
2025-08-03,MC004,Organic Search,0,0,8,0.0,1,Meta
2025-08-04,MC004,Organic Search,0,0,15,0.0,0,GA4
2025-08-05,MC004,Organic Search,0,0,20,0.0,0,CRM
08-06-2025,MC004,Organic Search,0,0,10,0.0,0,CRM
2025-08-07,MC004,Organic Search,0,0,20,0.0,0,GA4
2025-08-08,MC004,Organic Search,0,0,21,0.0,0,GA4
2025-08-09,MC004,Organic Search,0,0,12,0.0,0,GA4
2025-08-10,MC004,Organic Search,0,0,7,0.0,1,CRM
2025-08-11,MC004,Organic Search,0,0,12,0.0,1,Manual
2025-08-12,MC004,Organic Search,0,0,18,0.0,0,Google Ads
2025-08-13,MC004,Organic Search,0,0,23,0.0,0,Manual
2025-08-14,MC004,Organic Search,0,0,19,0.0,0,GA4
2025-08-15,MC004,Organic Search,0,0,16,0.0,0,Meta
2025-08-16,MC004,Organic Search,0,0,8,0.0,1,GA4
2025-08-17,MC004,Organic Search,0,0,11,0.0,0,Meta
2025-08-18,MC004,Organic Search,0,0,19,0.0,0,Google Ads
2025-08-19,MC004,SEO,0,0,16,0.0,0,GA4
2025-08-20,MC004,Organic Search,0,0,14,0.0,1,Google Ads
2025-08-21,MC004,Organic Search,0,0,18,0.0,1,GA4
2025-08-22,MC004,Organic Search,0,0,24,0.0,0,Google Ads
2025-08-23,MC004,Organic Search,0,0,9,0.0,0,Google Ads
2025-08-24,MC004,Organic Search,0,0,7,0.0,0,GA4
2025-08-25,MC004,Organic Search,0,0,23,0.0,0,GA4
2025-08-26,MC004,Organic Search,0,0,18,0.0,1,CRM
2025-08-27,MC004,Organic Search,0,0,13,0.0,1,CRM
2025-08-28,MC004,Organic Search,0,0,15,0.0,0,CRM
2025-08-29,MC004,Organic Search,0,0,12,0.0,0,GA4
2025-08-30,MC004,Organic Search,0,0,7,0.0,0,GA4
2025-08-31,MC004,Organic Search,0,0,8,0.0,0,GA4
2025-09-01,MC004,Organic Search,0,0,20,0.0,0,Manual
2025-09-02,MC004,Organic Search,0,0,18,0.0,0,Meta
2025-09-03,MC004,Organic Search,0,0,13,0.0,0,Google Ads
2025-09-04,MC004,Organic Search,0,0,14,0.0,0,GA4
2025-09-05,MC004,Organic Search,0,0,20,0.0,0,Google Ads
2025-09-06,MC004,Organic Search,0,0,6,0.0,0,GA4
2025-09-07,MC004,Organic Search,0,0,11,0.0,1,Google Ads
2025-09-08,MC004,Organic Search,0,0,20,0.0,0,Manual
2025-09-09,MC004,organic,0,0,21,0.0,0,Manual
2025-09-10,MC004,Organic Search,0,0,26,0.0,0,Manual
2025-09-11,MC004,Organic Search,0,0,21,0.0,1,CRM
2025-09-12,MC004,Organic Search,0,0,25,0.0,0,Manual
09-13-2025,MC004,Organic Search,0,0,5,0.0,1,Google Ads
2025-09-14,MC004,Organic Search,0,0,8,0.0,1,CRM
2025-09-15,MC004,Organic Search,0,0,15,0.0,0,CRM
2025-09-16,MC004,Organic Search,0,0,12,0.0,0,GA4
2025-09-17,MC004,Organic Search,0,0,27,0.0,0,Meta
2025-09-18,MC004,Organic Search,0,0,24,0.0,1,Meta
2025-09-19,MC004,Organic Search,0,0,19,0.0,0,Manual
2025-09-20,MC004,Organic Search,0,0,7,0.0,0,CRM
2025-09-21,MC004,Organic Search,0,0,6,0.0,0,GA4
2025-09-22,MC004,Organic Search,0,0,21,0.0,0,Meta
2025-09-23,MC004,Organic Search,0,0,23,0.0,1,CRM
2025-09-24,MC004,Organic Search,0,0,15,0.0,0,CRM
2025-09-25,MC004,Organic Search,0,0,27,0.0,1,Manual
2025-09-26,MC004,Organic Search,0,0,13,0.0,0,GA4
2025-09-27,MC004,Organic Search,0,0,10,0.0,0,Meta
2025-09-28,MC004,Organic Search,0,0,8,0.0,0,GA4
2025-09-29,MC004,Organic Search,0,0,19,0.0,0,GA4
2025-09-30,MC004,Organic Search,0,0,16,0.0,0,Meta
2025-10-01,MC004,Organic Search,0,0,21,0.0,0,Google Ads
2025-10-02,MC004,Organic Search,0,0,23,0.0,1,CRM
2025-10-03,MC004,Organic Search,0,0,21,0.0,0,Google Ads
2025-10-04,MC004,Organic Search,0,0,8,0.0,0,Manual
2025-10-05,MC004,Organic Search,0,0,9,0.0,0,Google Ads
2025-10-06,MC004,Organic Search,0,0,21,0.0,1,Manual
2025-10-07,MC004,Organic Search,0,0,21,0.0,0,Google Ads
2025-10-08,MC004,Organic Search,0,0,13,0.0,1,GA4
2025-10-09,MC004,Organic Search,0,0,17,0.0,0,Meta
2025-10-10,MC004,Organic Search,0,0,20,0.0,0,GA4
2025-10-11,MC004,SEO,0,0,5,0.0,1,CRM
2025-10-12,MC004,Organic Search,0,0,9,0.0,0,Google Ads
2025-10-13,MC004,Organic Search,0,0,17,0.0,0,GA4
2025-10-14,MC004,Organic Search,0,0,23,0.0,0,GA4
2025-10-15,MC004,organic,0,0,25,0.0,0,Google Ads
2025-10-16,MC004,Organic Search,0,0,26,0.0,0,GA4
2025-10-17,MC004,Organic Search,0,0,26,0.0,0,CRM
2025-10-18,MC004,Organic Search,0,0,10,0.0,1,GA4
2025-10-19,MC004,Organic Search,0,0,11,0.0,0,Meta
2025-10-20,MC004,organic,0,0,18,0.0,0,GA4
2025-10-21,MC004,Organic Search,0,0,30,0.0,1,GA4
2025-10-22,MC004,Organic Search,0,0,19,0.0,0,Manual
2025-10-23,MC004,Organic Search,0,0,24,0.0,1,Manual
2025-10-24,MC004,Organic Search,0,0,23,0.0,0,Meta
2025-10-25,MC004,Organic Search,0,0,16,0.0,0,Google Ads
2025-10-26,MC004,Organic Search,0,0,18,0.0,0,Meta
2025-10-27,MC004,Organic Search,0,0,30,0.0,0,Manual
2025-10-28,MC004,Organic Search,0,0,15,0.0,0,Manual
2025-10-29,MC004,Organic Search,0,0,23,0.0,0,CRM
2025-10-30,MC004,Organic Search,0,0,20,0.0,0,Meta
2025-10-31,MC004,Organic Search,0,0,17,0.0,0,Manual
2025-11-01,MC004,Organic Search,0,0,8,0.0,0,CRM
2025-11-02,MC004,Organic Search,0,0,15,0.0,0,Manual
2025-11-03,MC004,Organic Search,0,0,31,0.0,1,Meta
2025-11-04,MC004,Organic Search,0,0,25,0.0,1,GA4
2025-11-05,MC004,Organic Search,0,0,18,0.0,0,Manual
2025-11-06,MC004,Organic Search,0,0,20,0.0,1,Manual
2025-11-07,MC004,Organic Search,0,0,25,0.0,0,Google Ads
2025-11-08,MC004,Organic Search,0,0,4,0.0,0,CRM
2025-11-09,MC004,Organic Search,0,0,8,0.0,0,Manual
2025-11-10,MC004,Organic Search,0,0,37,0.0,0,Manual
2025-11-11,MC004,Organic Search,0,0,27,0.0,1,CRM
2025-11-12,MC004,Organic Search,0,0,21,0.0,0,Manual
13/11/2025,MC004,Organic Search,0,0,21,0.0,0,CRM
2025-11-14,MC004,Organic Search,0,0,23,0.0,0,GA4
2025-11-15,MC004,Organic Search,0,0,12,0.0,0,GA4
2025-11-16,MC004,Organic Search,0,0,6,0.0,0,Meta
2025-11-17,MC004,Organic Search,0,0,17,0.0,0,CRM
2025-11-18,MC004,Organic Search,0,0,22,0.0,0,GA4
2025-11-19,MC004,Organic Search,0,0,16,0.0,0,Manual
2025-11-20,MC004,Organic Search,0,0,18,0.0,0,Meta
2025-11-21,MC004,Organic Search,0,0,30,0.0,0,Google Ads
2025-11-22,MC004,Organic Search,0,0,10,0.0,0,CRM
2025-11-23,MC004,Organic Search,0,0,7,0.0,0,GA4
2025-11-24,MC004,Organic Search,0,0,22,0.0,0,GA4
2025-11-25,MC004,Organic Search,0,0,27,0.0,1,CRM
2025-11-26,MC004,Organic Search,0,0,24,0.0,0,CRM
2025-11-27,MC004,Organic Search,0,0,24,0.0,0,CRM
2025-11-28,MC004,Organic Search,0,0,18,0.0,1,CRM
2025-11-29,MC004,Organic Search,0,0,9,0.0,0,CRM
2025-11-30,MC004,Organic Search,0,0,14,0.0,0,CRM
2025-12-01,MC004,Organic Search,0,0,28,0.0,0,GA4
2025-12-02,MC004,Organic search,0,0,19,0.0,0,GA4
2025-12-03,MC004,Organic Search,0,0,26,0.0,0,CRM
2025-12-04,MC004,Organic Search,0,0,25,0.0,1,Manual
2025-12-05,MC004,Organic Search,0,0,15,0.0,1,Manual
2025-12-06,MC004,Organic Search,0,0,10,0.0,0,CRM
2025-12-07,MC004,Organic Search,0,0,15,0.0,1,GA4
2025-12-08,MC004,Organic Search,0,0,22,0.0,0,Google Ads
2025-12-09,MC004,Organic Search,0,0,20,0.0,0,CRM
2025-12-10,MC004,Organic Search,0,0,17,0.0,0,Manual
2025-12-11,MC004,Organic Search,0,0,20,0.0,0,Google Ads
2025-12-12,MC004,Organic Search,0,0,21,0.0,0,GA4
2025-12-13,MC004,Organic Search,0,0,6,0.0,1,GA4
2025-12-14,MC004,Organic Search,0,0,6,0.0,0,CRM
2025-12-15,MC004,Organic Search,0,0,26,0.0,0,Meta
2025-12-16,MC004,Organic Search,0,0,28,0.0,1,Manual
2025-12-17,MC004,Organic Search,0,0,25,0.0,0,GA4
2025-12-18,MC004,Organic Search,0,0,21,0.0,0,Meta
2025-12-19,MC004,Organic Search,0,0,22,0.0,1,CRM
2025-12-20,MC004,Organic Search,0,0,8,0.0,0,CRM
2025-12-21,MC004,Organic Search,0,0,7,0.0,0,Manual
2025-12-22,MC004,Organic Search,0,0,23,0.0,0,CRM
2025-12-23,MC004,Organic Search,0,0,23,0.0,0,Google Ads
2025-12-24,MC004,Organic Search,0,0,23,0.0,0,Manual
2025-12-25,MC004,Organic Search,0,0,19,0.0,1,GA4
2025-12-26,MC004,Organic Search,0,0,21,0.0,0,GA4
2025-12-27,MC004,Organic Search,0,0,7,0.0,1,Google Ads
12-28-2025,MC004,Organic Search,0,0,3,0.0,0,CRM
2025-12-29,MC004,Organic Search,0,0,21,0.0,0,CRM
2025-12-30,MC004,Organic Search,0,0,28,0.0,1,GA4
2025-12-31,MC004,Organic Search,0,0,18,0.0,0,GA4
2026-01-01,MC004,Organic Search,0,0,20,0.0,1,CRM
2026-01-02,MC004,Organic Search,0,0,24,0.0,1,GA4
2026-01-03,MC004,Organic Search,0,0,4,0.0,0,GA4
2026-01-04,MC004,Organic Search,0,0,6,0.0,0,GA4
2026-01-05,MC004,Organic Search,0,0,23,0.0,1,GA4
2026-01-06,MC004,Organic Search,0,0,12,0.0,0,CRM
2026-01-07,MC004,Organic Search,0,0,22,0.0,0,GA4
2026-01-08,MC004,Organic Search,0,0,13,0.0,0,GA4
2026-01-09,MC004,organic,0,0,15,0.0,0,GA4
2026-01-10,MC004,Organic search,0,0,10,0.0,0,GA4
2026-01-11,MC004,Organic Search,0,0,7,0.0,0,Google Ads
2026-01-12,MC004,Organic Search,0,0,25,0.0,1,Manual
2026-01-13,MC004,Organic Search,0,0,15,0.0,0,CRM
2026-01-14,MC004,Organic Search,0,0,16,0.0,0,GA4
2026-01-15,MC004,Organic Search,0,0,15,0.0,0,CRM
2026-01-16,MC004,Organic Search,0,0,19,0.0,0,CRM
2026-01-17,MC004,Organic Search,0,0,7,0.0,0,GA4
2026-01-18,MC004,Organic Search,0,0,12,0.0,0,Manual
2026-01-19,MC004,Organic Search,0,0,14,0.0,1,GA4
2026-01-20,MC004,Organic Search,0,0,18,0.0,0,Meta
2026-01-21,MC004,Organic Search,0,0,16,0.0,1,Google Ads
2026-01-22,MC004,Organic Search,0,0,19,0.0,0,Google Ads
2026-01-23,MC004,Organic Search,0,0,23,0.0,0,Google Ads
2026-01-24,MC004,Organic Search,0,0,8,0.0,0,GA4
2026-01-25,MC004,Organic Search,0,0,6,0.0,0,Manual
2026-01-26,MC004,Organic Search,0,0,12,0.0,0,GA4
2026-01-27,MC004,Organic Search,0,0,17,0.0,1,Google Ads
2026-01-28,MC004,Organic Search,0,0,22,0.0,0,Meta
2026-01-29,MC004,Organic Search,0,0,16,0.0,0,GA4
2026-01-30,MC004,Organic Search,0,0,20,0.0,0,GA4
2026-01-31,MC004,Organic Search,0,0,7,0.0,1,Google Ads
2026-02-01,MC004,Organic Search,0,0,9,0.0,0,GA4
2026-02-02,MC004,Organic Search,0,0,12,0.0,0,GA4
2026-02-03,MC004,Organic Search,0,0,14,0.0,0,GA4
2026-02-04,MC004,Organic Search,0,0,15,0.0,0,Meta
2026-02-05,MC004,Organic Search,0,0,13,0.0,0,Google Ads
2026-02-06,MC004,Organic Search,0,0,19,0.0,0,GA4
2026-02-07,MC004,Organic Search,0,0,4,0.0,0,Meta
2026-02-08,MC004,Organic Search,0,0,6,0.0,1,Manual
2026-02-09,MC004,Organic Search,0,0,14,0.0,0,Google Ads
2026-02-10,MC004,Organic Search,0,0,14,0.0,0,GA4
2026-02-11,MC004,Organic Search,0,0,14,0.0,0,GA4
2026-02-12,MC004,Organic Search,0,0,8,0.0,0,Google Ads
2026-02-13,MC004,Organic Search,0,0,9,0.0,0,Meta
2026-02-14,MC004,Organic Search,0,0,7,0.0,0,GA4
2026-02-15,MC004,Organic Search,0,0,5,0.0,0,CRM
2026-02-16,MC004,Organic Search,0,0,12,0.0,1,Meta
2026-02-17,MC004,Organic Search,0,0,11,0.0,0,Meta
2026-02-18,MC004,Organic Search,0,0,11,0.0,0,Manual
2026-02-19,MC004,Organic Search,0,0,14,0.0,0,GA4
2026-02-20,MC004,Organic Search,0,0,13,0.0,0,GA4
2026-02-21,MC004,Organic Search,0,0,3,0.0,0,GA4
2026-02-22,MC004,Organic Search,0,0,4,0.0,0,CRM
2026-02-23,MC004,Organic Search,0,0,13,0.0,0,CRM
2026-02-24,MC004,Organic Search,0,0,14,0.0,1,Google Ads
2026-02-25,MC004,Organic Search,0,0,12,0.0,0,GA4
2026-02-26,MC004,Organic Search,0,0,13,0.0,0,GA4
2026-02-27,MC004,Organic Search,0,0,16,0.0,1,CRM
2026-02-28,MC004,Organic Search,0,0,7,0.0,0,CRM
2026-03-01,MC004,Organic Search,0,0,12,0.0,0,Meta
2026-03-02,MC004,Organic Search,0,0,13,0.0,0,GA4
2026-03-03,MC004,Organic Search,0,0,20,0.0,1,CRM
2026-03-04,MC004,Organic Search,0,0,20,0.0,1,CRM
2026-03-05,MC004,Organic Search,0,0,21,0.0,0,GA4
2026-03-06,MC004,Organic Search,0,0,21,0.0,0,GA4
2026-03-07,MC004,Organic Search,0,0,8,0.0,0,Google Ads
2026-03-08,MC004,Organic Search,0,0,4,0.0,0,CRM
2026-03-09,MC004,Organic Search,0,0,22,0.0,2,GA4
2026-03-10,MC004,Organic Search,0,0,14,0.0,1,CRM
2026-03-11,MC004,Organic Search,0,0,17,0.0,1,Manual
2026-03-12,MC004,Organic Search,0,0,15,0.0,0,GA4
2026-03-13,MC004,Organic Search,0,0,20,0.0,0,Manual
2026-03-14,MC004,Organic Search,0,0,6,0.0,0,GA4
2026-03-15,MC004,Organic Search,0,0,11,0.0,1,Meta
2026-03-16,MC004,Organic Search,0,0,20,0.0,0,CRM
2026-03-17,MC004,Organic Search,0,0,15,0.0,1,GA4
2026-03-18,MC004,Organic Search,0,0,21,0.0,1,CRM
2026-03-19,MC004,Organic Search,0,0,20,0.0,1,GA4
2026-03-20,MC004,Organic Search,0,0,12,0.0,1,GA4
2026-03-21,MC004,Organic Search,0,0,5,0.0,0,Google Ads
2026-03-22,MC004,Organic Search,0,0,14,0.0,0,Google Ads
2026-03-23,MC004,Organic Search,0,0,13,0.0,0,GA4
2026-03-24,MC004,Organic Search,0,0,19,0.0,0,CRM
2026-03-25,MC004,Organic Search,0,0,12,0.0,0,Meta
2026-03-26,MC004,Organic Search,0,0,16,0.0,1,CRM
2026-03-27,MC004,Organic Search,0,0,23,0.0,0,GA4
2026-03-28,MC004,Organic Search,0,0,7,0.0,0,Manual
2026-03-29,MC004,Organic Search,0,0,4,0.0,0,Meta
2026-03-30,MC004,Organic Search,0,0,19,0.0,0,Meta
2026-03-31,MC004,Organic Search,0,0,14,0.0,0,CRM
2026-04-01,MC004,Organic Search,0,0,19,0.0,1,Manual
2026-04-02,MC004,Organic Search,0,0,20,0.0,0,Google Ads
2026-04-03,MC004,Organic Search,0,0,20,0.0,3,CRM
2026-04-04,MC004,Organic Search,0,0,5,0.0,0,Google Ads
2026-04-05,MC004,Organic search,0,0,8,0.0,0,GA4
2026-04-06,MC004,Organic Search,0,0,22,0.0,0,GA4
2026-04-07,MC004,Organic Search,0,0,21,0.0,1,GA4
2026-04-08,MC004,Organic Search,0,0,11,0.0,0,GA4
2026-04-09,MC004,Organic Search,0,0,20,0.0,1,CRM
2026-04-10,MC004,Organic Search,0,0,23,0.0,0,CRM
2026-04-11,MC004,Organic Search,0,0,12,0.0,0,Google Ads
2026-04-12,MC004,Organic Search,0,0,4,0.0,0,Google Ads
2026-04-13,MC004,Organic Search,0,0,24,0.0,0,GA4
2026-04-14,MC004,Organic Search,0,0,29,0.0,0,GA4
2026-04-15,MC004,Organic Search,0,0,20,0.0,1,Manual
2026-04-16,MC004,Organic Search,0,0,18,0.0,2,CRM
2026-04-17,MC004,Organic search,0,0,15,0.0,1,GA4
2026-04-18,MC004,Organic Search,0,0,9,0.0,1,GA4
2026-04-19,MC004,organic,0,0,6,0.0,0,Manual
2026-04-20,MC004,Organic Search,0,0,8,0.0,0,CRM
2026-04-21,MC004,Organic Search,0,0,15,0.0,0,CRM
2026-04-22,MC004,Organic Search,0,0,17,0.0,0,CRM
2026-04-23,MC004,Organic Search,0,0,19,0.0,1,Manual
2026-04-24,MC004,Organic Search,0,0,20,0.0,0,GA4
2026-04-25,MC004,Organic Search,0,0,11,0.0,0,Google Ads
2026-04-26,MC004,Organic Search,0,0,7,0.0,0,GA4
2026-04-27,MC004,Organic Search,0,0,20,0.0,0,Manual
2026-04-28,MC004,Organic Search,0,0,18,0.0,0,GA4
2026-04-29,MC004,Organic Search,0,0,24,0.0,0,CRM
2026-04-30,MC004,Organic Search,0,0,21,0.0,0,GA4
2026-05-01,MC004,Organic Search,0,0,25,0.0,0,Manual
2026-05-02,MC004,organic,0,0,4,0.0,0,CRM
2026-05-03,MC004,Organic Search,0,0,13,0.0,0,Google Ads
2026-05-04,MC004,Organic Search,0,0,15,0.0,0,Google Ads
2026-05-05,MC004,Organic Search,0,0,18,0.0,0,GA4
2026-05-06,MC004,Organic Search,0,0,21,0.0,1,Manual
2026-05-07,MC004,Organic Search,0,0,25,0.0,1,Meta
2026-05-08,MC004,Organic Search,0,0,21,0.0,1,Google Ads
2026-05-09,MC004,Organic Search,0,0,4,0.0,0,GA4
2026-05-10,MC004,Organic Search,0,0,11,0.0,0,Google Ads
2026-05-11,MC004,Organic Search,0,0,19,0.0,0,Meta
2026-05-12,MC004,Organic Search,0,0,23,0.0,0,CRM
2026-05-13,MC004,Organic Search,0,0,23,0.0,0,CRM
2026-05-14,MC004,Organic Search,0,0,14,0.0,0,GA4
2026-05-15,MC004,Organic Search,0,0,19,0.0,1,Manual
2026-05-16,MC004,Organic Search,0,0,8,0.0,2,Google Ads
2026-05-17,MC004,Organic Search,0,0,11,0.0,0,CRM
2026-05-18,MC004,Organic Search,0,0,21,0.0,0,GA4
2026-05-19,MC004,Organic Search,0,0,21,0.0,0,Meta
2026-05-20,MC004,Organic Search,0,0,13,0.0,1,Manual
2026-05-21,MC004,Organic Search,0,0,16,0.0,0,Manual
2026-05-22,MC004,Organic Search,0,0,21,0.0,3,Google Ads
2026-05-23,MC004,Organic Search,0,0,7,0.0,0,Manual
2026-05-24,MC004,Organic Search,0,0,10,0.0,0,Meta
2026-05-25,MC004,Organic Search,0,0,20,0.0,1,CRM
2026-05-26,MC004,Organic Search,0,0,21,0.0,0,Meta
2026-05-27,MC004,Organic Search,0,0,13,0.0,0,CRM
2026-05-28,MC004,Organic Search,0,0,20,0.0,0,GA4
2026-05-29,MC004,Organic Search,0,0,18,0.0,2,CRM
2026-05-30,MC004,Organic Search,0,0,8,0.0,0,CRM
2026-05-31,MC004,Organic Search,0,0,5,0.0,0,CRM
2026-06-01,MC004,Organic search,0,0,17,0.0,0,Google Ads
2026-06-02,MC004,Organic Search,0,0,16,0.0,0,GA4
2026-06-03,MC004,Organic Search,0,0,22,0.0,1,Google Ads
2026-06-04,MC004,organic,0,0,23,0.0,1,GA4
2026-06-05,MC004,Organic Search,0,0,18,0.0,0,GA4
2026-06-06,MC004,Organic Search,0,0,9,0.0,0,Manual
2026-06-07,MC004,Organic Search,0,0,10,0.0,1,Meta
2026-06-08,MC004,Organic Search,0,0,10,0.0,0,GA4
2026-06-09,MC004,Organic Search,0,0,15,0.0,0,GA4
2026-06-10,MC004,Organic Search,0,0,20,0.0,0,Google Ads
2026-06-11,MC004,Organic Search,0,0,15,0.0,0,CRM
2026-06-12,MC004,Organic Search,0,0,17,0.0,0,Manual
2026-06-13,MC004,Organic Search,0,0,9,0.0,1,Meta
2026-06-14,MC004,Organic Search,0,0,9,0.0,1,Google Ads
2026-06-15,MC004,Organic Search,0,0,18,0.0,1,GA4
16/06/2026,MC004,Organic Search,0,0,23,0.0,2,Meta
2026-06-17,MC004,Organic Search,0,0,16,0.0,1,CRM
2026-06-18,MC004,Organic Search,0,0,19,0.0,0,Google Ads
2026-06-19,MC004,Organic Search,0,0,13,0.0,1,Manual
2026-06-20,MC004,Organic Search,0,0,10,0.0,0,GA4
2026-06-21,MC004,Organic Search,0,0,9,0.0,0,GA4
2026-06-22,MC004,Organic Search,0,0,9,0.0,1,Google Ads
2026-06-23,MC004,Organic Search,0,0,20,0.0,2,CRM
2026-06-24,MC004,Organic Search,0,0,15,0.0,0,GA4
2026-06-25,MC004,Organic Search,0,0,15,0.0,1,GA4
2026-06-26,MC004,Organic Search,0,0,19,0.0,0,Google Ads
2026-06-27,MC004,Organic Search,0,0,10,0.0,2,GA4
2026-06-28,MC004,Organic Search,0,0,7,0.0,1,CRM
2026-06-29,MC004,Organic Search,0,0,17,0.0,0,GA4
2026-06-30,MC004,Organic Search,0,0,25,0.0,0,GA4
2026-07-01,MC004,Organic Search,0,0,23,0.0,0,GA4
2026-07-02,MC004,Organic Search,0,0,20,0.0,0,Google Ads
2026-07-03,MC004,Organic Search,0,0,13,0.0,0,CRM
2026-07-04,MC004,Organic search,0,0,8,0.0,0,Google Ads
2026-07-05,MC004,Organic Search,0,0,4,0.0,0,Manual
2026-07-06,MC004,Organic Search,0,0,18,0.0,0,Google Ads
2026-07-07,MC004,Organic Search,0,0,18,0.0,0,Meta
2026-07-08,MC004,Organic Search,0,0,23,0.0,0,GA4
2026-07-09,MC004,Organic Search,0,0,16,0.0,0,Google Ads
2026-07-10,MC004,Organic Search,0,0,17,0.0,1,GA4
2026-07-11,MC004,Organic Search,0,0,7,0.0,0,CRM
2026-07-12,MC004,Organic Search,0,0,8,0.0,0,Google Ads
2026-07-13,MC004,Organic Search,0,0,13,0.0,1,GA4
2026-07-14,MC004,Organic Search,0,0,9,0.0,0,GA4
2026-07-15,MC004,Organic Search,0,0,21,0.0,0,CRM
2026-07-16,MC004,Organic Search,0,0,18,0.0,1,GA4
2026-07-17,MC004,Organic Search,0,0,16,0.0,0,Meta
2026-07-18,MC004,Organic Search,0,0,12,0.0,1,CRM
2026-07-19,MC004,Organic Search,0,0,13,0.0,1,GA4
2026-07-20,MC004,Organic Search,0,0,10,0.0,1,Meta
2026-07-21,MC004,Organic Search,0,0,21,0.0,0,GA4
2026-07-22,MC004,Organic Search,0,0,21,0.0,0,Google Ads
2026-07-23,MC004,Organic Search,0,0,21,0.0,1,GA4
2026-07-24,MC004,Organic Search,0,0,21,0.0,0,Google Ads
2026-07-25,MC004,Organic Search,0,0,8,0.0,0,Google Ads
2026-07-26,MC004,Organic Search,0,0,7,0.0,1,Google Ads
2026-07-27,MC004,Organic search,0,0,21,0.0,1,CRM
2026-07-28,MC004,Organic Search,0,0,20,0.0,0,CRM
2026-07-29,MC004,Organic Search,0,0,24,0.0,0,Google Ads
2026-07-30,MC004,Organic Search,0,0,19,0.0,0,Manual
2026-07-31,MC004,Organic Search,0,0,26,0.0,0,GA4
2026-08-01,MC004,Organic Search,0,0,9,0.0,0,GA4
2026-08-02,MC004,organic,0,0,11,0.0,0,Manual
2026-08-03,MC004,Organic Search,0,0,21,0.0,0,CRM
2026-08-04,MC004,Organic Search,0,0,18,0.0,0,GA4
2026-08-05,MC004,Organic Search,0,0,28,0.0,0,GA4
2026-08-06,MC004,Organic Search,0,0,22,0.0,2,GA4
2026-08-07,MC004,Organic Search,0,0,24,0.0,1,CRM
08-08-2026,MC004,Organic Search,0,0,9,0.0,0,CRM
2026-08-09,MC004,Organic Search,0,0,6,0.0,0,CRM
2026-08-10,MC004,Organic Search,0,0,22,0.0,1,GA4
2026-08-11,MC004,Organic Search,0,0,20,0.0,0,GA4
2026-08-12,MC004,Organic Search,0,0,21,0.0,0,GA4
2026-08-13,MC004,Organic Search,0,0,20,0.0,1,Google Ads
2026-08-14,MC004,Organic Search,0,0,15,0.0,1,Meta
2026-08-15,MC004,Organic Search,0,0,14,0.0,1,CRM
2026-08-16,MC004,Organic Search,0,0,4,0.0,0,CRM
2026-08-17,MC004,Organic Search,0,0,21,0.0,2,Google Ads
2026-08-18,MC004,Organic Search,0,0,26,0.0,0,GA4
2026-08-19,MC004,Organic Search,0,0,12,0.0,0,CRM
2026-08-20,MC004,Organic Search,0,0,15,0.0,1,Google Ads
2026-08-21,MC004,Organic Search,0,0,19,0.0,0,GA4
22/08/2026,MC004,Organic Search,0,0,8,0.0,1,GA4
2026-08-23,MC004,Organic Search,0,0,15,0.0,0,Google Ads
2026-08-24,MC004,Organic Search,0,0,21,0.0,0,Google Ads
2026-08-25,MC004,Organic Search,0,0,12,0.0,0,CRM
2026-08-26,MC004,Organic Search,0,0,15,0.0,1,GA4
2026-08-27,MC004,Organic Search,0,0,16,0.0,0,Google Ads
2026-08-28,MC004,Organic Search,0,0,20,0.0,0,Google Ads
2026-08-29,MC004,Organic Search,0,0,7,0.0,0,GA4
2026-08-30,MC004,Organic Search,0,0,1,0.0,0,Manual
2026-08-31,MC004,Organic Search,0,0,19,0.0,0,Manual
2025-02-27,MC005,organic,0,0,17,0.0,0,Meta
2025-02-28,MC005,Organic Search,0,0,17,0.0,0,Google Ads
2025-03-01,MC005,Organic search,0,0,12,0.0,0,GA4
2025-03-02,MC005,Organic Search,0,0,8,0.0,1,GA4
2025-03-03,MC005,Organic Search,0,0,17,0.0,2,Meta
2025-03-04,MC005,Organic Search,0,0,18,0.0,0,GA4
2025-03-05,MC005,Organic Search,0,0,30,0.0,0,CRM
2025-03-06,MC005,Organic Search,0,0,21,0.0,1,Google Ads
2025-03-07,MC005,Organic Search,0,0,23,0.0,0,CRM
2025-03-08,MC005,Organic Search,0,0,9,0.0,0,GA4
2025-03-09,MC005,Organic Search,0,0,4,0.0,0,Google Ads
2025-03-10,MC005,Organic Search,0,0,22,0.0,1,CRM
2025-03-11,MC005,Organic Search,0,0,18,0.0,1,Meta
2025-03-12,MC005,Organic Search,0,0,23,0.0,0,GA4
2025-03-13,MC005,Organic Search,0,0,17,0.0,0,GA4
2025-03-14,MC005,Organic Search,0,0,10,0.0,1,CRM
2025-03-15,MC005,Organic Search,0,0,9,0.0,0,GA4
2025-03-16,MC005,Organic Search,0,0,7,0.0,0,Meta
2025-03-17,MC005,Organic Search,0,0,21,0.0,0,Google Ads
2025-03-18,MC005,Organic Search,0,0,17,0.0,0,Manual
2025-03-19,MC005,Organic Search,0,0,22,0.0,1,GA4
2025-03-20,MC005,Organic Search,0,0,11,0.0,0,GA4
2025-03-21,MC005,Organic Search,0,0,21,0.0,1,GA4
2025-03-22,MC005,Organic Search,0,0,8,0.0,0,GA4
2025-03-23,MC005,Organic Search,0,0,8,0.0,0,Manual
2025-03-24,MC005,Organic Search,0,0,20,0.0,1,CRM
2025-03-25,MC005,Organic Search,0,0,19,0.0,0,Google Ads
2025-03-26,MC005,Organic search,0,0,26,0.0,1,Google Ads
03-27-2025,MC005,Organic Search,0,0,22,0.0,0,Meta
2025-03-28,MC005,Organic Search,0,0,16,0.0,1,CRM
2025-03-29,MC005,Organic Search,0,0,10,0.0,0,GA4
2025-03-30,MC005,Organic Search,0,0,8,0.0,0,Google Ads
2025-03-31,MC005,Organic Search,0,0,21,0.0,0,GA4
2025-04-01,MC005,Organic Search,0,0,13,0.0,0,Manual
2025-04-02,MC005,Organic Search,0,0,13,0.0,0,GA4
2025-04-03,MC005,Organic Search,0,0,15,0.0,0,CRM
2025-04-04,MC005,Organic Search,0,0,17,0.0,0,CRM
2025-04-05,MC005,Organic Search,0,0,11,0.0,1,Meta
2025-04-06,MC005,Organic Search,0,0,5,0.0,0,CRM
2025-04-07,MC005,Organic Search,0,0,19,0.0,0,CRM
2025-04-08,MC005,Organic Search,0,0,17,0.0,0,GA4
2025-04-09,MC005,Organic Search,0,0,12,0.0,0,GA4
2025-04-10,MC005,Organic Search,0,0,19,0.0,0,GA4
2025-04-11,MC005,Organic Search,0,0,21,0.0,0,CRM
2025-04-12,MC005,Organic Search,0,0,8,0.0,1,Google Ads
2025-04-13,MC005,Organic Search,0,0,10,0.0,0,CRM
2025-04-14,MC005,Organic Search,0,0,29,0.0,0,Google Ads
2025-04-15,MC005,Organic Search,0,0,20,0.0,0,GA4
2025-04-16,MC005,Organic Search,0,0,14,0.0,0,GA4
2025-04-17,MC005,Organic Search,0,0,19,0.0,1,CRM
2025-04-18,MC005,Organic Search,0,0,13,0.0,0,Meta
2025-04-19,MC005,Organic Search,0,0,7,0.0,0,CRM
2025-04-20,MC005,Organic Search,0,0,11,0.0,1,Manual
2025-04-21,MC005,Organic Search,0,0,20,0.0,0,Manual
2025-04-22,MC005,Organic Search,0,0,18,0.0,0,GA4
2025-04-23,MC005,Organic Search,0,0,14,0.0,3,GA4
2025-04-24,MC005,Organic Search,0,0,23,0.0,1,GA4
2025-04-25,MC005,Organic Search,0,0,20,0.0,0,Meta
2025-04-26,MC005,Organic Search,0,0,8,0.0,0,GA4
2025-04-27,MC005,organic,0,0,3,0.0,1,CRM
2025-04-28,MC005,Organic Search,0,0,19,0.0,1,GA4
2025-04-29,MC005,Organic Search,0,0,15,0.0,1,GA4
2025-04-30,MC005,Organic Search,0,0,11,0.0,0,CRM
2025-05-01,MC005,Organic Search,0,0,23,0.0,1,CRM
2025-05-02,MC005,Organic Search,0,0,17,0.0,0,Meta
2025-05-03,MC005,Organic Search,0,0,9,0.0,0,Manual
2025-05-04,MC005,Organic Search,0,0,1,0.0,0,GA4
2025-05-05,MC005,Organic Search,0,0,23,0.0,0,Google Ads
2025-05-06,MC005,Organic Search,0,0,15,0.0,0,CRM
2025-05-07,MC005,Organic Search,0,0,18,0.0,0,CRM
2025-05-08,MC005,Organic Search,0,0,18,0.0,0,Google Ads
2025-05-09,MC005,Organic Search,0,0,21,0.0,1,GA4
2025-05-10,MC005,Organic search,0,0,13,0.0,0,Google Ads
2025-05-11,MC005,Organic Search,0,0,8,0.0,0,CRM
2025-05-12,MC005,Organic Search,0,0,18,0.0,0,GA4
2025-05-13,MC005,Organic Search,0,0,11,0.0,0,Google Ads
2025-05-14,MC005,Organic Search,0,0,27,0.0,1,GA4
2025-05-15,MC005,Organic Search,0,0,17,0.0,0,Google Ads
2025-05-16,MC005,Organic Search,0,0,22,0.0,0,CRM
2025-05-17,MC005,Organic Search,0,0,6,0.0,0,CRM
2025-05-18,MC005,organic,0,0,7,0.0,0,Meta
2025-05-19,MC005,Organic Search,0,0,19,0.0,0,Meta
2025-05-20,MC005,Organic Search,0,0,16,0.0,0,CRM
2025-05-21,MC005,Organic Search,0,0,20,0.0,0,Google Ads
2025-05-22,MC005,Organic Search,0,0,20,0.0,1,GA4
2025-05-23,MC005,Organic Search,0,0,27,0.0,0,Google Ads
2025-05-24,MC005,Organic Search,0,0,6,0.0,1,GA4
2025-05-25,MC005,Organic Search,0,0,9,0.0,1,Manual
2025-05-26,MC005,Organic Search,0,0,17,0.0,1,CRM
2025-05-27,MC005,Organic Search,0,0,15,0.0,2,GA4
2025-05-28,MC005,Organic Search,0,0,18,0.0,0,CRM
2025-05-29,MC005,Organic Search,0,0,8,0.0,0,GA4
2025-05-30,MC005,Organic Search,0,0,22,0.0,1,GA4
2025-05-31,MC005,Organic Search,0,0,5,0.0,0,Meta
2025-06-01,MC005,Organic Search,0,0,9,0.0,0,Manual
2025-06-02,MC005,Organic Search,0,0,21,0.0,0,Meta
2025-06-03,MC005,Organic Search,0,0,15,0.0,0,Google Ads
2025-06-04,MC005,Organic Search,0,0,26,0.0,1,Google Ads
2025-06-05,MC005,Organic Search,0,0,13,0.0,1,Google Ads
2025-06-06,MC005,Organic Search,0,0,18,0.0,1,Google Ads
2025-06-07,MC005,Organic Search,0,0,6,0.0,1,CRM
2025-06-08,MC005,Organic Search,0,0,8,0.0,0,Manual
2025-06-09,MC005,Organic Search,0,0,17,0.0,1,GA4
2025-06-10,MC005,Organic Search,0,0,19,0.0,0,CRM
2025-06-11,MC005,Organic Search,0,0,18,0.0,0,Google Ads
2025-06-12,MC005,Organic Search,0,0,13,0.0,0,GA4
2025-06-13,MC005,Organic Search,0,0,18,0.0,0,Google Ads
2025-06-14,MC005,Organic Search,0,0,9,0.0,1,GA4
2025-06-15,MC005,Organic Search,0,0,3,0.0,0,GA4
2025-06-16,MC005,Organic Search,0,0,12,0.0,0,CRM
2025-06-17,MC005,Organic Search,0,0,13,0.0,0,Google Ads
2025-06-18,MC005,Organic Search,0,0,25,0.0,0,Meta
2025-06-19,MC005,Organic Search,0,0,19,0.0,0,Manual
2025-06-20,MC005,Organic Search,0,0,16,0.0,1,GA4
2025-06-21,MC005,Organic Search,0,0,9,0.0,0,GA4
2025-06-22,MC005,Organic Search,0,0,5,0.0,0,Google Ads
2025-06-23,MC005,Organic Search,0,0,22,0.0,0,Manual
2025-06-24,MC005,Organic Search,0,0,13,0.0,2,CRM
2025-06-25,MC005,Organic Search,0,0,11,0.0,0,Meta
26/06/2025,MC005,Organic Search,0,0,12,0.0,0,Google Ads
2025-06-27,MC005,Organic Search,0,0,20,0.0,1,CRM
2025-06-28,MC005,Organic Search,0,0,6,0.0,0,Google Ads
2025-06-29,MC005,Organic Search,0,0,11,0.0,1,GA4
2025-06-30,MC005,Organic Search,0,0,14,0.0,0,Google Ads
2025-07-01,MC005,Organic Search,0,0,11,0.0,0,Manual
2025-07-02,MC005,Organic Search,0,0,17,0.0,0,GA4
2025-07-03,MC005,Organic Search,0,0,14,0.0,0,Google Ads
2025-07-04,MC005,Organic Search,0,0,15,0.0,1,GA4
2025-07-05,MC005,Organic Search,0,0,7,0.0,1,Manual
2025-07-06,MC005,Organic Search,0,0,7,0.0,0,Google Ads
2025-07-07,MC005,Organic Search,0,0,21,0.0,0,GA4
2025-07-08,MC005,organic,0,0,14,0.0,0,CRM
2025-07-09,MC005,Organic Search,0,0,13,0.0,1,GA4
2025-07-10,MC005,Organic Search,0,0,14,0.0,0,GA4
2025-07-11,MC005,Organic Search,0,0,16,0.0,0,Google Ads
2025-07-12,MC005,Organic Search,0,0,5,0.0,0,Manual
2025-07-13,MC005,Organic Search,0,0,4,0.0,0,GA4
2025-07-14,MC005,Organic Search,0,0,17,0.0,0,CRM
2025-07-15,MC005,Organic Search,0,0,12,0.0,0,Google Ads
2025-07-16,MC005,Organic Search,0,0,12,0.0,0,Meta
2025-07-17,MC005,Organic Search,0,0,17,0.0,0,GA4
2025-07-18,MC005,Organic Search,0,0,19,0.0,0,Manual
2025-07-19,MC005,Organic Search,0,0,4,0.0,0,Google Ads
2025-07-20,MC005,Organic Search,0,0,7,0.0,1,Manual
2025-07-21,MC005,Organic Search,0,0,18,0.0,1,Google Ads
2025-07-22,MC005,Organic Search,0,0,17,0.0,2,Google Ads
2025-07-23,MC005,Organic Search,0,0,19,0.0,0,GA4
2025-07-24,MC005,Organic Search,0,0,21,0.0,0,Manual
2025-07-25,MC005,Organic Search,0,0,25,0.0,0,Manual
2025-07-26,MC005,SEO,0,0,6,0.0,0,Manual
2025-07-27,MC005,Organic Search,0,0,5,0.0,0,GA4
2025-07-28,MC005,Organic Search,0,0,28,0.0,1,Google Ads
2025-07-29,MC005,Organic Search,0,0,19,0.0,0,GA4
2025-07-30,MC005,Organic search,0,0,16,0.0,0,Meta
2025-07-31,MC005,Organic Search,0,0,11,0.0,0,GA4
2025-08-01,MC005,Organic Search,0,0,23,0.0,2,GA4
2025-08-02,MC005,Organic Search,0,0,9,0.0,0,GA4
2025-08-03,MC005,Organic Search,0,0,11,0.0,0,CRM
2025-08-04,MC005,Organic Search,0,0,19,0.0,0,Meta
2025-08-05,MC005,Organic Search,0,0,20,0.0,0,CRM
2025-08-06,MC005,Organic Search,0,0,19,0.0,0,Manual
2025-08-07,MC005,Organic Search,0,0,14,0.0,0,Manual
2025-08-08,MC005,Organic Search,0,0,20,0.0,0,Google Ads
2025-08-09,MC005,SEO,0,0,2,0.0,0,GA4
2025-08-10,MC005,Organic Search,0,0,9,0.0,0,Meta
2025-08-11,MC005,Organic Search,0,0,18,0.0,0,GA4
2025-08-12,MC005,Organic Search,0,0,18,0.0,1,GA4
2025-08-13,MC005,Organic Search,0,0,16,0.0,0,Google Ads
2025-08-14,MC005,Organic Search,0,0,23,0.0,0,Google Ads
2025-08-15,MC005,Organic Search,0,0,21,0.0,0,GA4
2025-08-16,MC005,Organic Search,0,0,11,0.0,0,Meta
2025-08-17,MC005,Organic Search,0,0,11,0.0,0,CRM
2025-08-18,MC005,Organic search,0,0,16,0.0,0,GA4
2025-08-19,MC005,Organic Search,0,0,17,0.0,0,GA4
2025-08-20,MC005,Organic Search,0,0,21,0.0,0,GA4
2025-08-21,MC005,Organic Search,0,0,18,0.0,0,Google Ads
2025-08-22,MC005,Organic Search,0,0,14,0.0,0,CRM
2025-08-23,MC005,Organic Search,0,0,3,0.0,0,GA4
2025-08-24,MC005,Organic Search,0,0,6,0.0,0,CRM
2025-08-25,MC005,Organic Search,0,0,24,0.0,1,GA4
2025-08-26,MC005,Organic Search,0,0,21,0.0,1,Google Ads
2025-08-27,MC005,Organic Search,0,0,17,0.0,1,Google Ads
2025-08-28,MC005,Organic search,0,0,18,0.0,1,GA4
2025-08-29,MC005,Organic Search,0,0,22,0.0,0,GA4
2025-08-30,MC005,Organic Search,0,0,8,0.0,0,Manual
2025-08-31,MC005,Organic Search,0,0,6,0.0,1,Manual
2025-09-01,MC005,Organic Search,0,0,12,0.0,0,GA4
2025-09-02,MC005,Organic Search,0,0,21,0.0,0,Google Ads
2025-09-03,MC005,Organic Search,0,0,17,0.0,0,Manual
2025-09-04,MC005,Organic Search,0,0,17,0.0,0,Manual
2025-09-05,MC005,Organic Search,0,0,15,0.0,0,Google Ads
2025-09-06,MC005,Organic Search,0,0,4,0.0,1,CRM
2025-09-07,MC005,Organic Search,0,0,7,0.0,0,GA4
2025-09-08,MC005,Organic Search,0,0,17,0.0,1,GA4
2025-09-09,MC005,Organic Search,0,0,24,0.0,1,GA4
2025-09-10,MC005,Organic Search,0,0,20,0.0,0,Manual
2025-09-11,MC005,Organic Search,0,0,16,0.0,0,Google Ads
2025-09-12,MC005,SEO,0,0,18,0.0,0,Google Ads
2025-09-13,MC005,Organic Search,0,0,9,0.0,0,GA4
2025-09-14,MC005,Organic Search,0,0,5,0.0,0,GA4
2025-09-15,MC005,Organic Search,0,0,16,0.0,0,Google Ads
2025-09-16,MC005,Organic Search,0,0,16,0.0,0,GA4
2025-09-17,MC005,Organic Search,0,0,18,0.0,1,Manual
2025-09-18,MC005,Organic Search,0,0,21,0.0,1,Meta
2025-09-19,MC005,Organic Search,0,0,16,0.0,0,GA4
2025-09-20,MC005,Organic Search,0,0,7,0.0,0,Google Ads
2025-09-21,MC005,Organic Search,0,0,6,0.0,0,GA4
2025-09-22,MC005,Organic Search,0,0,16,0.0,1,Google Ads
2025-09-23,MC005,Organic Search,0,0,23,0.0,1,GA4
2025-09-24,MC005,Organic Search,0,0,21,0.0,0,Google Ads
2025-09-25,MC005,SEO,0,0,14,0.0,0,GA4
2025-09-26,MC005,Organic Search,0,0,24,0.0,0,Manual
2025-09-27,MC005,Organic Search,0,0,6,0.0,1,GA4
2025-09-28,MC005,Organic Search,0,0,7,0.0,1,Google Ads
2025-09-29,MC005,Organic Search,0,0,22,0.0,0,GA4
2025-09-30,MC005,Organic Search,0,0,16,0.0,1,CRM
2025-10-01,MC005,Organic Search,0,0,28,0.0,0,CRM
2025-10-02,MC005,Organic Search,0,0,19,0.0,0,GA4
2025-10-03,MC005,Organic Search,0,0,18,0.0,0,Google Ads
2025-10-04,MC005,Organic Search,0,0,9,0.0,1,GA4
2025-10-05,MC005,Organic Search,0,0,8,0.0,1,GA4
2025-10-06,MC005,organic,0,0,22,0.0,1,CRM
2025-10-07,MC005,Organic Search,0,0,17,0.0,0,CRM
2025-10-08,MC005,Organic Search,0,0,23,0.0,0,CRM
2025-10-09,MC005,Organic Search,0,0,9,0.0,0,GA4
2025-10-10,MC005,Organic Search,0,0,17,0.0,0,GA4
2025-10-11,MC005,Organic Search,0,0,15,0.0,1,GA4
2025-10-12,MC005,Organic Search,0,0,8,0.0,1,CRM
2025-10-13,MC005,Organic Search,0,0,18,0.0,0,Meta
2025-10-14,MC005,Organic Search,0,0,26,0.0,1,Meta
2025-10-15,MC005,Organic Search,0,0,15,0.0,0,CRM
2025-10-16,MC005,Organic Search,0,0,20,0.0,0,CRM
2025-10-17,MC005,Organic Search,0,0,17,0.0,0,GA4
2025-10-18,MC005,Organic Search,0,0,8,0.0,1,Meta
2025-10-19,MC005,Organic Search,0,0,9,0.0,0,Manual
2025-10-20,MC005,Organic Search,0,0,15,0.0,0,GA4
2025-10-21,MC005,Organic Search,0,0,22,0.0,1,GA4
2025-10-22,MC005,Organic Search,0,0,25,0.0,0,GA4
2025-10-23,MC005,Organic Search,0,0,19,0.0,1,Google Ads
2025-10-24,MC005,Organic Search,0,0,25,0.0,1,CRM
2025-10-25,MC005,Organic Search,0,0,12,0.0,0,Google Ads
2025-10-26,MC005,Organic Search,0,0,8,0.0,0,Google Ads
2025-10-27,MC005,Organic Search,0,0,17,0.0,2,CRM
2025-10-28,MC005,Organic Search,0,0,25,0.0,0,GA4
2025-10-29,MC005,Organic Search,0,0,29,0.0,0,Manual
2025-10-30,MC005,Organic Search,0,0,25,0.0,0,GA4
2025-10-31,MC005,Organic Search,0,0,13,0.0,0,Manual
2025-11-01,MC005,Organic Search,0,0,8,0.0,0,Google Ads
2025-11-02,MC005,Organic Search,0,0,8,0.0,0,CRM
2025-11-03,MC005,Organic Search,0,0,15,0.0,0,Meta
2025-11-04,MC005,Organic Search,0,0,12,0.0,0,Meta
2025-11-05,MC005,Organic Search,0,0,16,0.0,0,Meta
2025-11-06,MC005,Organic Search,0,0,18,0.0,0,Google Ads
2025-11-07,MC005,Organic Search,0,0,24,0.0,1,GA4
2025-11-08,MC005,Organic Search,0,0,15,0.0,0,Google Ads
2025-11-09,MC005,Organic Search,0,0,9,0.0,2,GA4
2025-11-10,MC005,Organic Search,0,0,21,0.0,0,Manual
2025-11-11,MC005,Organic Search,0,0,24,0.0,0,Manual
2025-11-12,MC005,Organic Search,0,0,20,0.0,0,Manual
2025-11-13,MC005,Organic Search,0,0,31,0.0,0,Google Ads
2025-11-14,MC005,Organic Search,0,0,16,0.0,0,Google Ads
2025-11-15,MC005,Organic Search,0,0,7,0.0,0,GA4
2025-11-16,MC005,Organic Search,0,0,10,0.0,1,GA4
2025-11-17,MC005,Organic Search,0,0,38,0.0,0,GA4
2025-11-18,MC005,Organic Search,0,0,26,0.0,1,CRM
2025-11-19,MC005,Organic Search,0,0,24,0.0,0,CRM
2025-11-20,MC005,SEO,0,0,22,0.0,0,CRM
2025-11-21,MC005,Organic Search,0,0,21,0.0,1,Manual
2025-11-22,MC005,Organic Search,0,0,11,0.0,0,Google Ads
2025-11-23,MC005,Organic Search,0,0,8,0.0,1,Manual
2025-11-24,MC005,Organic Search,0,0,26,0.0,1,GA4
2025-11-25,MC005,Organic Search,0,0,20,0.0,0,Meta
2025-11-26,MC005,Organic Search,0,0,22,0.0,1,CRM
2025-11-27,MC005,Organic Search,0,0,26,0.0,2,Manual
2025-11-28,MC005,Organic Search,0,0,15,0.0,1,GA4
2025-11-29,MC005,Organic Search,0,0,7,0.0,0,GA4
2025-11-30,MC005,Organic Search,0,0,4,0.0,0,GA4
2025-12-01,MC005,Organic Search,0,0,25,0.0,1,CRM
2025-12-02,MC005,Organic Search,0,0,16,0.0,0,Meta
2025-12-03,MC005,Organic Search,0,0,20,0.0,0,GA4
2025-12-04,MC005,Organic Search,0,0,19,0.0,0,Meta
2025-12-05,MC005,Organic Search,0,0,22,0.0,0,Google Ads
2025-12-06,MC005,Organic Search,0,0,9,0.0,0,GA4
2025-12-07,MC005,Organic Search,0,0,10,0.0,0,GA4
2025-12-08,MC005,Organic Search,0,0,20,0.0,1,Manual
2025-12-09,MC005,Organic Search,0,0,21,0.0,0,CRM
2025-12-10,MC005,Organic Search,0,0,22,0.0,0,Meta
2025-12-11,MC005,Organic Search,0,0,20,0.0,0,GA4
2025-12-12,MC005,Organic Search,0,0,34,0.0,1,GA4
2025-12-13,MC005,Organic Search,0,0,10,0.0,1,Manual
2025-12-14,MC005,Organic Search,0,0,10,0.0,0,Google Ads
2025-12-15,MC005,Organic Search,0,0,22,0.0,1,Google Ads
2025-12-16,MC005,Organic Search,0,0,15,0.0,0,Google Ads
2025-12-17,MC005,Organic Search,0,0,21,0.0,0,Manual
2025-12-18,MC005,Organic Search,0,0,22,0.0,0,Manual
2025-12-19,MC005,Organic Search,0,0,17,0.0,0,Manual
2025-12-20,MC005,organic,0,0,7,0.0,0,GA4
2025-12-21,MC005,Organic Search,0,0,12,0.0,0,Manual
2025-12-22,MC005,Organic Search,0,0,19,0.0,0,GA4
2025-12-23,MC005,Organic Search,0,0,15,0.0,0,GA4
2025-12-24,MC005,Organic Search,0,0,21,0.0,0,GA4
2025-12-25,MC005,Organic Search,0,0,25,0.0,1,CRM
2025-12-26,MC005,Organic Search,0,0,23,0.0,0,CRM
2025-12-27,MC005,Organic Search,0,0,4,0.0,0,Manual
2025-12-28,MC005,Organic Search,0,0,5,0.0,0,CRM
2025-12-29,MC005,Organic Search,0,0,20,0.0,0,GA4
2025-12-30,MC005,Organic Search,0,0,27,0.0,0,Meta
2025-12-31,MC005,Organic Search,0,0,20,0.0,1,Google Ads
2026-01-01,MC005,Organic Search,0,0,19,0.0,0,Google Ads
2026-01-02,MC005,Organic Search,0,0,22,0.0,2,GA4
2026-01-03,MC005,Organic search,0,0,7,0.0,1,CRM
2026-01-04,MC005,Organic Search,0,0,7,0.0,0,CRM
2026-01-05,MC005,Organic Search,0,0,15,0.0,0,Meta
2026-01-06,MC005,SEO,0,0,19,0.0,0,GA4
2026-01-07,MC005,Organic Search,0,0,14,0.0,0,Meta
2026-01-08,MC005,Organic Search,0,0,15,0.0,0,GA4
2026-01-09,MC005,Organic Search,0,0,14,0.0,0,Meta
2026-01-10,MC005,Organic Search,0,0,10,0.0,1,Google Ads
2026-01-11,MC005,Organic Search,0,0,4,0.0,0,Google Ads
2026-01-12,MC005,Organic Search,0,0,22,0.0,1,Meta
2026-01-13,MC005,Organic Search,0,0,12,0.0,0,Google Ads
2026-01-14,MC005,Organic Search,0,0,12,0.0,0,CRM
2026-01-15,MC005,Organic Search,0,0,23,0.0,1,GA4
2026-01-16,MC005,Organic Search,0,0,22,0.0,0,Google Ads
2026-01-17,MC005,Organic Search,0,0,6,0.0,1,Google Ads
2026-01-18,MC005,Organic Search,0,0,19,0.0,1,GA4
2026-01-19,MC005,Organic Search,0,0,12,0.0,0,GA4
2026-01-20,MC005,Organic Search,0,0,18,0.0,1,GA4
2026-01-21,MC005,Organic Search,0,0,16,0.0,2,GA4
2026-01-22,MC005,Organic Search,0,0,23,0.0,1,CRM
2026-01-23,MC005,Organic Search,0,0,21,0.0,0,Manual
2026-01-24,MC005,Organic Search,0,0,4,0.0,0,Google Ads
2026-01-25,MC005,Organic Search,0,0,8,0.0,0,GA4
2026-01-26,MC005,Organic Search,0,0,13,0.0,0,CRM
2026-01-27,MC005,organic,0,0,14,0.0,1,Manual
2026-01-28,MC005,Organic Search,0,0,18,0.0,0,GA4
2026-01-29,MC005,Organic Search,0,0,12,0.0,0,CRM
2026-01-30,MC005,Organic search,0,0,15,0.0,0,GA4
2026-01-31,MC005,Organic Search,0,0,7,0.0,0,Meta
2026-02-01,MC005,Organic Search,0,0,3,0.0,1,Meta
2026-02-02,MC005,Organic Search,0,0,11,0.0,1,Google Ads
2026-02-03,MC005,Organic Search,0,0,15,0.0,0,Manual
2026-02-04,MC005,Organic Search,0,0,13,0.0,0,CRM
2026-02-05,MC005,Organic Search,0,0,22,0.0,0,Manual
2026-02-06,MC005,SEO,0,0,18,0.0,1,GA4
2026-02-07,MC005,Organic Search,0,0,10,0.0,1,CRM
2026-02-08,MC005,Organic Search,0,0,6,0.0,1,Google Ads
2026-02-09,MC005,Organic Search,0,0,15,0.0,1,GA4
2026-02-10,MC005,Organic Search,0,0,16,0.0,0,Manual
2026-02-11,MC005,Organic Search,0,0,11,0.0,0,CRM
2026-02-12,MC005,Organic Search,0,0,12,0.0,0,Meta
2026-02-13,MC005,Organic Search,0,0,7,0.0,0,CRM
2026-02-14,MC005,Organic Search,0,0,8,0.0,0,GA4
2026-02-15,MC005,Organic Search,0,0,5,0.0,0,Manual
2026-02-16,MC005,organic,0,0,13,0.0,0,CRM
17/02/2026,MC005,Organic Search,0,0,14,0.0,0,CRM
2026-02-18,MC005,Organic Search,0,0,13,0.0,0,GA4
2026-02-19,MC005,Organic Search,0,0,14,0.0,0,GA4
2026-02-20,MC005,Organic Search,0,0,11,0.0,0,Meta
2026-02-21,MC005,Organic Search,0,0,2,0.0,0,Google Ads
2026-02-22,MC005,Organic Search,0,0,6,0.0,0,CRM
2026-02-23,MC005,Organic Search,0,0,12,0.0,0,CRM
2026-02-24,MC005,Organic Search,0,0,6,0.0,0,CRM
2026-02-25,MC005,Organic Search,0,0,8,0.0,0,CRM
2026-02-26,MC005,Organic Search,0,0,9,0.0,0,GA4
2026-02-27,MC005,Organic Search,0,0,11,0.0,0,Meta
2026-02-28,MC005,Organic Search,0,0,2,0.0,0,Meta
2026-03-01,MC005,Organic Search,0,0,16,0.0,1,GA4
2026-03-02,MC005,Organic Search,0,0,24,0.0,0,Google Ads
2026-03-03,MC005,Organic Search,0,0,17,0.0,1,GA4
2026-03-04,MC005,Organic Search,0,0,25,0.0,1,CRM
2025-01-24,MC006,Organic Search,0,0,18,0.0,0,Meta
2025-01-25,MC006,Organic Search,0,0,10,0.0,0,GA4
2025-01-26,MC006,Organic Search,0,0,12,0.0,0,Google Ads
2025-01-27,MC006,Organic Search,0,0,11,0.0,0,Google Ads
2025-01-28,MC006,organic,0,0,24,0.0,0,GA4
2025-01-29,MC006,Organic Search,0,0,18,0.0,0,Manual
2025-01-30,MC006,Organic Search,0,0,10,0.0,0,CRM
2025-01-31,MC006,Organic Search,0,0,13,0.0,0,Meta
2025-02-01,MC006,Organic Search,0,0,7,0.0,0,Google Ads
2025-02-02,MC006,Organic Search,0,0,4,0.0,0,GA4
2025-02-03,MC006,Organic Search,0,0,16,0.0,0,GA4
2025-02-04,MC006,Organic Search,0,0,19,0.0,0,GA4
2025-02-05,MC006,Organic Search,0,0,16,0.0,0,CRM
2025-02-06,MC006,Organic Search,0,0,17,0.0,0,Google Ads
2025-02-07,MC006,Organic Search,0,0,19,0.0,0,Meta
2025-02-08,MC006,Organic Search,0,0,6,0.0,0,GA4
2025-02-09,MC006,Organic Search,0,0,6,0.0,1,CRM
2025-02-10,MC006,Organic Search,0,0,10,0.0,0,GA4
2025-02-11,MC006,Organic Search,0,0,16,0.0,0,Google Ads
2025-02-12,MC006,Organic Search,0,0,15,0.0,0,Meta
2025-02-13,MC006,Organic Search,0,0,13,0.0,0,GA4
2025-02-14,MC006,Organic Search,0,0,9,0.0,0,GA4
2025-02-15,MC006,Organic Search,0,0,5,0.0,0,CRM
2025-02-16,MC006,Organic Search,0,0,4,0.0,1,Manual
2025-02-17,MC006,Organic Search,0,0,5,0.0,0,CRM
2025-02-18,MC006,Organic Search,0,0,7,0.0,0,GA4
2025-02-19,MC006,Organic Search,0,0,15,0.0,0,CRM
2025-02-20,MC006,Organic Search,0,0,6,0.0,0,Manual
2025-02-21,MC006,Organic Search,0,0,16,0.0,1,Google Ads
2025-02-22,MC006,Organic Search,0,0,6,0.0,0,Meta
2025-02-23,MC006,Organic Search,0,0,9,0.0,0,GA4
2025-02-24,MC006,Organic Search,0,0,12,0.0,1,Manual
2025-02-25,MC006,Organic Search,0,0,13,0.0,0,Meta
2025-02-26,MC006,Organic Search,0,0,11,0.0,0,GA4
2025-02-27,MC006,Organic Search,0,0,8,0.0,0,Meta
2025-02-28,MC006,Organic Search,0,0,18,0.0,0,Manual
2025-03-01,MC006,Organic Search,0,0,11,0.0,1,GA4
2025-03-02,MC006,Organic Search,0,0,6,0.0,0,GA4
2025-03-03,MC006,Organic Search,0,0,15,0.0,1,Manual
2025-03-04,MC006,SEO,0,0,18,0.0,0,GA4
2025-03-05,MC006,Organic Search,0,0,18,0.0,0,GA4
2025-03-06,MC006,Organic Search,0,0,16,0.0,0,CRM
2025-03-07,MC006,Organic Search,0,0,15,0.0,0,GA4
2025-03-08,MC006,Organic Search,0,0,6,0.0,0,Manual
2025-03-09,MC006,Organic Search,0,0,4,0.0,1,GA4
2025-03-10,MC006,Organic Search,0,0,16,0.0,1,Meta
2025-03-11,MC006,Organic Search,0,0,23,0.0,0,CRM
2025-03-12,MC006,Organic Search,0,0,22,0.0,1,CRM
2025-03-13,MC006,Organic Search,0,0,12,0.0,0,Manual
2025-03-14,MC006,Organic Search,0,0,17,0.0,1,Google Ads
2025-03-15,MC006,Organic Search,0,0,8,0.0,0,Google Ads
2025-03-16,MC006,Organic Search,0,0,7,0.0,0,Google Ads
2025-03-17,MC006,Organic search,0,0,18,0.0,0,GA4
2025-03-18,MC006,Organic Search,0,0,15,0.0,0,Manual
2025-03-19,MC006,Organic Search,0,0,16,0.0,0,Google Ads
2025-03-20,MC006,Organic Search,0,0,19,0.0,0,Google Ads
2025-03-21,MC006,Organic Search,0,0,15,0.0,2,Google Ads
2025-03-22,MC006,Organic Search,0,0,8,0.0,0,CRM
2025-03-23,MC006,Organic Search,0,0,7,0.0,0,CRM
2025-03-24,MC006,Organic Search,0,0,17,0.0,0,Meta
2025-03-25,MC006,Organic Search,0,0,14,0.0,1,GA4
2025-03-26,MC006,Organic Search,0,0,12,0.0,1,GA4
2025-03-27,MC006,SEO,0,0,11,0.0,0,Meta
2025-03-28,MC006,Organic Search,0,0,20,0.0,0,CRM
2025-03-29,MC006,Organic Search,0,0,5,0.0,0,Google Ads
2025-03-30,MC006,Organic Search,0,0,11,0.0,0,Google Ads
2025-03-31,MC006,Organic Search,0,0,20,0.0,0,GA4
2025-04-01,MC006,Organic Search,0,0,21,0.0,0,CRM
2025-04-02,MC006,Organic Search,0,0,22,0.0,0,Meta
2025-04-03,MC006,Organic Search,0,0,25,0.0,0,CRM
2025-04-04,MC006,Organic Search,0,0,16,0.0,0,Manual
2025-04-05,MC006,Organic Search,0,0,8,0.0,1,Google Ads
2025-04-06,MC006,Organic Search,0,0,8,0.0,0,Manual
2025-04-07,MC006,Organic Search,0,0,16,0.0,1,Google Ads
2025-04-08,MC006,organic,0,0,19,0.0,1,CRM
2025-04-09,MC006,Organic Search,0,0,11,0.0,0,CRM
2025-04-10,MC006,Organic Search,0,0,12,0.0,0,Manual
2025-04-11,MC006,Organic Search,0,0,15,0.0,0,GA4
2025-04-12,MC006,Organic Search,0,0,15,0.0,0,GA4
2025-04-13,MC006,Organic Search,0,0,6,0.0,1,GA4
2025-04-14,MC006,Organic Search,0,0,17,0.0,0,Meta
2025-04-15,MC006,Organic Search,0,0,20,0.0,1,GA4
2025-04-16,MC006,Organic Search,0,0,23,0.0,0,Manual
2025-04-17,MC006,Organic Search,0,0,15,0.0,1,Google Ads
2025-04-18,MC006,Organic Search,0,0,18,0.0,0,GA4
2025-04-19,MC006,Organic Search,0,0,10,0.0,0,GA4
2025-04-20,MC006,Organic Search,0,0,7,0.0,0,Manual
2025-04-21,MC006,Organic Search,0,0,15,0.0,0,Google Ads
2025-04-22,MC006,Organic Search,0,0,20,0.0,0,Manual
2025-04-23,MC006,Organic Search,0,0,19,0.0,0,CRM
2025-04-24,MC006,Organic Search,0,0,13,0.0,0,Google Ads
2025-04-25,MC006,Organic Search,0,0,17,0.0,1,GA4
2025-04-26,MC006,organic,0,0,9,0.0,0,GA4
2025-04-27,MC006,Organic search,0,0,5,0.0,0,Google Ads
2025-04-28,MC006,Organic Search,0,0,16,0.0,1,Google Ads
2025-04-29,MC006,Organic Search,0,0,15,0.0,0,Manual
2025-04-30,MC006,Organic Search,0,0,8,0.0,0,Manual
2025-05-01,MC006,Organic Search,0,0,17,0.0,0,GA4
2025-05-02,MC006,Organic Search,0,0,27,0.0,0,GA4
2025-05-03,MC006,Organic Search,0,0,5,0.0,0,GA4
2025-05-04,MC006,Organic Search,0,0,4,0.0,0,Meta
2025-05-05,MC006,Organic Search,0,0,15,0.0,0,Manual
2025-05-06,MC006,Organic Search,0,0,21,0.0,0,Meta
2025-05-07,MC006,Organic Search,0,0,18,0.0,0,Manual
2025-05-08,MC006,Organic Search,0,0,25,0.0,1,Google Ads
2025-05-09,MC006,SEO,0,0,16,0.0,0,GA4
2025-05-10,MC006,Organic Search,0,0,8,0.0,1,CRM
2025-05-11,MC006,Organic Search,0,0,5,0.0,1,Manual
2025-05-12,MC006,Organic Search,0,0,16,0.0,1,CRM
2025-05-13,MC006,Organic Search,0,0,14,0.0,0,GA4
2025-05-14,MC006,Organic Search,0,0,21,0.0,1,Manual
2025-05-15,MC006,Organic Search,0,0,22,0.0,0,GA4
2025-05-16,MC006,Organic Search,0,0,21,0.0,0,CRM
2025-05-17,MC006,Organic Search,0,0,4,0.0,0,GA4
2025-05-18,MC006,Organic Search,0,0,6,0.0,0,GA4
2025-05-19,MC006,Organic Search,0,0,13,0.0,0,Google Ads
2025-05-20,MC006,organic,0,0,16,0.0,1,Meta
2025-05-21,MC006,Organic Search,0,0,22,0.0,0,Meta
2025-05-22,MC006,Organic Search,0,0,11,0.0,0,CRM
2025-05-23,MC006,Organic Search,0,0,19,0.0,0,GA4
2025-05-24,MC006,Organic Search,0,0,8,0.0,0,Google Ads
2025-05-25,MC006,Organic Search,0,0,5,0.0,0,GA4
2025-05-26,MC006,Organic Search,0,0,19,0.0,0,GA4
2025-05-27,MC006,Organic Search,0,0,12,0.0,0,Meta
2025-05-28,MC006,Organic Search,0,0,14,0.0,0,Manual
2025-05-29,MC006,Organic Search,0,0,22,0.0,0,GA4
2025-05-30,MC006,Organic Search,0,0,12,0.0,0,Manual
2025-05-31,MC006,Organic Search,0,0,7,0.0,0,GA4
2025-06-01,MC006,Organic Search,0,0,8,0.0,1,CRM
2025-06-02,MC006,Organic search,0,0,20,0.0,0,Google Ads
2025-06-03,MC006,Organic Search,0,0,20,0.0,1,Manual
2025-06-04,MC006,Organic Search,0,0,15,0.0,0,Google Ads
2025-06-05,MC006,Organic Search,0,0,19,0.0,0,Google Ads
2025-06-06,MC006,Organic Search,0,0,10,0.0,0,GA4
2025-06-07,MC006,Organic Search,0,0,11,0.0,1,Google Ads
2025-06-08,MC006,organic,0,0,5,0.0,0,Google Ads
2025-06-09,MC006,Organic Search,0,0,15,0.0,0,Manual
2025-06-10,MC006,Organic Search,0,0,18,0.0,0,CRM
2025-06-11,MC006,Organic Search,0,0,17,0.0,0,GA4
2025-06-12,MC006,organic,0,0,8,0.0,0,CRM
2025-06-13,MC006,Organic Search,0,0,15,0.0,0,CRM
2025-06-14,MC006,Organic Search,0,0,3,0.0,0,Meta
2025-06-15,MC006,Organic Search,0,0,9,0.0,0,Google Ads
2025-06-16,MC006,Organic Search,0,0,9,0.0,0,Manual
2025-06-17,MC006,Organic Search,0,0,19,0.0,0,CRM
2025-06-18,MC006,Organic Search,0,0,21,0.0,0,Manual
2025-06-19,MC006,Organic Search,0,0,16,0.0,1,Manual
2025-06-20,MC006,Organic Search,0,0,15,0.0,0,GA4
2025-06-21,MC006,Organic Search,0,0,6,0.0,1,GA4
2025-06-22,MC006,Organic Search,0,0,7,0.0,1,GA4
2025-06-23,MC006,Organic Search,0,0,15,0.0,0,Meta
2025-06-24,MC006,Organic Search,0,0,20,0.0,0,Google Ads
2025-06-25,MC006,Organic Search,0,0,19,0.0,0,GA4
2025-06-26,MC006,Organic Search,0,0,17,0.0,1,Google Ads
2025-06-27,MC006,Organic Search,0,0,20,0.0,0,CRM
2025-06-28,MC006,Organic Search,0,0,11,0.0,0,Manual
2025-06-29,MC006,Organic Search,0,0,15,0.0,0,Manual
2025-06-30,MC006,Organic Search,0,0,17,0.0,0,GA4
2025-07-01,MC006,Organic Search,0,0,15,0.0,0,Google Ads
2025-07-02,MC006,Organic Search,0,0,16,0.0,0,GA4
2025-07-03,MC006,Organic Search,0,0,9,0.0,0,CRM
2025-07-04,MC006,Organic Search,0,0,22,0.0,0,Meta
2025-07-05,MC006,Organic Search,0,0,7,0.0,0,GA4
2025-07-06,MC006,Organic Search,0,0,9,0.0,0,GA4
2025-07-07,MC006,Organic Search,0,0,18,0.0,0,GA4
2025-07-08,MC006,Organic Search,0,0,16,0.0,1,CRM
2025-07-09,MC006,Organic Search,0,0,21,0.0,0,Manual
2025-07-10,MC006,Organic Search,0,0,20,0.0,2,Meta
2025-07-11,MC006,Organic Search,0,0,22,0.0,0,GA4
2025-07-12,MC006,Organic Search,0,0,7,0.0,0,GA4
2025-07-13,MC006,Organic Search,0,0,10,0.0,0,GA4
2025-07-14,MC006,Organic search,0,0,19,0.0,0,GA4
2025-07-15,MC006,Organic Search,0,0,19,0.0,0,Manual
2025-07-16,MC006,Organic Search,0,0,12,0.0,1,Manual
2025-07-17,MC006,Organic Search,0,0,15,0.0,1,Manual
2025-07-18,MC006,Organic Search,0,0,22,0.0,0,GA4
2025-07-19,MC006,Organic Search,0,0,5,0.0,0,GA4
2025-07-20,MC006,SEO,0,0,8,0.0,0,CRM
2025-07-21,MC006,Organic Search,0,0,13,0.0,0,CRM
2025-07-22,MC006,Organic Search,0,0,16,0.0,0,Google Ads
2025-07-23,MC006,Organic Search,0,0,16,0.0,0,Google Ads
2025-07-24,MC006,Organic Search,0,0,20,0.0,0,CRM
2025-07-25,MC006,Organic Search,0,0,25,0.0,0,GA4
2025-07-26,MC006,Organic Search,0,0,9,0.0,1,GA4
2025-07-27,MC006,Organic Search,0,0,10,0.0,0,GA4
2025-07-28,MC006,Organic Search,0,0,14,0.0,0,CRM
2025-07-29,MC006,Organic Search,0,0,16,0.0,1,Manual
2025-07-30,MC006,Organic Search,0,0,19,0.0,0,CRM
2025-07-31,MC006,Organic Search,0,0,19,0.0,0,Meta
2025-08-01,MC006,Organic Search,0,0,17,0.0,0,GA4
2025-08-02,MC006,Organic Search,0,0,9,0.0,0,GA4
2025-08-03,MC006,Organic Search,0,0,8,0.0,0,CRM
2025-08-04,MC006,Organic Search,0,0,15,0.0,0,CRM
2025-08-05,MC006,Organic Search,0,0,13,0.0,1,Manual
2025-08-06,MC006,Organic Search,0,0,20,0.0,1,GA4
2025-08-07,MC006,Organic Search,0,0,18,0.0,0,Manual
2025-08-08,MC006,Organic Search,0,0,26,0.0,0,CRM
2025-08-09,MC006,Organic Search,0,0,4,0.0,0,CRM
2025-08-10,MC006,Organic Search,0,0,11,0.0,0,Google Ads
2025-08-11,MC006,Organic Search,0,0,20,0.0,1,Google Ads
2025-08-12,MC006,Organic Search,0,0,14,0.0,1,GA4
2025-08-13,MC006,Organic Search,0,0,23,0.0,0,Meta
2025-08-14,MC006,Organic Search,0,0,17,0.0,0,Meta
2025-08-15,MC006,Organic Search,0,0,15,0.0,1,CRM
2025-08-16,MC006,Organic Search,0,0,9,0.0,1,CRM
2025-08-17,MC006,Organic Search,0,0,5,0.0,0,CRM
2025-08-18,MC006,Organic Search,0,0,17,0.0,2,GA4
2025-08-19,MC006,Organic Search,0,0,15,0.0,1,Manual
2025-08-20,MC006,Organic Search,0,0,16,0.0,0,CRM
2025-08-21,MC006,Organic Search,0,0,28,0.0,0,Google Ads
2025-08-22,MC006,SEO,0,0,26,0.0,1,Google Ads
2025-08-23,MC006,Organic Search,0,0,14,0.0,0,Meta
2025-08-24,MC006,Organic Search,0,0,12,0.0,0,Google Ads
2025-08-25,MC006,Organic Search,0,0,18,0.0,1,GA4
2025-08-26,MC006,Organic Search,0,0,15,0.0,1,CRM
2025-08-27,MC006,Organic Search,0,0,17,0.0,0,GA4
2025-08-28,MC006,Organic Search,0,0,23,0.0,0,Manual
2025-08-29,MC006,Organic Search,0,0,16,0.0,0,Meta
2025-08-30,MC006,Organic Search,0,0,7,0.0,0,Google Ads
2025-08-31,MC006,Organic Search,0,0,6,0.0,0,CRM
2025-09-01,MC006,Organic Search,0,0,14,0.0,1,Manual
2025-09-02,MC006,Organic search,0,0,15,0.0,0,GA4
2025-09-03,MC006,Organic Search,0,0,11,0.0,0,Meta
2025-09-04,MC006,Organic Search,0,0,19,0.0,0,Google Ads
2025-09-05,MC006,Organic Search,0,0,20,0.0,0,Manual
2025-09-06,MC006,Organic Search,0,0,7,0.0,1,GA4
2025-09-07,MC006,Organic Search,0,0,7,0.0,1,Meta
2025-09-08,MC006,Organic Search,0,0,16,0.0,0,GA4
2025-09-09,MC006,Organic Search,0,0,12,0.0,0,GA4
2025-09-10,MC006,Organic Search,0,0,16,0.0,1,Manual
2025-09-11,MC006,organic,0,0,20,0.0,0,GA4
2025-09-12,MC006,Organic Search,0,0,21,0.0,0,Google Ads
2025-09-13,MC006,Organic Search,0,0,6,0.0,1,Manual
2025-09-14,MC006,Organic Search,0,0,3,0.0,0,Google Ads
2025-09-15,MC006,Organic Search,0,0,14,0.0,0,GA4
2025-09-16,MC006,Organic Search,0,0,21,0.0,1,CRM
2025-09-17,MC006,Organic search,0,0,13,0.0,0,Google Ads
2025-09-18,MC006,Organic Search,0,0,16,0.0,0,GA4
2025-09-19,MC006,Organic Search,0,0,16,0.0,1,CRM
2025-09-20,MC006,Organic Search,0,0,8,0.0,0,Manual
2025-09-21,MC006,Organic Search,0,0,10,0.0,1,GA4
2025-09-22,MC006,Organic Search,0,0,18,0.0,0,CRM
2025-09-23,MC006,Organic Search,0,0,20,0.0,0,Manual
2025-09-24,MC006,Organic Search,0,0,17,0.0,1,CRM
2025-09-25,MC006,Organic Search,0,0,18,0.0,0,Meta
2025-09-26,MC006,Organic Search,0,0,23,0.0,0,GA4
2025-09-27,MC006,Organic Search,0,0,3,0.0,0,CRM
2025-09-28,MC006,Organic Search,0,0,6,0.0,0,Google Ads
2025-09-29,MC006,SEO,0,0,22,0.0,0,Google Ads
2025-09-30,MC006,Organic Search,0,0,16,0.0,1,Google Ads
2025-10-01,MC006,Organic Search,0,0,21,0.0,1,CRM
2025-10-02,MC006,Organic Search,0,0,24,0.0,0,Google Ads
2025-10-03,MC006,Organic Search,0,0,26,0.0,1,CRM
2025-10-04,MC006,Organic Search,0,0,9,0.0,0,Meta
2025-10-05,MC006,Organic Search,0,0,7,0.0,0,Google Ads
2025-10-06,MC006,Organic Search,0,0,32,0.0,0,Google Ads
2025-10-07,MC006,Organic Search,0,0,17,0.0,1,GA4
2025-10-08,MC006,Organic search,0,0,18,0.0,0,CRM
2025-10-09,MC006,Organic Search,0,0,18,0.0,0,GA4
2025-10-10,MC006,Organic Search,0,0,20,0.0,0,GA4
2025-10-11,MC006,Organic Search,0,0,10,0.0,0,GA4
2025-10-12,MC006,Organic Search,0,0,7,0.0,1,GA4
2025-10-13,MC006,organic,0,0,24,0.0,2,GA4
2025-10-14,MC006,Organic Search,0,0,16,0.0,0,GA4
2025-10-15,MC006,Organic Search,0,0,24,0.0,1,Meta
2025-10-16,MC006,Organic Search,0,0,18,0.0,0,CRM
2025-10-17,MC006,Organic Search,0,0,22,0.0,0,GA4
2025-10-18,MC006,Organic Search,0,0,9,0.0,0,Meta
2025-10-19,MC006,Organic Search,0,0,13,0.0,0,CRM
2025-10-20,MC006,Organic search,0,0,25,0.0,0,GA4
2025-10-21,MC006,Organic Search,0,0,19,0.0,2,CRM
2025-10-22,MC006,Organic Search,0,0,14,0.0,1,GA4
2025-10-23,MC006,Organic Search,0,0,23,0.0,0,CRM
2025-10-24,MC006,Organic Search,0,0,19,0.0,0,Google Ads
2025-10-25,MC006,Organic Search,0,0,13,0.0,0,GA4
2025-10-26,MC006,Organic Search,0,0,6,0.0,1,GA4
2025-10-27,MC006,Organic Search,0,0,20,0.0,0,Meta
2025-10-28,MC006,SEO,0,0,20,0.0,0,Meta
2025-10-29,MC006,Organic Search,0,0,23,0.0,0,GA4
2025-10-30,MC006,Organic Search,0,0,32,0.0,0,Meta
2025-10-31,MC006,Organic Search,0,0,23,0.0,1,CRM
2025-11-01,MC006,Organic Search,0,0,7,0.0,0,CRM
2025-11-02,MC006,Organic Search,0,0,12,0.0,0,Meta
2025-11-03,MC006,organic,0,0,17,0.0,1,Google Ads
2025-11-04,MC006,Organic Search,0,0,22,0.0,0,Manual
2025-11-05,MC006,Organic Search,0,0,32,0.0,1,GA4
2025-11-06,MC006,Organic Search,0,0,17,0.0,0,Meta
2025-11-07,MC006,Organic Search,0,0,23,0.0,0,GA4
2025-11-08,MC006,Organic Search,0,0,13,0.0,0,Meta
2025-11-09,MC006,Organic Search,0,0,12,0.0,1,GA4
2025-11-10,MC006,Organic Search,0,0,16,0.0,0,Manual
2025-11-11,MC006,Organic Search,0,0,21,0.0,0,CRM
2025-11-12,MC006,Organic Search,0,0,27,0.0,1,Meta
2025-11-13,MC006,Organic Search,0,0,27,0.0,0,GA4
2025-11-14,MC006,Organic Search,0,0,26,0.0,0,GA4
2025-11-15,MC006,Organic Search,0,0,9,0.0,0,Google Ads
2025-11-16,MC006,Organic Search,0,0,9,0.0,0,Google Ads
2025-11-17,MC006,Organic Search,0,0,31,0.0,0,CRM
2025-11-18,MC006,Organic Search,0,0,21,0.0,0,GA4
2025-11-19,MC006,Organic Search,0,0,27,0.0,0,GA4
2025-11-20,MC006,Organic Search,0,0,26,0.0,0,CRM
2025-11-21,MC006,Organic Search,0,0,23,0.0,0,Google Ads
2025-11-22,MC006,Organic Search,0,0,9,0.0,1,Meta
2025-11-23,MC006,Organic Search,0,0,4,0.0,0,Google Ads
2025-11-24,MC006,Organic Search,0,0,22,0.0,0,Meta
2025-11-25,MC006,Organic Search,0,0,24,0.0,1,Manual
2025-11-26,MC006,SEO,0,0,20,0.0,0,GA4
2025-11-27,MC006,Organic Search,0,0,21,0.0,0,Manual
2025-11-28,MC006,Organic Search,0,0,24,0.0,0,GA4
2025-11-29,MC006,Organic Search,0,0,12,0.0,0,Google Ads
2025-11-30,MC006,Organic Search,0,0,8,0.0,0,CRM
2025-12-01,MC006,Organic Search,0,0,25,0.0,1,Manual
2025-12-02,MC006,Organic Search,0,0,20,0.0,1,Meta
2025-12-03,MC006,Organic Search,0,0,19,0.0,1,GA4
2025-12-04,MC006,Organic Search,0,0,26,0.0,1,Google Ads
2025-12-05,MC006,organic,0,0,25,0.0,0,Meta
2025-12-06,MC006,Organic Search,0,0,12,0.0,0,CRM
2025-12-07,MC006,Organic Search,0,0,11,0.0,0,CRM
2025-12-08,MC006,Organic Search,0,0,35,0.0,0,Meta
2025-12-09,MC006,Organic Search,0,0,27,0.0,1,Google Ads
2025-12-10,MC006,SEO,0,0,25,0.0,1,GA4
2025-12-11,MC006,Organic Search,0,0,26,0.0,1,Google Ads
2025-12-12,MC006,Organic Search,0,0,21,0.0,1,CRM
2025-12-13,MC006,Organic Search,0,0,5,0.0,0,Meta
2025-12-14,MC006,Organic Search,0,0,10,0.0,0,GA4
2025-12-15,MC006,Organic Search,0,0,18,0.0,0,Google Ads
2025-12-16,MC006,Organic Search,0,0,21,0.0,1,GA4
2025-12-17,MC006,Organic Search,0,0,25,0.0,0,Manual
2025-12-18,MC006,Organic Search,0,0,30,0.0,0,Google Ads
2025-12-19,MC006,Organic Search,0,0,20,0.0,0,Google Ads
2025-12-20,MC006,Organic Search,0,0,16,0.0,0,Meta
2025-12-21,MC006,Organic Search,0,0,11,0.0,0,CRM
2025-12-22,MC006,Organic Search,0,0,25,0.0,0,GA4
2025-12-23,MC006,SEO,0,0,17,0.0,1,Manual
2025-12-24,MC006,Organic Search,0,0,21,0.0,1,GA4
2025-12-25,MC006,Organic Search,0,0,15,0.0,1,GA4
2025-12-26,MC006,organic,0,0,17,0.0,0,Meta
2025-12-27,MC006,Organic Search,0,0,16,0.0,0,Meta
2025-12-28,MC006,organic,0,0,9,0.0,1,CRM
2025-12-29,MC006,Organic Search,0,0,19,0.0,0,GA4
2025-12-30,MC006,Organic search,0,0,29,0.0,1,CRM
2025-12-31,MC006,Organic Search,0,0,15,0.0,0,GA4
2026-01-01,MC006,SEO,0,0,22,0.0,0,Manual
2026-01-02,MC006,Organic Search,0,0,19,0.0,0,CRM
2026-01-03,MC006,Organic Search,0,0,9,0.0,0,GA4
2026-01-04,MC006,Organic Search,0,0,9,0.0,1,Google Ads
2026-01-05,MC006,Organic Search,0,0,15,0.0,0,GA4
2026-01-06,MC006,Organic Search,0,0,15,0.0,0,CRM
2026-01-07,MC006,Organic Search,0,0,20,0.0,1,CRM
2026-01-08,MC006,Organic Search,0,0,19,0.0,0,CRM
2026-01-09,MC006,Organic Search,0,0,20,0.0,1,GA4
2026-01-10,MC006,organic,0,0,5,0.0,1,CRM
2026-01-11,MC006,Organic Search,0,0,13,0.0,0,GA4
2026-01-12,MC006,Organic Search,0,0,18,0.0,1,CRM
2026-01-13,MC006,Organic Search,0,0,13,0.0,0,CRM
2026-01-14,MC006,Organic Search,0,0,13,0.0,1,CRM
2026-01-15,MC006,Organic Search,0,0,16,0.0,1,GA4
2026-01-16,MC006,Organic Search,0,0,24,0.0,0,CRM
2026-01-17,MC006,Organic Search,0,0,5,0.0,0,Google Ads
2026-01-18,MC006,Organic Search,0,0,9,0.0,0,Google Ads
2026-01-19,MC006,Organic Search,0,0,24,0.0,0,Manual
2026-01-20,MC006,Organic Search,0,0,15,0.0,0,CRM
2026-01-21,MC006,Organic Search,0,0,22,0.0,0,Google Ads
2026-01-22,MC006,Organic Search,0,0,21,0.0,0,Google Ads
2026-01-23,MC006,Organic Search,0,0,6,0.0,1,CRM
2026-01-24,MC006,Organic Search,0,0,10,0.0,0,GA4
2026-01-25,MC006,SEO,0,0,12,0.0,0,GA4
2026-01-26,MC006,Organic Search,0,0,25,0.0,1,Meta
2026-01-27,MC006,Organic Search,0,0,19,0.0,0,CRM
2026-01-28,MC006,Organic Search,0,0,15,0.0,1,GA4
2026-01-29,MC006,Organic Search,0,0,22,0.0,0,CRM
2026-01-30,MC006,Organic Search,0,0,16,0.0,0,Manual
2026-01-31,MC006,Organic Search,0,0,9,0.0,0,Manual
2026-02-01,MC006,Organic Search,0,0,4,0.0,0,Meta
2026-02-02,MC006,Organic Search,0,0,11,0.0,0,CRM
2026-02-03,MC006,Organic Search,0,0,10,0.0,0,GA4
2026-02-04,MC006,Organic Search,0,0,18,0.0,0,GA4
2026-02-05,MC006,Organic Search,0,0,24,0.0,0,Google Ads
2026-02-06,MC006,Organic Search,0,0,5,0.0,0,Manual
2026-02-07,MC006,Organic Search,0,0,2,0.0,0,GA4
2026-02-08,MC006,Organic search,0,0,4,0.0,1,Manual
2026-02-09,MC006,Organic Search,0,0,23,0.0,0,CRM
2026-02-10,MC006,SEO,0,0,13,0.0,0,GA4
2026-02-11,MC006,organic,0,0,14,0.0,0,CRM
2026-02-12,MC006,Organic Search,0,0,10,0.0,0,Manual
2026-02-13,MC006,Organic Search,0,0,11,0.0,2,Meta
2026-02-14,MC006,Organic Search,0,0,4,0.0,0,GA4
2026-02-15,MC006,Organic Search,0,0,5,0.0,0,Manual
2026-02-16,MC006,Organic Search,0,0,13,0.0,0,Manual
2026-02-17,MC006,Organic Search,0,0,16,0.0,0,GA4
2026-02-18,MC006,Organic Search,0,0,13,0.0,0,Meta
2026-02-19,MC006,Organic Search,0,0,14,0.0,0,CRM
2026-02-20,MC006,Organic Search,0,0,13,0.0,0,Meta
2026-02-21,MC006,Organic Search,0,0,5,0.0,0,Google Ads
2026-02-22,MC006,Organic Search,0,0,4,0.0,0,Manual
2026-02-23,MC006,Organic Search,0,0,12,0.0,0,Google Ads
2026-02-24,MC006,Organic Search,0,0,18,0.0,0,Manual
2026-02-25,MC006,Organic Search,0,0,14,0.0,0,Manual
2026-02-26,MC006,Organic Search,0,0,11,0.0,1,Meta
2026-02-27,MC006,Organic Search,0,0,16,0.0,0,GA4
2026-02-28,MC006,Organic Search,0,0,5,0.0,0,CRM
2026-03-01,MC006,organic,0,0,8,0.0,1,GA4
2026-03-02,MC006,Organic Search,0,0,22,0.0,0,CRM
2026-03-03,MC006,Organic Search,0,0,17,0.0,0,Google Ads
2026-03-04,MC006,Organic Search,0,0,9,0.0,0,GA4
2026-03-05,MC006,Organic Search,0,0,14,0.0,1,GA4
2026-03-06,MC006,Organic Search,0,0,19,0.0,1,GA4
2026-03-07,MC006,Organic Search,0,0,6,0.0,0,GA4
2026-03-08,MC006,Organic Search,0,0,10,0.0,0,Google Ads
2026-03-09,MC006,Organic Search,0,0,19,0.0,0,CRM
2026-03-10,MC006,Organic Search,0,0,21,0.0,1,CRM
2026-03-11,MC006,Organic Search,0,0,17,0.0,0,Google Ads
2026-03-12,MC006,Organic Search,0,0,21,0.0,0,Manual
2026-03-13,MC006,Organic Search,0,0,24,0.0,0,CRM
2026-03-14,MC006,Organic Search,0,0,11,0.0,0,Google Ads
2026-03-15,MC006,Organic Search,0,0,8,0.0,0,CRM
2026-03-16,MC006,Organic Search,0,0,18,0.0,0,Meta
2026-03-17,MC006,Organic Search,0,0,13,0.0,1,Google Ads
2026-03-18,MC006,Organic Search,0,0,22,0.0,0,Meta
2026-03-19,MC006,Organic Search,0,0,21,0.0,0,CRM
2026-03-20,MC006,Organic Search,0,0,26,0.0,0,GA4
2026-03-21,MC006,organic,0,0,12,0.0,0,GA4
2026-03-22,MC006,Organic Search,0,0,6,0.0,0,Google Ads
2026-03-23,MC006,Organic Search,0,0,21,0.0,0,Manual
2026-03-24,MC006,Organic Search,0,0,16,0.0,1,Google Ads
2026-03-25,MC006,Organic Search,0,0,17,0.0,0,Meta
2026-03-26,MC006,Organic Search,0,0,19,0.0,1,GA4
2026-03-27,MC006,Organic Search,0,0,25,0.0,1,Google Ads
2026-03-28,MC006,Organic Search,0,0,8,0.0,1,Google Ads
2026-03-29,MC006,Organic Search,0,0,6,0.0,0,Manual
2026-03-30,MC006,Organic Search,0,0,20,0.0,0,Google Ads
2026-03-31,MC006,Organic Search,0,0,21,0.0,0,CRM
2026-04-01,MC006,Organic Search,0,0,21,0.0,0,GA4
2026-04-02,MC006,Organic Search,0,0,18,0.0,0,GA4
2026-04-03,MC006,Organic Search,0,0,27,0.0,0,Google Ads
2026-04-04,MC006,Organic Search,0,0,12,0.0,0,GA4
2026-04-05,MC006,Organic Search,0,0,15,0.0,0,GA4
2026-04-06,MC006,Organic Search,0,0,15,0.0,0,GA4
2026-04-07,MC006,Organic Search,0,0,17,0.0,0,CRM
2026-04-08,MC006,SEO,0,0,19,0.0,0,Google Ads
2026-04-09,MC006,Organic Search,0,0,14,0.0,0,GA4
2026-04-10,MC006,Organic Search,0,0,18,0.0,0,GA4
2026-04-11,MC006,Organic Search,0,0,12,0.0,0,GA4
2026-04-12,MC006,Organic Search,0,0,5,0.0,0,GA4
2026-04-13,MC006,Organic Search,0,0,19,0.0,0,GA4
2026-04-14,MC006,Organic Search,0,0,21,0.0,0,GA4
2026-04-15,MC006,Organic Search,0,0,19,0.0,0,CRM
2026-04-16,MC006,Organic Search,0,0,22,0.0,0,Google Ads
2026-04-17,MC006,Organic Search,0,0,18,0.0,1,Meta
2026-04-18,MC006,Organic Search,0,0,7,0.0,0,CRM
2026-04-19,MC006,Organic Search,0,0,9,0.0,0,GA4
2026-04-20,MC006,Organic Search,0,0,21,0.0,0,GA4
2026-04-21,MC006,Organic Search,0,0,22,0.0,0,GA4
2026-04-22,MC006,Organic Search,0,0,18,0.0,0,Manual
04-23-2026,MC006,Organic Search,0,0,25,0.0,0,CRM
2026-04-24,MC006,Organic Search,0,0,28,0.0,0,Google Ads
2026-04-25,MC006,Organic Search,0,0,13,0.0,0,CRM
2026-04-26,MC006,Organic Search,0,0,5,0.0,0,GA4
2026-04-27,MC006,Organic Search,0,0,26,0.0,0,Google Ads
2026-04-28,MC006,Organic Search,0,0,26,0.0,0,Manual
2026-04-29,MC006,Organic Search,0,0,17,0.0,0,GA4
2026-04-30,MC006,Organic Search,0,0,16,0.0,1,CRM
2026-05-01,MC006,Organic Search,0,0,23,0.0,0,Meta
05-02-2026,MC006,Organic Search,0,0,10,0.0,0,GA4
2026-05-03,MC006,Organic Search,0,0,12,0.0,0,Meta
2026-05-04,MC006,Organic Search,0,0,11,0.0,0,Google Ads
2026-05-05,MC006,Organic Search,0,0,17,0.0,0,GA4
2026-05-06,MC006,Organic Search,0,0,19,0.0,0,GA4
2026-05-07,MC006,Organic Search,0,0,16,0.0,0,CRM
2026-05-08,MC006,Organic Search,0,0,24,0.0,0,Meta
2026-05-09,MC006,Organic search,0,0,6,0.0,0,GA4
2026-05-10,MC006,Organic Search,0,0,12,0.0,0,Manual
2026-05-11,MC006,Organic Search,0,0,10,0.0,1,GA4
2026-05-12,MC006,Organic Search,0,0,16,0.0,0,Meta
2026-05-13,MC006,Organic Search,0,0,15,0.0,0,GA4
2026-05-14,MC006,Organic Search,0,0,24,0.0,0,GA4
2026-05-15,MC006,Organic Search,0,0,18,0.0,1,CRM
2026-05-16,MC006,Organic search,0,0,15,0.0,0,CRM
2026-05-17,MC006,Organic Search,0,0,10,0.0,0,Google Ads
2026-05-18,MC006,Organic Search,0,0,20,0.0,2,Manual
2026-05-19,MC006,Organic Search,0,0,27,0.0,0,GA4
2026-05-20,MC006,Organic search,0,0,17,0.0,1,CRM
2026-05-21,MC006,Organic Search,0,0,23,0.0,1,GA4
2026-05-22,MC006,Organic Search,0,0,21,0.0,1,Meta
2026-05-23,MC006,Organic Search,0,0,4,0.0,1,CRM
2026-05-24,MC006,Organic Search,0,0,9,0.0,1,CRM
2026-05-25,MC006,Organic Search,0,0,19,0.0,0,CRM
2026-05-26,MC006,Organic Search,0,0,19,0.0,1,Google Ads
2026-05-27,MC006,Organic Search,0,0,21,0.0,0,Google Ads
2026-05-28,MC006,Organic Search,0,0,13,0.0,0,Google Ads
2026-05-29,MC006,Organic Search,0,0,23,0.0,0,GA4
2026-05-30,MC006,Organic Search,0,0,4,0.0,0,GA4
2026-05-31,MC006,Organic Search,0,0,9,0.0,0,Manual
2026-06-01,MC006,Organic Search,0,0,19,0.0,0,Meta
02/06/2026,MC006,Organic Search,0,0,18,0.0,1,Google Ads
2026-06-03,MC006,Organic Search,0,0,20,0.0,0,Google Ads
2026-06-04,MC006,Organic Search,0,0,26,0.0,1,GA4
2026-06-05,MC006,Organic Search,0,0,17,0.0,0,CRM
2026-06-06,MC006,Organic Search,0,0,9,0.0,1,GA4
2026-06-07,MC006,Organic Search,0,0,7,0.0,0,GA4
2026-06-08,MC006,Organic Search,0,0,17,0.0,0,Manual
2026-06-09,MC006,Organic Search,0,0,13,0.0,1,GA4
2026-06-10,MC006,Organic Search,0,0,20,0.0,0,GA4
2026-06-11,MC006,Organic Search,0,0,19,0.0,0,GA4
2026-06-12,MC006,Organic Search,0,0,15,0.0,0,CRM
2026-06-13,MC006,Organic Search,0,0,9,0.0,0,Meta
2026-06-14,MC006,SEO,0,0,8,0.0,0,GA4
2026-06-15,MC006,Organic Search,0,0,13,0.0,0,CRM
2026-06-16,MC006,Organic Search,0,0,16,0.0,1,CRM
2026-06-17,MC006,Organic Search,0,0,21,0.0,0,GA4
2026-06-18,MC006,Organic Search,0,0,21,0.0,0,Google Ads
2026-06-19,MC006,Organic Search,0,0,23,0.0,0,Meta
2026-06-20,MC006,Organic Search,0,0,6,0.0,0,CRM
2026-06-21,MC006,Organic Search,0,0,11,0.0,1,Google Ads
2026-06-22,MC006,Organic Search,0,0,16,0.0,0,Google Ads
2026-06-23,MC006,Organic Search,0,0,29,0.0,0,Meta
2026-06-24,MC006,Organic Search,0,0,25,0.0,0,Manual
2026-06-25,MC006,Organic Search,0,0,12,0.0,0,Manual
2026-06-26,MC006,Organic Search,0,0,20,0.0,1,Manual
2026-06-27,MC006,Organic Search,0,0,8,0.0,1,Meta
2026-06-28,MC006,Organic Search,0,0,11,0.0,1,Manual
2026-06-29,MC006,Organic Search,0,0,13,0.0,0,GA4
2026-06-30,MC006,Organic Search,0,0,19,0.0,1,GA4
2026-07-01,MC006,Organic Search,0,0,16,0.0,0,CRM
2026-07-02,MC006,Organic Search,0,0,15,0.0,0,GA4
2026-07-03,MC006,Organic Search,0,0,13,0.0,1,GA4
2026-07-04,MC006,Organic Search,0,0,5,0.0,0,GA4
2026-07-05,MC006,Organic Search,0,0,9,0.0,0,CRM
2026-07-06,MC006,Organic Search,0,0,15,0.0,1,Meta
2026-07-07,MC006,Organic Search,0,0,20,0.0,0,GA4
2026-07-08,MC006,Organic Search,0,0,20,0.0,0,CRM
2026-07-09,MC006,Organic Search,0,0,17,0.0,0,Google Ads
2026-07-10,MC006,Organic Search,0,0,20,0.0,0,CRM
2026-07-11,MC006,Organic Search,0,0,4,0.0,0,CRM
2026-07-12,MC006,Organic Search,0,0,6,0.0,0,GA4
2026-07-13,MC006,Organic Search,0,0,21,0.0,1,Google Ads
2026-07-14,MC006,Organic Search,0,0,12,0.0,0,Manual
2026-07-15,MC006,Organic Search,0,0,20,0.0,1,Meta
2026-07-16,MC006,Organic Search,0,0,17,0.0,1,Manual
2026-07-17,MC006,Organic Search,0,0,21,0.0,3,GA4
2026-07-18,MC006,Organic Search,0,0,10,0.0,0,Meta
07-19-2026,MC006,Organic Search,0,0,4,0.0,0,CRM
2026-07-20,MC006,Organic Search,0,0,18,0.0,0,GA4
2026-07-21,MC006,Organic Search,0,0,16,0.0,0,CRM
2026-07-22,MC006,Organic Search,0,0,15,0.0,2,GA4
2026-07-23,MC006,Organic Search,0,0,20,0.0,0,Manual
2026-07-24,MC006,Organic Search,0,0,13,0.0,0,Manual
2026-07-25,MC006,Organic Search,0,0,12,0.0,0,CRM
2026-07-26,MC006,Organic Search,0,0,7,0.0,0,Google Ads
2026-07-27,MC006,Organic Search,0,0,17,0.0,0,GA4
2026-07-28,MC006,Organic Search,0,0,23,0.0,0,GA4
2026-07-29,MC006,Organic Search,0,0,16,0.0,0,Google Ads
2026-07-30,MC006,Organic Search,0,0,22,0.0,0,CRM
2026-07-31,MC006,Organic Search,0,0,23,0.0,0,GA4
2026-08-01,MC006,Organic Search,0,0,9,0.0,0,GA4
2026-08-02,MC006,Organic Search,0,0,17,0.0,0,CRM
2026-08-03,MC006,Organic Search,0,0,19,0.0,2,Manual
2026-08-04,MC006,Organic Search,0,0,22,0.0,2,Google Ads
2026-08-05,MC006,Organic Search,0,0,16,0.0,0,GA4
2026-08-06,MC006,Organic Search,0,0,15,0.0,1,Meta
2026-08-07,MC006,Organic Search,0,0,22,0.0,1,CRM
2026-08-08,MC006,Organic Search,0,0,2,0.0,1,GA4
2026-08-09,MC006,Organic Search,0,0,9,0.0,0,Google Ads
2026-08-10,MC006,Organic Search,0,0,21,0.0,0,Google Ads
2026-08-11,MC006,Organic Search,0,0,25,0.0,0,Manual
2026-08-12,MC006,Organic Search,0,0,22,0.0,1,GA4
2026-08-13,MC006,Organic Search,0,0,19,0.0,0,CRM
2026-08-14,MC006,Organic Search,0,0,18,0.0,0,GA4
2026-08-15,MC006,Organic Search,0,0,8,0.0,0,CRM
2026-08-16,MC006,Organic Search,0,0,4,0.0,0,Manual
2026-08-17,MC006,Organic Search,0,0,27,0.0,1,GA4
2026-08-18,MC006,Organic Search,0,0,17,0.0,0,GA4
08-19-2026,MC006,Organic Search,0,0,23,0.0,2,Google Ads
2026-08-20,MC006,Organic Search,0,0,20,0.0,0,GA4
2026-08-21,MC006,Organic Search,0,0,22,0.0,0,Google Ads
2026-08-22,MC006,Organic Search,0,0,8,0.0,0,Manual
2026-08-23,MC006,Organic Search,0,0,9,0.0,0,Google Ads
2026-08-24,MC006,Organic Search,0,0,16,0.0,0,Meta
2026-08-25,MC006,Organic Search,0,0,16,0.0,0,CRM
2026-08-26,MC006,Organic Search,0,0,17,0.0,1,Google Ads
2026-08-27,MC006,Organic Search,0,0,17,0.0,0,GA4
2026-08-28,MC006,Organic Search,0,0,13,0.0,0,GA4
2026-08-29,MC006,Organic Search,0,0,8,0.0,1,Google Ads
2026-08-30,MC006,Organic Search,0,0,4,0.0,0,CRM
2026-08-31,MC006,Organic Search,0,0,27,0.0,0,Manual
2025-01-01,MC007,Facebook Ads,1840,34,30,211000.0,1,GA4
2025-01-02,MC007,Facebook Ads,1772,30,30,176000.0,0,GA4
2025-01-03,MC007,Facebook Ads,1452,24,25,178000.0,0,GA4
2025-01-04,MC007,Facebook Ads,668,13,14,88000.0,0,Meta
2025-01-05,MC007,Facebook Ads,711,14,13,98000.0,0,Manual
2025-01-06,MC007,Facebook Ads,1530,29,28,159000.0,0,GA4
2025-01-07,MC007,Facebook Ads,1172,15,17,86000.0,1,Manual
2025-01-08,MC007,Facebook Ads,1610,34,31,261000.0,0,CRM
2025-01-09,MC007,Facebook Ads,1568,30,26,164000.0,0,CRM
2025-01-10,MC007,Facebook Ads,1771,32,32,245000.0,0,CRM
2025-01-11,MC007,Facebook Ads,406,7,7,50000.0,1,Manual
2025-01-12,MC007,Facebook,524,9,9,54000.0,0,GA4
2025-01-13,MC007,Facebook Ads,1468,27,29,185000.0,0,GA4
2025-01-14,MC007,Facebook Ads,1722,24,24,160000.0,1,Google Ads
2025-01-15,MC007,Facebook Ads,1705,28,29,210000.0,0,Manual
2025-01-16,MC007,Facebook Ads,1658,32,30,236000.0,0,GA4
2025-01-17,MC007,Facebook Ads,1323,30,27,222000.0,0,CRM
2025-01-18,MC007,Facebook Ads,597,9,11,65000.0,0,GA4
2025-01-19,MC007,Facebook Ads,653,13,12,92000.0,0,GA4
2025-01-20,MC007,Facebook Ads,1480,29,29,221000.0,1,GA4
2025-01-21,MC007,Facebook Ads,1174,19,19,114000.0,0,CRM
2025-01-22,MC007,Facebook Ads,1735,32,28,235000.0,0,Google Ads
2025-01-23,MC007,Facebook Ads,1587,28,26,158000.0,0,GA4
2025-01-24,MC007,Facebook Ads,1145,22,22,146000.0,0,GA4
2025-01-25,MC007,Meta Ads,791,15,14,84000.0,0,GA4
2025-01-26,MC007,Facebook Ads,1009,17,18,130000.0,0,CRM
2025-01-27,MC007,Facebook Ads,3508,51,50,380000.0,1,GA4
2025-01-28,MC007,Facebook Ads,1584,28,28,193000.0,0,Manual
2025-01-29,MC007,Facebook Ads,1380,23,22,129000.0,1,Google Ads
2025-01-30,MC007,Facebook Ads,2086,45,38,308000.0,0,Meta
2025-01-31,MC007,Facebook Ads,1677,34,32,246000.0,0,CRM
2025-02-01,MC007,Facebook Ads,694,13,14,77000.0,1,GA4
2025-02-02,MC007,Facebook Ads,571,9,9,70000.0,1,GA4
2025-02-03,MC007,Facebook Ads,1221,20,23,147000.0,1,Google Ads
2025-02-04,MC007,Facebook Ads,2175,40,36,237000.0,0,GA4
2025-02-05,MC007,Facebook Ads,999,17,17,92000.0,0,Manual
2025-02-06,MC007,Facebook Ads,900,21,21,151000.0,0,GA4
2025-02-07,MC007,Facebook Ads,1078,20,20,109000.0,0,GA4
2025-02-08,MC007,Facebook,628,11,11,82000.0,0,GA4
2025-02-09,MC007,FB Ads,273,5,5,36000.0,0,Google Ads
02-10-2025,MC007,Facebook Ads,1539,32,28,200000.0,0,CRM
2025-02-11,MC007,Facebook Ads,1161,21,20,123000.0,0,CRM
2025-02-12,MC007,Facebook Ads,1531,20,18,112000.0,0,Meta
2025-02-13,MC007,Facebook Ads,1095,21,20,145000.0,0,Meta
2025-02-14,MC007,Facebook Ads,1296,19,17,112000.0,0,GA4
2025-02-15,MC007,Facebook Ads,423,6,7,36000.0,1,Google Ads
2025-02-16,MC007,Facebook Ads,401,7,8,53000.0,0,Meta
2025-02-17,MC007,Facebook Ads,945,19,20,114000.0,0,GA4
2025-02-18,MC007,Facebook Ads,1274,26,24,166000.0,0,Manual
2025-02-19,MC007,Facebook Ads,741,13,14,93000.0,0,GA4
2025-02-20,MC007,Facebook Ads,1337,25,24,159000.0,0,Manual
2025-02-21,MC007,Facebook Ads,686,18,19,106000.0,1,Google Ads
2025-02-22,MC007,Facebook Ads,674,13,13,70000.0,0,GA4
2025-02-23,MC007,Facebook Ads,969,14,14,94000.0,0,Manual
2025-02-24,MC007,Facebook Ads,914,17,16,104000.0,0,GA4
2025-02-25,MC007,Facebook Ads,606,12,13,77000.0,1,GA4
2025-02-26,MC007,Facebook Ads,1263,19,17,145000.0,0,Google Ads
2025-02-27,MC007,Facebook Ads,926,17,17,124000.0,0,Meta
2025-02-28,MC007,Facebook Ads,789,15,16,104000.0,0,CRM
2025-03-01,MC007,Facebook Ads,683,11,10,85000.0,1,GA4
2025-03-02,MC007,FB Ads,407,6,7,44000.0,0,Manual
2025-03-03,MC007,Facebook Ads,1391,24,26,178000.0,0,CRM
2025-03-04,MC007,Facebook Ads,2359,42,39,256000.0,1,CRM
2025-03-05,MC007,Facebook Ads,1208,22,21,143000.0,0,Manual
2025-03-06,MC007,Facebook Ads,1647,28,28,167000.0,0,Manual
2025-03-07,MC007,Facebook Ads,1059,16,18,118000.0,0,GA4
2025-03-08,MC007,Facebook Ads,631,13,15,95000.0,0,GA4
2025-03-09,MC007,Facebook Ads,209,4,4,27000.0,0,GA4
2025-03-10,MC007,FB Ads,2766,41,34,299000.0,0,Manual
2025-03-11,MC007,Facebook Ads,1987,27,24,196000.0,0,GA4
2025-03-12,MC007,Facebook Ads,1618,26,24,189000.0,1,CRM
2025-03-13,MC007,Facebook Ads,1740,37,33,227000.0,0,GA4
2025-03-14,MC007,Facebook Ads,2350,50,46,290000.0,0,Google Ads
2025-03-15,MC007,Facebook Ads,613,12,11,82000.0,1,GA4
03-16-2025,MC007,Facebook Ads,1112,18,17,126000.0,0,GA4
2025-03-17,MC007,Facebook Ads,1350,28,29,200000.0,0,CRM
2025-03-18,MC007,Facebook Ads,1810,41,35,236000.0,1,GA4
2025-03-19,MC007,Facebook Ads,1883,34,35,236000.0,0,GA4
2025-03-20,MC007,Facebook Ads,1441,31,31,177000.0,0,Manual
2025-03-21,MC007,FB Ads,1546,28,26,195000.0,0,CRM
2025-03-22,MC007,Facebook Ads,813,14,12,106000.0,0,Google Ads
2025-03-23,MC007,Facebook Ads,829,15,15,82000.0,0,CRM
2025-03-24,MC007,Facebook Ads,2604,41,39,282000.0,0,Meta
2025-03-25,MC007,Facebook Ads,1443,25,26,173000.0,0,Manual
26/03/2025,MC007,Facebook Ads,1172,24,27,183000.0,0,GA4
2025-03-27,MC007,Facebook Ads,1838,24,28,150000.0,0,CRM
2025-03-28,MC007,Facebook Ads,1448,26,29,163000.0,0,GA4
2025-03-29,MC007,Facebook Ads,1097,18,17,127000.0,1,Meta
2025-03-30,MC007,Facebook Ads,507,12,12,77000.0,1,Manual
2025-03-31,MC007,Facebook Ads,1232,21,22,128000.0,0,GA4
2025-04-01,MC007,Facebook Ads,1454,25,23,183000.0,0,GA4
2025-04-02,MC007,Facebook Ads,1667,37,34,249000.0,1,Meta
2025-04-03,MC007,Facebook Ads,1589,27,24,198000.0,0,Meta
2025-04-04,MC007,Facebook Ads,2524,44,40,308000.0,0,GA4
2025-04-05,MC007,Facebook Ads,395,7,7,48000.0,0,GA4
2025-04-06,MC007,Facebook Ads,497,8,9,56000.0,0,GA4
2025-04-07,MC007,Facebook Ads,1887,32,30,188000.0,0,GA4
2025-04-08,MC007,Facebook Ads,1648,34,29,260000.0,1,Meta
2025-04-09,MC007,Facebook Ads,1760,34,33,210000.0,0,GA4
2025-04-10,MC007,Facebook Ads,1176,21,24,163000.0,1,Manual
2025-04-11,MC007,Facebook Ads,1169,22,26,149000.0,0,CRM
2025-04-12,MC007,Facebook Ads,898,17,15,104000.0,0,CRM
2025-04-13,MC007,Facebook Ads,743,13,13,79000.0,1,GA4
2025-04-14,MC007,Facebook Ads,2487,41,40,221000.0,0,GA4
2025-04-15,MC007,Facebook Ads,1356,28,28,193000.0,1,Google Ads
2025-04-16,MC007,Facebook Ads,1881,34,30,184000.0,0,CRM
2025-04-17,MC007,Facebook Ads,1751,30,28,210000.0,0,GA4
2025-04-18,MC007,Facebook Ads,1470,31,28,168000.0,2,GA4
2025-04-19,MC007,Facebook Ads,653,13,12,97000.0,0,CRM
2025-04-20,MC007,Facebook Ads,1120,24,22,133000.0,0,GA4
2025-04-21,MC007,Facebook Ads,1681,26,27,161000.0,0,GA4
2025-04-22,MC007,Facebook Ads,959,18,19,137000.0,1,Meta
2025-04-23,MC007,Facebook Ads,1343,28,24,207000.0,1,Meta
2025-04-24,MC007,Facebook Ads,851,18,20,127000.0,0,Meta
2025-04-25,MC007,Facebook Ads,1831,29,28,203000.0,1,Meta
2025-04-26,MC007,Facebook Ads,401,7,7,49000.0,0,CRM
2025-04-27,MC007,Facebook Ads,374,8,9,47000.0,1,CRM
2025-04-28,MC007,Facebook Ads,1277,23,25,163000.0,1,GA4
2025-04-29,MC007,Facebook Ads,1613,30,29,223000.0,1,CRM
2025-04-30,MC007,Facebook Ads,1480,29,32,190000.0,0,GA4
2025-05-01,MC007,Facebook Ads,929,19,22,141000.0,0,CRM
2025-05-02,MC007,Facebook Ads,1263,28,25,207000.0,0,GA4
2025-05-03,MC007,Facebook Ads,947,14,14,87000.0,1,Manual
2025-05-04,MC007,Facebook Ads,795,16,14,113000.0,0,Google Ads
2025-05-05,MC007,Facebook Ads,1419,33,31,176000.0,1,GA4
2025-05-06,MC007,Facebook Ads,1533,26,28,140000.0,0,Manual
2025-05-07,MC007,Facebook Ads,1424,22,21,158000.0,0,CRM
2025-05-08,MC007,Facebook Ads,1155,27,28,184000.0,0,CRM
2025-05-09,MC007,Facebook Ads,1647,31,27,206000.0,1,GA4
2025-05-10,MC007,Facebook Ads,1290,20,20,155000.0,0,GA4
2025-05-11,MC007,Facebook Ads,621,13,12,87000.0,1,CRM
2025-05-12,MC007,Facebook Ads,2084,30,30,218000.0,0,Google Ads
2025-05-13,MC007,Facebook Ads,1050,18,20,102000.0,0,GA4
2025-05-14,MC007,Facebook Ads,1527,20,21,142000.0,0,GA4
2025-05-15,MC007,Facebook Ads,1353,29,33,193000.0,0,Google Ads
2025-05-16,MC007,Facebook Ads,1905,33,36,192000.0,0,GA4
2025-05-17,MC007,Facebook Ads,871,14,13,96000.0,0,Meta
2025-05-18,MC007,Facebook Ads,389,8,7,61000.0,0,Google Ads
2025-05-19,MC007,Facebook Ads,1076,19,19,116000.0,2,Google Ads
2025-05-20,MC007,Facebook Ads,2709,38,38,241000.0,0,Google Ads
2025-05-21,MC007,Facebook Ads,2206,29,30,168000.0,0,GA4
2025-05-22,MC007,Facebook Ads,1357,25,25,162000.0,0,Meta
2025-05-23,MC007,Facebook Ads,2164,30,28,187000.0,0,Manual
2025-05-24,MC007,Facebook Ads,431,8,8,51000.0,0,Google Ads
2025-05-25,MC007,Facebook Ads,294,6,6,39000.0,0,GA4
2025-05-26,MC007,Facebook Ads,2131,34,34,254000.0,2,GA4
2025-05-27,MC007,Facebook Ads,884,17,19,120000.0,0,Manual
2025-05-28,MC007,Facebook Ads,1790,34,36,255000.0,2,GA4
2025-05-29,MC007,Facebook Ads,1540,32,30,175000.0,0,Google Ads
2025-05-30,MC007,Facebook Ads,1195,26,23,184000.0,1,GA4
2025-05-31,MC007,Facebook Ads,844,16,15,118000.0,1,CRM
2025-06-01,MC007,Facebook Ads,618,12,12,67000.0,0,GA4
2025-06-02,MC007,Facebook Ads,1243,25,25,164000.0,0,CRM
2025-06-03,MC007,Facebook Ads,1429,28,27,206000.0,0,GA4
2025-06-04,MC007,Facebook Ads,1270,25,28,187000.0,1,Meta
2025-06-05,MC007,Facebook Ads,1500,28,26,180000.0,0,GA4
2025-06-06,MC007,Facebook Ads,2267,33,29,205000.0,0,GA4
2025-06-07,MC007,Facebook Ads,365,7,7,46000.0,0,CRM
2025-06-08,MC007,Facebook Ads,306,5,6,37000.0,0,CRM
2025-06-09,MC007,Facebook Ads,1794,35,33,239000.0,0,GA4
2025-06-10,MC007,Facebook Ads,1170,24,26,146000.0,0,Meta
2025-06-11,MC007,Facebook Ads,1200,21,19,145000.0,0,Google Ads
2025-06-12,MC007,Facebook Ads,2082,34,35,196000.0,0,GA4
2025-06-13,MC007,Facebook Ads,1287,23,19,158000.0,0,Google Ads
2025-06-14,MC007,Facebook Ads,467,11,11,68000.0,0,Meta
2025-06-15,MC007,Facebook Ads,846,16,15,124000.0,0,Google Ads
2025-06-16,MC007,Facebook Ads,1244,20,22,151000.0,0,Google Ads
2025-06-17,MC007,Facebook Ads,1777,27,26,174000.0,0,GA4
2025-06-18,MC007,Facebook Ads,771,13,15,99000.0,0,CRM
2025-06-19,MC007,Facebook Ads,1543,24,23,132000.0,0,CRM
2025-06-20,MC007,Facebook Ads,2250,35,34,257000.0,0,Google Ads
2025-06-21,MC007,Facebook Ads,685,10,11,75000.0,1,CRM
2025-06-22,MC007,Facebook Ads,983,19,17,142000.0,1,Manual
2025-06-23,MC007,Facebook Ads,1208,22,23,149000.0,0,Google Ads
2025-06-24,MC007,Facebook Ads,1763,35,33,244000.0,0,Manual
2025-06-25,MC007,Facebook Ads,755,13,16,96000.0,0,CRM
2025-06-26,MC007,Meta Ads,1977,33,33,224000.0,1,Google Ads
2025-06-27,MC007,Facebook Ads,1005,21,25,148000.0,0,CRM
2025-06-28,MC007,Meta Ads,552,11,10,78000.0,0,CRM
2025-06-29,MC007,Facebook Ads,478,9,9,62000.0,0,Meta
2025-06-30,MC007,Facebook Ads,1466,28,25,180000.0,0,Meta
2025-07-01,MC007,Facebook Ads,1590,23,27,132000.0,0,CRM
2025-07-02,MC007,Facebook Ads,1562,32,30,205000.0,0,Google Ads
2025-07-03,MC007,Facebook Ads,1110,23,24,174000.0,0,Google Ads
2025-07-04,MC007,Facebook Ads,1102,22,20,149000.0,0,Google Ads
2025-07-05,MC007,Facebook Ads,687,16,17,122000.0,1,CRM
2025-07-06,MC007,Facebook Ads,502,12,13,72000.0,1,GA4
2025-07-07,MC007,Facebook Ads,1069,17,15,102000.0,0,Google Ads
2025-07-08,MC007,Facebook Ads,1785,37,31,254000.0,0,Google Ads
2025-07-09,MC007,Facebook Ads,1237,19,21,130000.0,1,GA4
2025-07-10,MC007,Facebook Ads,1970,31,29,167000.0,0,GA4
2025-07-11,MC007,Facebook Ads,1117,23,22,126000.0,0,CRM
2025-07-12,MC007,Facebook Ads,893,15,16,101000.0,0,CRM
2025-07-13,MC007,Facebook Ads,435,8,9,61000.0,0,GA4
2025-07-14,MC007,Facebook Ads,2060,30,33,164000.0,0,GA4
2025-07-15,MC007,Facebook Ads,1480,26,29,157000.0,0,Manual
2025-07-16,MC007,Facebook Ads,1433,29,31,220000.0,0,GA4
2025-07-17,MC007,Facebook Ads,1213,22,25,154000.0,0,GA4
2025-07-18,MC007,Facebook Ads,1874,30,32,230000.0,0,Meta
2025-07-19,MC007,Facebook Ads,470,9,9,49000.0,0,GA4
2025-07-20,MC007,Facebook Ads,585,10,12,65000.0,1,Google Ads
2025-07-21,MC007,Facebook Ads,1110,22,23,153000.0,0,GA4
2025-07-22,MC007,Facebook Ads,1619,32,33,221000.0,0,Meta
2025-07-23,MC007,Facebook Ads,1654,27,26,176000.0,1,Meta
2025-07-24,MC007,Facebook Ads,1437,27,29,204000.0,0,GA4
2025-07-25,MC007,Facebook Ads,1018,19,21,123000.0,0,GA4
2025-07-26,MC007,Facebook Ads,896,18,16,120000.0,0,Google Ads
2025-07-27,MC007,Facebook Ads,435,8,9,59000.0,1,GA4
2025-07-28,MC007,Facebook Ads,1229,23,25,169000.0,0,Manual
2025-07-29,MC007,Facebook Ads,1066,21,22,153000.0,1,GA4
2025-07-30,MC007,Facebook Ads,1323,21,24,160000.0,0,CRM
2025-07-31,MC007,Facebook Ads,1380,28,30,196000.0,0,Meta
2025-08-01,MC007,Facebook Ads,1512,27,31,144000.0,0,Google Ads
2025-08-02,MC007,Facebook Ads,828,13,13,70000.0,0,Google Ads
2025-08-03,MC007,Facebook Ads,666,11,10,63000.0,1,GA4
2025-08-04,MC007,Facebook Ads,1278,25,29,145000.0,0,GA4
2025-08-05,MC007,Facebook Ads,1488,31,28,179000.0,0,Meta
2025-08-06,MC007,Facebook Ads,1161,21,21,130000.0,0,CRM
2025-08-07,MC007,Facebook Ads,1421,24,25,136000.0,1,GA4
2025-08-08,MC007,Facebook Ads,1594,30,32,183000.0,0,CRM
2025-08-09,MC007,Facebook Ads,983,14,12,88000.0,0,Google Ads
2025-08-10,MC007,Facebook Ads,421,9,9,49000.0,0,Meta
2025-08-11,MC007,Facebook Ads,599,12,14,66000.0,0,GA4
2025-08-12,MC007,Facebook Ads,1937,36,33,229000.0,1,GA4
2025-08-13,MC007,Facebook Ads,1359,32,30,175000.0,0,Manual
2025-08-14,MC007,Facebook Ads,1946,35,31,268000.0,0,Manual
2025-08-15,MC007,Facebook Ads,1609,29,30,172000.0,0,GA4
2025-08-16,MC007,Facebook Ads,471,8,8,61000.0,0,GA4
2025-08-17,MC007,Facebook Ads,931,12,11,91000.0,1,Google Ads
2025-08-18,MC007,Facebook Ads,1741,33,38,214000.0,0,Manual
2025-08-19,MC007,Facebook Ads,1822,31,27,233000.0,0,Manual
2025-08-20,MC007,Facebook Ads,1847,34,28,184000.0,1,CRM
2025-08-21,MC007,Facebook Ads,1217,23,25,134000.0,0,CRM
2025-08-22,MC007,FB Ads,1926,33,36,189000.0,0,Meta
2025-08-23,MC007,Facebook Ads,430,8,8,56000.0,0,GA4
2025-08-24,MC007,Facebook Ads,364,7,7,53000.0,0,GA4
2025-08-25,MC007,Facebook Ads,1439,28,26,213000.0,0,GA4
2025-08-26,MC007,Facebook Ads,2835,40,35,298000.0,0,Manual
2025-08-27,MC007,Facebook Ads,1134,23,25,166000.0,0,Meta
2025-08-28,MC007,Facebook Ads,1929,41,33,284000.0,0,CRM
2025-08-29,MC007,Facebook Ads,1842,29,29,209000.0,0,GA4
2025-08-30,MC007,Facebook Ads,801,17,18,131000.0,0,CRM
2025-08-31,MC007,Facebook Ads,909,12,13,89000.0,0,CRM
2025-09-01,MC007,Facebook Ads,1559,29,24,179000.0,0,CRM
2025-09-02,MC007,Facebook Ads,1375,28,28,207000.0,0,CRM
2025-09-03,MC007,Facebook Ads,1300,27,30,151000.0,2,Google Ads
2025-09-04,MC007,FB Ads,1256,24,26,171000.0,0,Manual
2025-09-05,MC007,Facebook Ads,1476,27,23,200000.0,0,Meta
2025-09-06,MC007,Facebook Ads,847,13,15,96000.0,0,Manual
2025-09-07,MC007,Facebook Ads,337,7,8,46000.0,1,CRM
2025-09-08,MC007,Facebook Ads,1857,35,33,206000.0,1,Google Ads
2025-09-09,MC007,Meta Ads,1669,32,31,233000.0,0,Manual
2025-09-10,MC007,Facebook Ads,1946,31,29,208000.0,0,GA4
2025-09-11,MC007,Facebook Ads,1418,25,25,160000.0,0,CRM
2025-09-12,MC007,Facebook Ads,1501,27,31,192000.0,1,Meta
2025-09-13,MC007,Facebook Ads,450,9,9,69000.0,1,CRM
2025-09-14,MC007,Facebook Ads,1111,18,17,98000.0,0,GA4
2025-09-15,MC007,Facebook Ads,1652,32,30,208000.0,1,CRM
2025-09-16,MC007,Facebook Ads,1459,28,29,209000.0,0,GA4
2025-09-17,MC007,Facebook,1469,25,23,165000.0,0,CRM
2025-09-18,MC007,Facebook Ads,1097,20,21,112000.0,0,CRM
2025-09-19,MC007,Facebook Ads,1692,27,31,163000.0,0,Meta
2025-09-20,MC007,Facebook Ads,733,11,13,80000.0,0,Manual
2025-09-21,MC007,Facebook Ads,810,17,16,92000.0,0,Manual
2025-09-22,MC007,Facebook Ads,1232,22,23,151000.0,0,Meta
2025-09-23,MC007,Facebook Ads,1904,36,35,276000.0,1,Meta
2025-09-24,MC007,Facebook Ads,1839,35,38,255000.0,1,CRM
2025-09-25,MC007,Facebook Ads,1192,27,26,199000.0,0,CRM
2025-09-26,MC007,Facebook Ads,1586,29,30,171000.0,0,GA4
2025-09-27,MC007,Facebook Ads,905,15,14,96000.0,1,GA4
2025-09-28,MC007,Facebook Ads,413,7,8,42000.0,0,GA4
2025-09-29,MC007,Facebook Ads,1898,42,46,326000.0,0,Meta
2025-09-30,MC007,Facebook Ads,935,19,18,111000.0,1,GA4
2025-10-01,MC007,Facebook Ads,1446,31,32,228000.0,0,CRM
2025-10-02,MC007,Facebook Ads,1647,34,35,183000.0,0,CRM
2025-10-03,MC007,Facebook Ads,2620,49,41,296000.0,1,CRM
2025-10-04,MC007,Facebook Ads,590,11,12,79000.0,0,GA4
2025-10-05,MC007,Facebook Ads,641,10,10,65000.0,0,CRM
2025-10-06,MC007,Facebook Ads,1847,35,38,206000.0,0,GA4
2025-10-07,MC007,Facebook Ads,1609,29,32,202000.0,1,GA4
2025-10-08,MC007,Facebook Ads,1948,43,38,281000.0,0,Meta
2025-10-09,MC007,Facebook Ads,1340,30,31,226000.0,1,Meta
2025-10-10,MC007,Facebook Ads,1996,39,44,234000.0,0,CRM
2025-10-11,MC007,Facebook Ads,591,13,12,82000.0,1,Google Ads
2025-10-12,MC007,Facebook Ads,473,9,10,66000.0,0,GA4
2025-10-13,MC007,Facebook Ads,2701,52,43,366000.0,0,CRM
2025-10-14,MC007,Facebook Ads,2092,39,41,243000.0,0,CRM
2025-10-15,MC007,Facebook Ads,2097,44,38,290000.0,0,GA4
2025-10-16,MC007,Facebook Ads,1439,28,30,187000.0,0,Google Ads
2025-10-17,MC007,Facebook Ads,1394,28,26,151000.0,0,CRM
2025-10-18,MC007,Facebook Ads,932,17,17,103000.0,0,CRM
2025-10-19,MC007,Facebook Ads,833,14,15,103000.0,0,Meta
2025-10-20,MC007,Facebook Ads,1613,30,28,211000.0,1,Google Ads
2025-10-21,MC007,Facebook Ads,2849,38,38,240000.0,1,GA4
2025-10-22,MC007,Facebook Ads,1461,28,25,190000.0,0,Manual
2025-10-23,MC007,Facebook Ads,2597,50,44,286000.0,0,Google Ads
2025-10-24,MC007,Meta Ads,2975,44,41,244000.0,2,CRM
2025-10-25,MC007,Facebook Ads,636,14,15,88000.0,1,CRM
2025-10-26,MC007,Facebook Ads,606,12,12,65000.0,0,GA4
2025-10-27,MC007,Facebook Ads,2101,35,30,205000.0,0,GA4
2025-10-28,MC007,Facebook Ads,1709,27,26,200000.0,0,Manual
2025-10-29,MC007,Facebook Ads,2227,38,42,246000.0,0,CRM
2025-10-30,MC007,Facebook Ads,2031,39,37,211000.0,2,GA4
2025-10-31,MC007,Facebook Ads,2179,36,38,221000.0,0,Manual
2025-11-01,MC007,Facebook Ads,658,11,13,75000.0,0,Manual
2025-11-02,MC007,Facebook Ads,265,4,5,30000.0,0,Manual
2025-11-03,MC007,Facebook Ads,2568,37,36,217000.0,1,Google Ads
2025-11-04,MC007,Facebook Ads,2017,36,33,221000.0,0,Meta
2025-11-05,MC007,Facebook Ads,1452,29,26,219000.0,0,CRM
2025-11-06,MC007,Facebook Ads,1456,32,31,232000.0,0,GA4
2025-11-07,MC007,Facebook Ads,1580,33,34,251000.0,1,Google Ads
2025-11-08,MC007,Facebook Ads,1282,15,15,116000.0,0,Google Ads
2025-11-09,MC007,Facebook Ads,585,10,11,57000.0,0,CRM
2025-11-10,MC007,Facebook Ads,1710,28,28,180000.0,0,Manual
2025-11-11,MC007,Facebook Ads,1995,42,35,295000.0,0,CRM
2025-11-12,MC007,Facebook Ads,3039,43,38,261000.0,0,Meta
2025-11-13,MC007,Facebook Ads,1784,34,31,212000.0,0,Manual
2025-11-14,MC007,Facebook Ads,1867,29,25,183000.0,0,Meta
2025-11-15,MC007,FB Ads,1711,24,22,144000.0,1,GA4
2025-11-16,MC007,Facebook Ads,929,18,18,117000.0,0,CRM
2025-11-17,MC007,Facebook Ads,1305,28,25,197000.0,0,GA4
2025-11-18,MC007,Facebook Ads,2061,37,40,265000.0,0,CRM
2025-11-19,MC007,Facebook Ads,2052,31,36,181000.0,0,CRM
2025-11-20,MC007,Facebook Ads,2008,36,35,259000.0,0,Manual
2025-11-21,MC007,Facebook Ads,1801,33,36,196000.0,1,GA4
2025-11-22,MC007,Facebook Ads,509,8,8,56000.0,1,CRM
2025-11-23,MC007,Facebook Ads,732,14,14,100000.0,1,GA4
2025-11-24,MC007,Facebook Ads,1928,36,35,270000.0,0,Meta
2025-11-25,MC007,Meta Ads,2200,39,36,263000.0,0,GA4
2025-11-26,MC007,Facebook Ads,2002,31,33,208000.0,0,GA4
2025-11-27,MC007,Facebook Ads,1821,36,32,231000.0,0,Google Ads
2025-11-28,MC007,Facebook Ads,1602,34,36,248000.0,0,Manual
11-29-2025,MC007,Facebook Ads,1107,23,21,169000.0,1,GA4
2025-11-30,MC007,Facebook Ads,711,12,12,80000.0,0,Manual
2025-12-01,MC007,Facebook Ads,1979,36,33,228000.0,0,GA4
2025-12-02,MC007,Facebook Ads,2422,42,44,234000.0,1,Google Ads
2025-12-03,MC007,Facebook Ads,2043,32,35,209000.0,1,Meta
2025-12-04,MC007,Facebook Ads,1928,32,33,227000.0,0,CRM
2025-12-05,MC007,Facebook Ads,2302,30,29,171000.0,0,Meta
2025-12-06,MC007,Facebook,696,12,13,84000.0,1,CRM
2025-12-07,MC007,FB Ads,602,9,8,53000.0,0,Meta
2025-12-08,MC007,Facebook Ads,1958,31,29,218000.0,0,Google Ads
2025-12-09,MC007,Facebook Ads,2261,42,41,262000.0,0,CRM
2025-12-10,MC007,Facebook Ads,1933,34,37,185000.0,0,CRM
2025-12-11,MC007,Facebook Ads,1355,24,26,160000.0,1,GA4
2025-12-12,MC007,Facebook Ads,2295,43,39,268000.0,0,CRM
2025-12-13,MC007,Facebook Ads,753,15,14,106000.0,1,CRM
2025-12-14,MC007,Facebook Ads,552,11,11,59000.0,0,Meta
2025-12-15,MC007,Facebook Ads,1816,38,38,264000.0,0,GA4
2025-12-16,MC007,Facebook Ads,2246,38,34,244000.0,2,GA4
2025-12-17,MC007,Facebook,1409,27,29,175000.0,0,CRM
2025-12-18,MC007,Facebook Ads,1777,31,32,192000.0,1,GA4
2025-12-19,MC007,Facebook Ads,1751,33,36,224000.0,0,Google Ads
2025-12-20,MC007,Facebook Ads,754,15,13,98000.0,1,Google Ads
2025-12-21,MC007,Meta Ads,1277,19,17,132000.0,0,GA4
2025-12-22,MC007,Facebook Ads,2259,42,36,293000.0,0,Google Ads
2025-12-23,MC007,Facebook Ads,2259,38,40,287000.0,2,Google Ads
2025-12-24,MC007,Facebook Ads,1226,25,27,136000.0,0,Manual
2025-12-25,MC007,Facebook Ads,1305,26,30,139000.0,0,GA4
2025-12-26,MC007,Facebook Ads,1784,35,31,254000.0,1,GA4
2025-12-27,MC007,Facebook Ads,999,18,15,124000.0,0,Google Ads
2025-12-28,MC007,Facebook Ads,1400,23,22,141000.0,1,GA4
2025-12-29,MC007,Facebook Ads,1114,19,20,126000.0,0,CRM
2025-12-30,MC007,Facebook Ads,1444,31,27,190000.0,0,CRM
2025-12-31,MC007,Facebook Ads,1893,25,27,189000.0,0,Manual
2026-01-01,MC007,Facebook Ads,948,20,22,129000.0,0,Meta
2026-01-02,MC007,Facebook Ads,1977,29,27,196000.0,0,Google Ads
2026-01-03,MC007,Facebook Ads,725,12,12,91000.0,0,Meta
2026-01-04,MC007,Facebook Ads,691,10,9,60000.0,0,Google Ads
2026-01-05,MC007,Facebook Ads,1329,26,26,183000.0,0,Google Ads
2026-01-06,MC007,Facebook Ads,1453,29,29,177000.0,0,Manual
2026-01-07,MC007,Facebook Ads,1733,27,23,182000.0,0,Manual
2026-01-08,MC007,Facebook Ads,1681,27,27,206000.0,0,Google Ads
2026-01-09,MC007,Facebook Ads,1248,24,26,178000.0,0,GA4
2026-01-10,MC007,Facebook Ads,780,13,15,90000.0,0,CRM
2026-01-11,MC007,Facebook Ads,326,7,7,47000.0,0,CRM
2026-01-12,MC007,Facebook Ads,2622,38,42,267000.0,0,Google Ads
2026-01-13,MC007,Facebook Ads,1268,29,30,173000.0,0,GA4
2026-01-14,MC007,Facebook Ads,1876,40,34,299000.0,0,Manual
2026-01-15,MC007,Facebook Ads,2430,48,45,286000.0,0,CRM
2026-01-16,MC007,Facebook Ads,1393,23,25,145000.0,0,Meta
2026-01-17,MC007,Facebook Ads,676,12,12,67000.0,0,CRM
2026-01-18,MC007,Facebook Ads,388,8,8,48000.0,0,CRM
2026-01-19,MC007,Facebook Ads,1376,25,29,157000.0,1,CRM
2026-01-20,MC007,Facebook,2292,31,35,205000.0,1,CRM
2026-01-21,MC007,Facebook Ads,1527,28,27,159000.0,1,GA4
2026-01-22,MC007,Facebook Ads,1488,24,22,150000.0,0,CRM
2026-01-23,MC007,Facebook Ads,1992,30,29,219000.0,0,GA4
2026-01-24,MC007,Facebook Ads,514,10,10,62000.0,0,GA4
2026-01-25,MC007,Facebook Ads,794,13,13,79000.0,0,GA4
2026-01-26,MC007,Facebook Ads,1012,22,24,163000.0,0,CRM
2026-01-27,MC007,Facebook Ads,992,20,20,127000.0,0,CRM
2026-01-28,MC007,Facebook Ads,1851,28,29,200000.0,1,Manual
2026-01-29,MC007,Facebook Ads,2260,45,40,261000.0,0,CRM
2026-01-30,MC007,Facebook Ads,1935,33,31,247000.0,0,GA4
2026-01-31,MC007,Facebook Ads,704,11,12,71000.0,0,GA4
2026-02-01,MC007,Facebook Ads,424,8,8,49000.0,0,Manual
2026-02-02,MC007,Facebook Ads,1153,25,22,172000.0,0,GA4
2026-02-03,MC007,Facebook Ads,742,15,16,103000.0,0,CRM
2026-02-04,MC007,Facebook Ads,847,16,15,106000.0,0,Manual
2026-02-05,MC007,Facebook Ads,1648,27,27,210000.0,0,GA4
2026-02-06,MC007,Facebook Ads,1171,17,18,106000.0,1,Google Ads
2026-02-07,MC007,Facebook Ads,337,7,7,40000.0,0,GA4
2026-02-08,MC007,Facebook Ads,460,8,9,46000.0,1,CRM
2026-02-09,MC007,Facebook Ads,1369,21,18,135000.0,0,Manual
2026-02-10,MC007,Facebook Ads,1472,25,22,144000.0,1,GA4
2026-02-11,MC007,Facebook Ads,850,16,16,100000.0,0,GA4
2026-02-12,MC007,Facebook Ads,1590,23,23,144000.0,0,Manual
2026-02-13,MC007,Facebook Ads,599,12,14,91000.0,0,Manual
2026-02-14,MC007,Facebook Ads,481,9,10,54000.0,0,Manual
2026-02-15,MC007,Facebook Ads,518,8,8,46000.0,0,CRM
2026-02-16,MC007,Facebook Ads,1143,19,18,133000.0,0,CRM
2026-02-17,MC007,Facebook Ads,1332,23,19,134000.0,0,GA4
2026-02-18,MC007,Facebook Ads,1522,28,26,186000.0,0,Manual
2026-02-19,MC007,Facebook Ads,1031,20,19,125000.0,1,Manual
2026-02-20,MC007,Facebook Ads,1154,25,26,141000.0,0,GA4
2026-02-21,MC007,Facebook Ads,410,8,9,51000.0,0,GA4
2026-02-22,MC007,Facebook Ads,278,5,6,36000.0,0,GA4
2026-02-23,MC007,Facebook Ads,1180,19,20,132000.0,0,GA4
2026-02-24,MC007,Facebook Ads,1308,25,26,139000.0,0,Manual
2026-02-25,MC007,Facebook Ads,918,18,19,113000.0,0,Manual
2026-02-26,MC007,Facebook Ads,823,12,13,88000.0,1,CRM
2026-02-27,MC007,Facebook Ads,914,22,19,120000.0,0,GA4
2026-02-28,MC007,Meta Ads,392,6,6,34000.0,0,Meta
2026-03-01,MC007,Facebook Ads,366,7,8,40000.0,0,GA4
2026-03-02,MC007,Facebook Ads,1317,27,27,183000.0,0,GA4
2026-03-03,MC007,Meta Ads,1043,19,22,144000.0,0,CRM
2026-03-04,MC007,Facebook Ads,1474,22,20,142000.0,0,GA4
2026-03-05,MC007,Facebook Ads,1501,25,24,192000.0,1,Meta
2026-03-06,MC007,Facebook Ads,844,14,13,98000.0,0,Manual
07/03/2026,MC007,Facebook Ads,456,8,10,49000.0,0,Google Ads
2026-03-08,MC007,Facebook Ads,289,5,6,33000.0,0,Meta
2026-03-09,MC007,Facebook Ads,645,14,14,76000.0,1,Manual
2026-03-10,MC007,Facebook Ads,1330,21,23,116000.0,0,CRM
2026-03-11,MC007,Facebook Ads,1084,22,20,169000.0,0,CRM
2026-03-12,MC007,Facebook Ads,1271,23,24,136000.0,0,Google Ads
2026-03-13,MC007,Facebook Ads,1269,24,25,172000.0,0,GA4
2026-03-14,MC007,Facebook,447,10,9,76000.0,0,CRM
2026-03-15,MC007,Facebook Ads,348,6,7,43000.0,0,Meta
2026-03-16,MC007,FB Ads,1650,31,27,178000.0,0,CRM
2026-03-17,MC007,Facebook Ads,1443,24,27,163000.0,0,GA4
2026-03-18,MC007,Facebook Ads,663,15,16,101000.0,0,Meta
2026-03-19,MC007,Facebook Ads,1231,15,17,95000.0,0,GA4
2026-03-20,MC007,Facebook Ads,1441,30,27,231000.0,0,Manual
2026-03-21,MC007,Facebook Ads,511,8,8,48000.0,0,GA4
2026-03-22,MC007,Facebook Ads,363,8,7,56000.0,0,CRM
2026-03-23,MC007,Facebook Ads,1266,20,18,145000.0,1,GA4
2026-03-24,MC007,Facebook Ads,1285,22,23,168000.0,0,CRM
2026-03-25,MC007,Facebook Ads,1013,19,18,104000.0,0,GA4
2026-03-26,MC007,Facebook Ads,1182,24,22,159000.0,0,Meta
2026-03-27,MC007,Facebook Ads,1418,25,28,153000.0,0,Google Ads
2026-03-28,MC007,Facebook Ads,515,7,7,48000.0,0,GA4
2026-03-29,MC007,Facebook Ads,288,4,4,29000.0,0,GA4
2026-03-30,MC007,Facebook Ads,852,15,15,116000.0,0,Google Ads
2026-03-31,MC007,Facebook Ads,964,18,18,136000.0,0,Manual
2026-04-01,MC007,Facebook Ads,1134,24,23,139000.0,0,Manual
2026-04-02,MC007,Facebook Ads,884,15,14,84000.0,0,Google Ads
2026-04-03,MC007,Facebook Ads,1217,24,23,143000.0,0,Google Ads
2026-04-04,MC007,Facebook Ads,529,12,11,76000.0,1,CRM
2026-04-05,MC007,Facebook Ads,317,6,6,43000.0,1,GA4
2026-04-06,MC007,Facebook Ads,1480,23,22,161000.0,0,GA4
2026-04-07,MC007,Facebook Ads,1226,20,19,145000.0,0,Manual
2026-04-08,MC007,Facebook Ads,971,20,17,150000.0,0,GA4
2026-04-09,MC007,Meta Ads,770,15,14,81000.0,0,GA4
2026-04-10,MC007,Facebook Ads,1016,20,23,147000.0,1,Manual
2026-04-11,MC007,Facebook Ads,469,7,9,38000.0,0,GA4
2026-04-12,MC007,Facebook Ads,471,8,10,48000.0,0,Google Ads
2026-04-13,MC007,Facebook Ads,1130,20,21,151000.0,0,Google Ads
2026-04-14,MC007,Facebook Ads,1314,19,22,119000.0,0,CRM
2026-04-15,MC007,Facebook Ads,988,20,20,122000.0,1,Manual
2026-04-16,MC007,Facebook Ads,1435,26,27,164000.0,1,Google Ads
2026-04-17,MC007,Facebook Ads,993,19,20,132000.0,0,GA4
2026-04-18,MC007,Facebook Ads,369,7,7,53000.0,1,Google Ads
2026-04-19,MC007,Facebook Ads,472,9,9,50000.0,0,Manual
2026-04-20,MC007,Facebook Ads,1366,21,21,144000.0,0,GA4
2026-04-21,MC007,Facebook Ads,1097,18,18,139000.0,0,Manual
2026-04-22,MC007,Facebook Ads,1506,29,28,168000.0,1,GA4
2026-04-23,MC007,Facebook Ads,859,15,14,108000.0,0,GA4
2026-04-24,MC007,Facebook Ads,869,15,18,100000.0,0,Manual
2026-04-25,MC007,Facebook Ads,540,10,9,75000.0,0,Meta
2026-04-26,MC007,Facebook Ads,709,12,12,82000.0,0,Meta
2026-04-27,MC007,Facebook Ads,1131,22,23,118000.0,1,CRM
2026-04-28,MC007,Facebook Ads,963,15,17,101000.0,0,CRM
2026-04-29,MC007,Facebook Ads,1243,20,19,122000.0,1,Manual
2026-04-30,MC007,Facebook Ads,991,18,20,136000.0,0,Google Ads
2026-05-01,MC007,Facebook Ads,1835,29,30,185000.0,0,GA4
2026-05-02,MC007,Facebook Ads,380,7,7,50000.0,0,Manual
2026-05-03,MC007,Facebook Ads,486,8,9,51000.0,1,Google Ads
2026-05-04,MC007,Facebook Ads,1371,27,25,176000.0,1,Google Ads
2026-05-05,MC007,Facebook Ads,1589,28,25,150000.0,0,GA4
2026-05-06,MC007,Facebook Ads,1779,31,34,196000.0,0,Google Ads
2026-05-07,MC007,Facebook Ads,528,11,10,82000.0,0,Manual
2026-05-08,MC007,Facebook,1742,25,24,175000.0,0,Google Ads
2026-05-09,MC007,Facebook Ads,372,7,7,49000.0,1,Meta
2026-05-10,MC007,Facebook Ads,556,8,8,53000.0,0,Google Ads
2026-05-11,MC007,FB Ads,1224,19,18,114000.0,0,GA4
2026-05-12,MC007,Facebook Ads,951,15,16,90000.0,2,GA4
2026-05-13,MC007,Facebook Ads,1271,23,21,169000.0,0,GA4
2026-05-14,MC007,Facebook Ads,961,19,22,114000.0,0,GA4
2026-05-15,MC007,Facebook Ads,930,19,21,132000.0,1,CRM
2026-05-16,MC007,Facebook Ads,704,13,13,78000.0,0,CRM
2026-05-17,MC007,Facebook Ads,309,7,7,53000.0,0,GA4
2026-05-18,MC007,Facebook Ads,1372,22,21,121000.0,1,Google Ads
2026-05-19,MC007,Facebook Ads,1211,18,18,132000.0,0,Meta
2026-05-20,MC007,Facebook,1252,25,23,178000.0,1,GA4
2026-05-21,MC007,Facebook Ads,1787,29,33,226000.0,0,GA4
2026-05-22,MC007,Facebook Ads,1636,25,23,191000.0,0,GA4
2026-05-23,MC007,Facebook Ads,445,8,9,61000.0,1,GA4
2026-05-24,MC007,Facebook Ads,562,10,11,54000.0,0,CRM
2026-05-25,MC007,Facebook Ads,1008,17,20,111000.0,0,Meta
2026-05-26,MC007,Facebook Ads,1160,20,20,111000.0,0,Google Ads
2026-05-27,MC007,Facebook Ads,1197,19,19,110000.0,1,Meta
2026-05-28,MC007,Facebook Ads,1124,21,20,132000.0,1,Meta
2026-05-29,MC007,Facebook Ads,1140,19,21,140000.0,0,Google Ads
2026-05-30,MC007,Facebook Ads,441,7,8,43000.0,0,GA4
2026-05-31,MC007,Facebook Ads,760,12,13,83000.0,0,CRM
2026-06-01,MC007,Facebook Ads,1298,23,23,171000.0,1,GA4
2026-06-02,MC007,Facebook Ads,993,18,19,115000.0,0,Meta
2026-06-03,MC007,Facebook Ads,1178,21,20,163000.0,1,GA4
2026-06-04,MC007,Facebook Ads,869,15,16,111000.0,0,CRM
2026-06-05,MC007,Facebook Ads,1411,28,25,180000.0,0,CRM
2026-06-06,MC007,Facebook Ads,573,9,8,50000.0,0,GA4
2026-06-07,MC007,Facebook Ads,416,9,10,52000.0,0,GA4
2026-06-08,MC007,Facebook Ads,1442,23,21,130000.0,1,GA4
2026-06-09,MC007,Facebook Ads,1107,20,19,143000.0,0,Manual
2026-06-10,MC007,Facebook Ads,1234,20,18,135000.0,0,CRM
2026-06-11,MC007,Facebook Ads,1235,20,17,116000.0,0,CRM
2026-06-12,MC007,Facebook Ads,1133,21,20,155000.0,1,GA4
2026-06-13,MC007,Facebook Ads,673,13,11,94000.0,0,CRM
2026-06-14,MC007,Facebook Ads,563,10,9,58000.0,0,Google Ads
2026-06-15,MC007,Facebook Ads,937,15,17,110000.0,1,Google Ads
2026-06-16,MC007,Facebook Ads,1123,17,17,130000.0,0,CRM
2026-06-17,MC007,Facebook Ads,687,13,11,75000.0,0,GA4
2026-06-18,MC007,Facebook Ads,918,18,17,124000.0,0,Manual
2026-06-19,MC007,Facebook Ads,738,17,14,108000.0,0,CRM
2026-06-20,MC007,Facebook Ads,371,7,6,46000.0,0,CRM
2026-06-21,MC007,Facebook Ads,297,5,5,30000.0,0,GA4
2026-06-22,MC007,Facebook Ads,755,15,14,93000.0,0,GA4
2026-06-23,MC007,Facebook Ads,815,17,17,100000.0,0,Meta
2026-06-24,MC007,Facebook Ads,855,16,16,107000.0,0,Google Ads
2026-06-25,MC007,Facebook Ads,1087,17,19,117000.0,0,CRM
2026-06-26,MC007,Facebook Ads,1020,24,23,151000.0,1,CRM
2026-06-27,MC007,Facebook Ads,440,8,9,62000.0,0,CRM
2026-06-28,MC007,Facebook Ads,135,2,3,14000.0,0,Manual
2026-06-29,MC007,Facebook Ads,1011,18,19,123000.0,0,Manual
2026-06-30,MC007,Facebook Ads,824,18,18,106000.0,0,Google Ads
2026-07-01,MC007,Facebook,1496,27,27,200000.0,1,GA4
2026-07-02,MC007,Facebook Ads,1242,21,19,162000.0,1,CRM
2026-07-03,MC007,Facebook Ads,1012,20,22,119000.0,0,GA4
2026-07-04,MC007,Facebook Ads,747,11,11,76000.0,1,Google Ads
2026-07-05,MC007,Facebook Ads,337,5,6,33000.0,1,Manual
2026-07-06,MC007,Facebook Ads,604,14,16,100000.0,0,Manual
2026-07-07,MC007,Facebook,727,14,14,78000.0,1,Google Ads
2026-07-08,MC007,Facebook Ads,1239,19,22,125000.0,2,CRM
2026-07-09,MC007,Facebook Ads,934,16,16,101000.0,0,CRM
2026-07-10,MC007,Facebook Ads,1052,20,19,139000.0,1,CRM
2026-07-11,MC007,Facebook Ads,506,8,9,55000.0,0,CRM
2026-07-12,MC007,Facebook Ads,212,3,4,17000.0,1,GA4
2026-07-13,MC007,Facebook Ads,1227,19,18,116000.0,0,CRM
2026-07-14,MC007,Facebook Ads,621,15,16,98000.0,0,CRM
2026-07-15,MC007,Facebook Ads,945,17,20,114000.0,0,GA4
2026-07-16,MC007,Facebook Ads,1174,18,16,107000.0,0,Manual
2026-07-17,MC007,Facebook Ads,628,12,13,90000.0,0,GA4
2026-07-18,MC007,Facebook Ads,548,9,10,56000.0,0,CRM
2026-07-19,MC007,Facebook Ads,211,4,4,22000.0,0,Manual
2026-07-20,MC007,Facebook Ads,1509,25,25,189000.0,0,GA4
2026-07-21,MC007,Facebook Ads,1521,21,22,127000.0,0,Google Ads
2026-07-22,MC007,Facebook Ads,1336,22,22,154000.0,0,GA4
2026-07-23,MC007,Facebook Ads,986,18,17,126000.0,1,Meta
2026-07-24,MC007,Facebook Ads,1062,17,17,125000.0,0,Manual
2026-07-25,MC007,Facebook Ads,363,5,5,28000.0,0,Manual
2026-07-26,MC007,Facebook Ads,439,8,9,43000.0,0,Manual
2026-07-27,MC007,Facebook Ads,953,20,18,110000.0,0,GA4
2026-07-28,MC007,Facebook Ads,664,12,13,74000.0,0,Google Ads
2026-07-29,MC007,Facebook Ads,945,18,19,122000.0,0,GA4
2026-07-30,MC007,Facebook Ads,648,11,14,74000.0,0,CRM
2026-07-31,MC007,Facebook Ads,657,11,12,83000.0,0,Google Ads
08-01-2026,MC007,Facebook Ads,221,4,5,30000.0,0,GA4
2026-08-02,MC007,Facebook Ads,466,9,8,68000.0,0,GA4
2026-08-03,MC007,Facebook Ads,1057,20,18,114000.0,0,GA4
2026-08-04,MC007,Facebook Ads,775,15,13,95000.0,0,Meta
2026-08-05,MC007,Facebook Ads,1278,22,24,119000.0,0,GA4
2026-08-06,MC007,Facebook Ads,1331,23,25,153000.0,0,GA4
2026-08-07,MC007,Facebook Ads,1087,21,18,148000.0,0,CRM
2026-08-08,MC007,Facebook Ads,448,8,8,50000.0,0,Manual
2026-08-09,MC007,Facebook Ads,624,11,10,61000.0,0,CRM
2026-08-10,MC007,Facebook Ads,847,13,14,73000.0,0,Manual
2026-08-11,MC007,Facebook Ads,1055,25,24,163000.0,1,Manual
2026-08-12,MC007,Facebook Ads,1153,22,26,141000.0,0,GA4
2026-08-13,MC007,Facebook Ads,1082,17,18,94000.0,0,CRM
2026-08-14,MC007,Facebook Ads,1898,34,30,209000.0,0,Google Ads
2026-08-15,MC007,Facebook Ads,359,8,7,56000.0,1,Google Ads
2026-08-16,MC007,Facebook Ads,435,10,10,75000.0,0,CRM
2026-08-17,MC007,Facebook Ads,1004,18,20,139000.0,0,Google Ads
2026-08-18,MC007,Facebook Ads,1044,15,15,117000.0,0,CRM
2026-08-19,MC007,Facebook Ads,595,13,14,72000.0,0,Meta
2026-08-20,MC007,Facebook Ads,1125,22,23,119000.0,0,CRM
2026-08-21,MC007,Facebook Ads,1315,21,21,142000.0,0,CRM
2026-08-22,MC007,Facebook Ads,586,10,10,72000.0,1,Google Ads
2026-08-23,MC007,Facebook Ads,523,10,11,62000.0,1,Meta
2026-08-24,MC007,Facebook Ads,1103,20,19,150000.0,0,GA4
2026-08-25,MC007,Facebook Ads,1163,22,24,160000.0,1,Meta
2026-08-26,MC007,Facebook Ads,1033,22,18,148000.0,0,CRM
2026-08-27,MC007,Facebook Ads,1232,18,16,140000.0,0,GA4
2026-08-28,MC007,Facebook Ads,1006,17,19,124000.0,0,GA4
2026-08-29,MC007,Facebook Ads,487,9,10,49000.0,0,CRM
2026-08-30,MC007,Facebook Ads,364,6,6,34000.0,0,Manual
2026-08-31,MC007,Facebook Ads,1324,21,21,164000.0,0,Manual
2025-03-13,MC008,Facebook Ads,1184,22,26,169000.0,1,CRM
2025-03-14,MC008,Facebook Ads,2087,27,25,160000.0,0,GA4
2025-03-15,MC008,Facebook Ads,348,6,6,41000.0,0,GA4
2025-03-16,MC008,Facebook Ads,830,15,15,88000.0,0,GA4
2025-03-17,MC008,FB Ads,1391,26,23,203000.0,0,CRM
2025-03-18,MC008,Facebook Ads,1256,27,27,149000.0,0,Manual
2025-03-19,MC008,Facebook Ads,1726,34,33,201000.0,0,Manual
2025-03-20,MC008,Facebook Ads,1227,23,24,130000.0,0,Meta
2025-03-21,MC008,Facebook Ads,2151,31,33,209000.0,0,CRM
2025-03-22,MC008,Facebook Ads,723,11,11,66000.0,0,GA4
2025-03-23,MC008,Facebook Ads,656,11,11,62000.0,0,Manual
2025-03-24,MC008,Facebook Ads,1512,29,24,216000.0,0,GA4
03-25-2025,MC008,Facebook Ads,1324,23,24,166000.0,0,Meta
2025-03-26,MC008,Facebook Ads,1208,31,26,211000.0,0,CRM
2025-03-27,MC008,Facebook Ads,933,19,17,142000.0,1,CRM
2025-03-28,MC008,Facebook Ads,1862,32,33,193000.0,0,GA4
2025-03-29,MC008,Facebook Ads,500,8,9,50000.0,0,Manual
2025-03-30,MC008,Facebook Ads,796,12,11,65000.0,0,CRM
2025-03-31,MC008,Facebook Ads,1648,29,31,155000.0,0,GA4
2025-04-01,MC008,Facebook Ads,1555,28,25,176000.0,0,GA4
2025-04-02,MC008,Facebook Ads,1752,38,36,227000.0,0,GA4
2025-04-03,MC008,Facebook Ads,1395,22,24,163000.0,1,Google Ads
2025-04-04,MC008,Facebook Ads,1287,21,22,143000.0,0,GA4
2025-04-05,MC008,Facebook Ads,880,15,16,105000.0,1,GA4
2025-04-06,MC008,Facebook Ads,470,9,10,62000.0,0,GA4
2025-04-07,MC008,Facebook Ads,1228,21,21,137000.0,0,GA4
2025-04-08,MC008,Facebook Ads,1519,28,31,218000.0,0,GA4
2025-04-09,MC008,Facebook Ads,1049,21,23,145000.0,0,Google Ads
2025-04-10,MC008,Facebook Ads,1076,24,25,170000.0,0,GA4
2025-04-11,MC008,Facebook Ads,1456,25,25,167000.0,0,CRM
2025-04-12,MC008,Facebook Ads,746,11,12,76000.0,0,GA4
2025-04-13,MC008,Facebook Ads,1042,18,19,104000.0,1,Google Ads
2025-04-14,MC008,Facebook Ads,1609,30,26,167000.0,0,Meta
2025-04-15,MC008,Facebook Ads,2101,42,37,299000.0,1,Manual
2025-04-16,MC008,Facebook Ads,1785,33,31,181000.0,0,Meta
2025-04-17,MC008,Facebook Ads,1456,22,25,120000.0,0,Manual
2025-04-18,MC008,Facebook Ads,1726,36,35,197000.0,0,CRM
2025-04-19,MC008,Facebook Ads,569,12,13,71000.0,0,Meta
2025-04-20,MC008,Facebook Ads,648,10,11,55000.0,0,Manual
2025-04-21,MC008,Facebook Ads,989,19,21,109000.0,2,GA4
2025-04-22,MC008,Facebook Ads,2143,41,36,306000.0,0,Meta
2025-04-23,MC008,Facebook Ads,1870,24,27,182000.0,0,Google Ads
2025-04-24,MC008,Facebook Ads,1462,26,24,154000.0,0,GA4
2025-04-25,MC008,Facebook Ads,1198,22,24,138000.0,1,Meta
2025-04-26,MC008,FB Ads,918,17,18,101000.0,0,GA4
2025-04-27,MC008,Facebook Ads,721,14,14,107000.0,1,Meta
2025-04-28,MC008,Facebook Ads,1320,26,27,186000.0,0,CRM
2025-04-29,MC008,Facebook Ads,1537,30,28,226000.0,0,CRM
2025-04-30,MC008,Facebook Ads,1148,21,24,121000.0,0,CRM
2025-05-01,MC008,Facebook Ads,1194,24,24,134000.0,1,GA4
2025-05-02,MC008,Meta Ads,1697,32,36,179000.0,0,GA4
2025-05-03,MC008,Facebook Ads,803,10,11,72000.0,0,Meta
2025-05-04,MC008,Meta Ads,447,7,7,43000.0,0,Google Ads
2025-05-05,MC008,Facebook Ads,1278,22,22,149000.0,0,GA4
2025-05-06,MC008,Facebook Ads,1125,24,27,136000.0,0,CRM
2025-05-07,MC008,Facebook Ads,2210,32,29,202000.0,0,Google Ads
2025-05-08,MC008,Facebook Ads,1427,28,32,165000.0,0,CRM
2025-05-09,MC008,Facebook Ads,1873,31,29,238000.0,0,CRM
2025-05-10,MC008,Facebook Ads,643,11,12,61000.0,0,GA4
2025-05-11,MC008,Facebook Ads,740,13,14,91000.0,1,Manual
2025-05-12,MC008,Facebook Ads,1125,21,22,146000.0,0,GA4
2025-05-13,MC008,Facebook Ads,1910,31,28,236000.0,1,GA4
2025-05-14,MC008,Facebook Ads,1871,31,28,201000.0,0,GA4
2025-05-15,MC008,Facebook Ads,1846,27,30,185000.0,0,GA4
2025-05-16,MC008,Facebook Ads,1551,26,28,183000.0,0,CRM
2025-05-17,MC008,Facebook Ads,806,18,16,129000.0,0,CRM
2025-05-18,MC008,Facebook Ads,510,10,11,54000.0,0,Google Ads
2025-05-19,MC008,Facebook Ads,1492,27,26,179000.0,1,Meta
2025-05-20,MC008,Facebook Ads,2203,28,32,171000.0,2,Manual
2025-05-21,MC008,Facebook Ads,1596,28,31,208000.0,0,Manual
2025-05-22,MC008,Facebook Ads,1592,33,35,220000.0,0,CRM
2025-05-23,MC008,Facebook Ads,1453,21,20,148000.0,0,CRM
2025-05-24,MC008,Facebook Ads,795,13,15,95000.0,0,GA4
2025-05-25,MC008,Facebook Ads,653,13,14,71000.0,1,Meta
2025-05-26,MC008,Facebook Ads,1495,31,29,176000.0,1,GA4
2025-05-27,MC008,Facebook Ads,1560,30,28,190000.0,0,GA4
2025-05-28,MC008,Facebook Ads,1260,22,20,154000.0,1,Meta
2025-05-29,MC008,Facebook Ads,1732,29,30,220000.0,0,CRM
2025-05-30,MC008,Facebook Ads,1262,24,22,171000.0,1,GA4
2025-05-31,MC008,Facebook Ads,678,12,12,77000.0,0,GA4
2025-06-01,MC008,Facebook Ads,638,11,9,63000.0,0,Google Ads
2025-06-02,MC008,Facebook Ads,1336,21,24,144000.0,0,Manual
2025-06-03,MC008,Facebook Ads,1307,21,24,131000.0,0,Meta
2025-06-04,MC008,Facebook Ads,1448,28,27,180000.0,0,Meta
2025-06-05,MC008,Facebook Ads,1505,27,30,181000.0,0,GA4
2025-06-06,MC008,Facebook Ads,1271,24,21,180000.0,0,Google Ads
2025-06-07,MC008,Facebook Ads,461,9,9,64000.0,1,Meta
2025-06-08,MC008,Facebook Ads,571,12,11,73000.0,0,Manual
2025-06-09,MC008,Facebook Ads,1683,27,24,151000.0,0,CRM
2025-06-10,MC008,Facebook Ads,807,18,16,98000.0,0,Meta
2025-06-11,MC008,Facebook Ads,1157,26,29,160000.0,0,CRM
2025-06-12,MC008,Facebook Ads,1585,29,26,203000.0,2,CRM
2025-06-13,MC008,Facebook Ads,1679,29,33,187000.0,0,GA4
2025-06-14,MC008,Facebook Ads,331,7,8,50000.0,0,Google Ads
2025-06-15,MC008,Facebook Ads,410,7,8,54000.0,0,Google Ads
2025-06-16,MC008,Facebook Ads,737,19,20,116000.0,0,CRM
2025-06-17,MC008,Facebook Ads,1074,19,18,143000.0,0,Manual
2025-06-18,MC008,Facebook Ads,1895,28,27,213000.0,0,CRM
2025-06-19,MC008,Facebook Ads,1492,27,26,179000.0,1,GA4
2025-06-20,MC008,Facebook Ads,2107,41,36,274000.0,0,GA4
2025-06-21,MC008,Facebook Ads,588,12,10,66000.0,0,Meta
2025-06-22,MC008,Facebook Ads,395,7,8,45000.0,0,CRM
2025-06-23,MC008,Facebook Ads,1247,26,28,191000.0,0,Google Ads
2025-06-24,MC008,Facebook Ads,1073,22,23,132000.0,0,GA4
2025-06-25,MC008,Facebook Ads,1130,25,25,166000.0,0,CRM
2025-06-26,MC008,Facebook Ads,1024,21,21,130000.0,0,GA4
2025-06-27,MC008,Facebook,2002,37,31,255000.0,0,Google Ads
2025-06-28,MC008,Facebook Ads,338,6,7,41000.0,1,Manual
2025-06-29,MC008,Facebook Ads,988,23,19,127000.0,0,GA4
2025-06-30,MC008,Facebook Ads,1222,25,22,140000.0,1,GA4
2025-07-01,MC008,Facebook Ads,1533,39,33,274000.0,0,Manual
2025-07-02,MC008,Facebook Ads,1605,30,28,199000.0,1,Google Ads
2025-07-03,MC008,Facebook Ads,1667,23,22,153000.0,1,GA4
2025-07-04,MC008,Facebook Ads,1180,23,21,171000.0,1,GA4
2025-07-05,MC008,Facebook Ads,438,8,8,54000.0,1,CRM
2025-07-06,MC008,Facebook Ads,480,8,10,52000.0,0,CRM
2025-07-07,MC008,Facebook Ads,996,20,20,151000.0,1,Manual
2025-07-08,MC008,Facebook Ads,1879,36,29,256000.0,0,Meta
2025-07-09,MC008,FB Ads,1178,24,24,141000.0,0,Google Ads
2025-07-10,MC008,Facebook Ads,852,19,18,125000.0,0,Manual
2025-07-11,MC008,Facebook Ads,2005,37,36,263000.0,0,Google Ads
2025-07-12,MC008,Facebook Ads,786,15,13,106000.0,0,GA4
2025-07-13,MC008,Facebook Ads,542,9,10,62000.0,0,GA4
2025-07-14,MC008,Facebook Ads,1664,38,33,250000.0,0,Google Ads
2025-07-15,MC008,Facebook Ads,1476,27,26,164000.0,1,GA4
2025-07-16,MC008,Facebook Ads,1613,31,30,194000.0,0,GA4
2025-07-17,MC008,Facebook Ads,1409,25,29,178000.0,1,GA4
2025-07-18,MC008,Facebook Ads,1270,25,24,161000.0,1,Meta
2025-07-19,MC008,Facebook Ads,394,8,8,61000.0,1,CRM
2025-07-20,MC008,Facebook Ads,536,10,11,61000.0,0,Google Ads
2025-07-21,MC008,Facebook Ads,1834,32,29,190000.0,0,Manual
2025-07-22,MC008,Facebook Ads,1836,35,32,188000.0,0,Manual
2025-07-23,MC008,Facebook Ads,1720,25,22,171000.0,0,Google Ads
2025-07-24,MC008,Facebook Ads,1360,29,30,215000.0,0,Google Ads
2025-07-25,MC008,Facebook Ads,1082,19,21,134000.0,0,CRM
2025-07-26,MC008,Facebook Ads,747,14,16,96000.0,0,Manual
2025-07-27,MC008,Facebook Ads,647,10,11,56000.0,0,Google Ads
2025-07-28,MC008,Facebook Ads,1733,25,23,149000.0,0,GA4
2025-07-29,MC008,Facebook Ads,1914,29,28,197000.0,0,GA4
2025-07-30,MC008,FB Ads,1395,22,23,148000.0,0,Manual
2025-07-31,MC008,Facebook Ads,1525,27,25,210000.0,1,CRM
2025-08-01,MC008,Facebook Ads,2183,42,36,301000.0,0,Meta
2025-08-02,MC008,Facebook Ads,529,10,10,62000.0,1,Google Ads
2025-08-03,MC008,Facebook Ads,653,11,11,60000.0,1,GA4
2025-08-04,MC008,Facebook Ads,1271,22,18,165000.0,0,Meta
2025-08-05,MC008,FB Ads,1362,25,24,135000.0,0,Manual
2025-08-06,MC008,Facebook,1677,31,28,224000.0,0,Google Ads
2025-08-07,MC008,Facebook Ads,2401,44,40,296000.0,0,Google Ads
2025-08-08,MC008,FB Ads,1928,38,34,296000.0,0,Google Ads
2025-08-09,MC008,Facebook Ads,662,13,15,77000.0,0,CRM
2025-08-10,MC008,Facebook Ads,559,8,8,43000.0,0,CRM
2025-08-11,MC008,Facebook Ads,2200,36,34,249000.0,0,CRM
2025-08-12,MC008,Facebook Ads,1704,34,34,238000.0,0,GA4
2025-08-13,MC008,Facebook Ads,2053,35,33,194000.0,0,CRM
2025-08-14,MC008,Meta Ads,1486,24,28,173000.0,0,CRM
2025-08-15,MC008,Facebook Ads,1240,22,19,157000.0,0,GA4
2025-08-16,MC008,Meta Ads,806,17,18,103000.0,2,GA4
2025-08-17,MC008,Facebook Ads,829,14,14,80000.0,0,GA4
2025-08-18,MC008,Facebook Ads,1152,19,22,137000.0,0,GA4
2025-08-19,MC008,Facebook Ads,1496,22,25,134000.0,0,CRM
2025-08-20,MC008,Facebook Ads,2304,41,37,225000.0,0,Meta
2025-08-21,MC008,Facebook Ads,1740,33,30,209000.0,0,GA4
2025-08-22,MC008,Facebook Ads,1560,28,26,188000.0,1,CRM
2025-08-23,MC008,Facebook Ads,359,6,7,42000.0,0,GA4
2025-08-24,MC008,Facebook Ads,346,7,7,48000.0,1,GA4
2025-08-25,MC008,Facebook Ads,2179,35,35,259000.0,0,GA4
2025-08-26,MC008,Facebook Ads,1278,25,28,150000.0,0,GA4
2025-08-27,MC008,FB Ads,2318,25,24,145000.0,1,GA4
2025-08-28,MC008,Facebook Ads,1775,27,26,158000.0,1,Meta
2025-08-29,MC008,Facebook Ads,1085,21,22,125000.0,1,CRM
2025-08-30,MC008,Facebook Ads,898,16,15,90000.0,0,Google Ads
2025-08-31,MC008,Facebook Ads,519,11,11,75000.0,1,Manual
2025-09-01,MC008,Facebook,1901,33,29,221000.0,0,Manual
2025-09-02,MC008,Facebook Ads,1229,24,22,178000.0,1,Google Ads
2025-09-03,MC008,Facebook Ads,1598,27,23,199000.0,2,GA4
2025-09-04,MC008,Facebook Ads,1454,24,27,141000.0,0,GA4
2025-09-05,MC008,Facebook Ads,1231,23,23,149000.0,1,Google Ads
2025-09-06,MC008,Facebook Ads,271,5,5,29000.0,0,GA4
2025-09-07,MC008,Facebook Ads,1080,18,19,125000.0,0,CRM
2025-09-08,MC008,Facebook Ads,1263,23,21,151000.0,0,Google Ads
2025-09-09,MC008,Facebook Ads,1205,25,26,142000.0,0,GA4
2025-09-10,MC008,Facebook Ads,1778,34,35,239000.0,0,GA4
2025-09-11,MC008,Facebook Ads,1258,23,26,155000.0,0,GA4
2025-09-12,MC008,Facebook Ads,1074,20,22,148000.0,0,CRM
2025-09-13,MC008,Meta Ads,924,16,16,95000.0,1,GA4
2025-09-14,MC008,Facebook Ads,379,7,7,48000.0,0,CRM
2025-09-15,MC008,Facebook Ads,1731,33,33,215000.0,0,Manual
2025-09-16,MC008,Facebook Ads,1032,20,20,131000.0,0,Manual
2025-09-17,MC008,Facebook Ads,2034,41,35,294000.0,0,GA4
2025-09-18,MC008,Facebook Ads,1898,40,34,262000.0,1,Google Ads
2025-09-19,MC008,Facebook Ads,1649,34,30,257000.0,2,GA4
2025-09-20,MC008,Facebook Ads,522,10,11,78000.0,1,GA4
2025-09-21,MC008,Facebook Ads,391,6,7,39000.0,0,GA4
2025-09-22,MC008,Facebook Ads,1483,27,25,189000.0,0,GA4
2025-09-23,MC008,Facebook Ads,2786,41,38,284000.0,1,GA4
2025-09-24,MC008,Facebook Ads,1281,20,23,124000.0,0,GA4
2025-09-25,MC008,Facebook Ads,1169,22,25,149000.0,0,Google Ads
2025-09-26,MC008,Facebook Ads,1869,39,37,261000.0,0,Google Ads
2025-09-27,MC008,Facebook Ads,679,11,10,76000.0,0,GA4
2025-09-28,MC008,Facebook Ads,595,11,13,65000.0,0,GA4
2025-09-29,MC008,Meta Ads,1603,34,31,241000.0,0,Meta
2025-09-30,MC008,Facebook Ads,1789,31,32,191000.0,0,Manual
2025-10-01,MC008,Facebook Ads,1764,30,32,188000.0,0,Google Ads
2025-10-02,MC008,Facebook Ads,2098,33,30,217000.0,0,CRM
2025-10-03,MC008,Facebook Ads,2099,36,37,226000.0,0,GA4
2025-10-04,MC008,Facebook Ads,1035,14,14,78000.0,0,CRM
2025-10-05,MC008,Facebook Ads,672,12,14,91000.0,0,Google Ads
2025-10-06,MC008,Facebook Ads,2243,35,34,261000.0,0,CRM
2025-10-07,MC008,Facebook Ads,2095,38,39,246000.0,0,GA4
2025-10-08,MC008,Facebook Ads,2081,34,36,229000.0,0,CRM
2025-10-09,MC008,Facebook Ads,2931,54,50,341000.0,0,GA4
2025-10-10,MC008,Facebook Ads,2447,39,38,220000.0,0,Meta
2025-10-11,MC008,Facebook Ads,733,13,13,98000.0,1,CRM
2025-10-12,MC008,Facebook Ads,1174,16,17,123000.0,0,CRM
2025-10-13,MC008,Facebook Ads,1912,31,30,223000.0,0,CRM
2025-10-14,MC008,Facebook Ads,2544,40,37,278000.0,0,GA4
2025-10-15,MC008,Facebook Ads,1441,32,32,201000.0,0,Manual
2025-10-16,MC008,Facebook,2678,36,33,236000.0,0,GA4
2025-10-17,MC008,Facebook Ads,3194,48,44,365000.0,0,Manual
2025-10-18,MC008,Facebook Ads,479,10,11,61000.0,0,Manual
2025-10-19,MC008,Facebook Ads,967,18,17,104000.0,0,GA4
2025-10-20,MC008,Facebook Ads,2011,38,39,204000.0,1,Google Ads
2025-10-21,MC008,Facebook Ads,2090,39,39,300000.0,2,Meta
2025-10-22,MC008,Facebook Ads,2007,30,31,215000.0,0,CRM
2025-10-23,MC008,Facebook Ads,1641,32,30,225000.0,0,Manual
2025-10-24,MC008,Facebook Ads,2712,48,41,273000.0,0,CRM
2025-10-25,MC008,Meta Ads,829,13,14,88000.0,0,Manual
2025-10-26,MC008,Facebook Ads,577,12,12,85000.0,0,Meta
2025-10-27,MC008,Facebook Ads,1697,27,31,186000.0,0,CRM
2025-10-28,MC008,Facebook Ads,1542,25,29,193000.0,0,GA4
2025-10-29,MC008,Facebook Ads,2000,39,37,215000.0,0,CRM
2025-10-30,MC008,Facebook Ads,1464,30,29,209000.0,0,GA4
2025-10-31,MC008,Meta Ads,1896,32,35,205000.0,0,Google Ads
2025-11-01,MC008,Facebook Ads,847,17,17,109000.0,0,GA4
2025-11-02,MC008,FB Ads,554,11,12,75000.0,1,Google Ads
2025-11-03,MC008,Facebook Ads,2106,40,41,229000.0,0,GA4
2025-11-04,MC008,Facebook Ads,1215,25,24,177000.0,0,CRM
2025-11-05,MC008,Facebook Ads,2146,40,36,266000.0,1,Google Ads
2025-11-06,MC008,Facebook Ads,2856,41,36,219000.0,0,Google Ads
2025-11-07,MC008,Facebook Ads,2511,45,43,336000.0,1,Manual
2025-11-08,MC008,Facebook Ads,685,12,11,66000.0,0,Meta
2025-11-09,MC008,Facebook Ads,894,17,18,131000.0,0,GA4
2025-11-10,MC008,Facebook Ads,2738,45,45,349000.0,0,Manual
2025-11-11,MC008,Facebook Ads,2616,47,39,278000.0,1,GA4
2025-11-12,MC008,Facebook Ads,1732,32,34,244000.0,0,CRM
2025-11-13,MC008,Facebook Ads,1322,29,29,184000.0,0,CRM
2025-11-14,MC008,Facebook Ads,1728,32,29,236000.0,0,GA4
2025-11-15,MC008,Facebook Ads,785,13,12,82000.0,1,GA4
2025-11-16,MC008,Facebook Ads,391,7,9,45000.0,1,GA4
2025-11-17,MC008,Facebook Ads,2677,47,41,274000.0,0,Manual
2025-11-18,MC008,Facebook Ads,2365,42,46,279000.0,2,GA4
2025-11-19,MC008,Facebook Ads,1560,25,25,161000.0,0,Meta
2025-11-20,MC008,Facebook Ads,2642,39,39,222000.0,0,Google Ads
2025-11-21,MC008,Facebook Ads,1650,34,37,262000.0,0,GA4
2025-11-22,MC008,Facebook Ads,803,15,17,92000.0,1,Meta
2025-11-23,MC008,Facebook Ads,631,13,11,93000.0,0,Google Ads
2025-11-24,MC008,Facebook Ads,1751,35,39,265000.0,0,GA4
2025-11-25,MC008,Facebook Ads,1568,35,34,259000.0,0,GA4
2025-11-26,MC008,Facebook Ads,2513,37,40,219000.0,0,Meta
2025-11-27,MC008,Facebook Ads,2015,41,37,292000.0,0,Manual
2025-11-28,MC008,Facebook Ads,2363,38,39,281000.0,0,CRM
11-29-2025,MC008,Facebook Ads,192,4,4,26000.0,1,Manual
2025-11-30,MC008,Facebook Ads,867,14,13,76000.0,0,GA4
2025-12-01,MC008,Facebook Ads,1763,38,37,287000.0,0,Google Ads
2025-12-02,MC008,Facebook Ads,2058,35,32,206000.0,1,Manual
2025-12-03,MC008,Facebook Ads,1804,34,38,252000.0,0,Google Ads
2025-12-04,MC008,Facebook Ads,1781,32,34,178000.0,0,GA4
2025-01-14,MC009,Facebook Ads,2681,42,39,281000.0,0,Manual
2025-01-15,MC009,Facebook Ads,1127,22,24,171000.0,1,CRM
2025-01-16,MC009,Facebook Ads,1382,29,30,158000.0,1,Meta
2025-01-17,MC009,Facebook Ads,1486,31,32,223000.0,0,CRM
2025-01-18,MC009,Facebook Ads,451,8,8,49000.0,0,GA4
2025-01-19,MC009,Facebook Ads,935,20,18,139000.0,0,Manual
2025-01-20,MC009,Facebook Ads,1197,27,27,167000.0,0,Manual
2025-01-21,MC009,Facebook Ads,1814,34,34,210000.0,0,Meta
2025-01-22,MC009,Facebook Ads,1351,23,27,171000.0,1,CRM
2025-01-23,MC009,Facebook Ads,1379,26,25,160000.0,0,Meta
2025-01-24,MC009,Facebook Ads,1288,28,25,208000.0,0,GA4
2025-01-25,MC009,Facebook Ads,570,11,10,82000.0,0,Google Ads
2025-01-26,MC009,Facebook Ads,678,13,14,94000.0,0,Manual
2025-01-27,MC009,Meta Ads,1684,25,24,157000.0,0,Meta
2025-01-28,MC009,Facebook Ads,1298,23,22,126000.0,1,Google Ads
2025-01-29,MC009,Facebook Ads,1363,27,25,156000.0,1,CRM
2025-01-30,MC009,Meta Ads,1622,34,29,201000.0,0,Meta
2025-01-31,MC009,Facebook Ads,1139,22,19,139000.0,0,Manual
2025-02-01,MC009,Facebook Ads,594,12,12,65000.0,1,CRM
2025-02-02,MC009,Facebook Ads,249,5,5,34000.0,0,CRM
2025-02-03,MC009,Facebook Ads,949,21,20,139000.0,0,CRM
2025-02-04,MC009,Facebook Ads,1064,20,18,127000.0,0,Meta
2025-02-05,MC009,Facebook Ads,989,19,17,130000.0,0,GA4
2025-02-06,MC009,Facebook Ads,1043,20,18,128000.0,1,GA4
07/02/2025,MC009,Facebook Ads,751,15,15,94000.0,0,GA4
2025-02-08,MC009,Meta Ads,398,8,7,43000.0,0,GA4
2025-02-09,MC009,Facebook Ads,1055,14,16,87000.0,1,CRM
2025-02-10,MC009,FB Ads,744,11,11,65000.0,0,GA4
2025-02-11,MC009,Facebook Ads,700,12,14,83000.0,0,Google Ads
2025-02-12,MC009,Facebook Ads,1416,25,26,135000.0,0,CRM
2025-02-13,MC009,Facebook Ads,1430,23,23,157000.0,0,Google Ads
2025-02-14,MC009,Facebook Ads,961,16,19,99000.0,0,Manual
2025-02-15,MC009,Facebook Ads,344,7,7,45000.0,0,Google Ads
2025-02-16,MC009,Facebook Ads,540,10,10,67000.0,0,CRM
2025-02-17,MC009,Facebook Ads,1156,18,18,102000.0,1,CRM
2025-02-18,MC009,Facebook Ads,753,15,14,96000.0,1,GA4
2025-02-19,MC009,Facebook Ads,1046,17,16,104000.0,0,GA4
2025-02-20,MC009,Facebook Ads,876,19,19,107000.0,0,GA4
2025-02-21,MC009,Facebook Ads,1424,26,27,182000.0,1,CRM
2025-02-22,MC009,Facebook Ads,643,7,7,45000.0,0,CRM
2025-02-23,MC009,Facebook Ads,570,11,12,61000.0,0,CRM
2025-02-24,MC009,Facebook Ads,1638,27,26,195000.0,1,Google Ads
2025-02-25,MC009,Facebook Ads,1102,20,17,148000.0,0,CRM
2025-02-26,MC009,Facebook Ads,879,17,18,130000.0,0,CRM
2025-02-27,MC009,Facebook Ads,1026,21,20,143000.0,1,Manual
2025-02-28,MC009,Facebook Ads,1142,23,22,128000.0,1,Manual
2025-03-01,MC009,Meta Ads,852,15,15,103000.0,0,GA4
2025-03-02,MC009,Facebook Ads,495,10,10,59000.0,0,Google Ads
2025-03-03,MC009,Facebook,1535,27,29,160000.0,1,GA4
2025-03-04,MC009,Facebook Ads,1460,24,26,172000.0,0,Manual
2025-03-05,MC009,Facebook Ads,1187,32,31,182000.0,0,Meta
2025-03-06,MC009,Facebook Ads,1610,26,29,175000.0,0,Google Ads
2025-03-07,MC009,Facebook Ads,1280,27,27,195000.0,0,GA4
2025-03-08,MC009,Facebook Ads,798,15,14,94000.0,0,GA4
2025-03-09,MC009,Facebook Ads,349,6,6,42000.0,0,Google Ads
2025-03-10,MC009,Facebook Ads,1596,36,30,261000.0,0,CRM
2025-03-11,MC009,Facebook Ads,1655,31,29,180000.0,0,GA4
2025-03-12,MC009,FB Ads,1210,23,25,158000.0,0,CRM
2025-03-13,MC009,Facebook Ads,1638,28,29,207000.0,1,GA4
2025-03-14,MC009,Facebook Ads,2021,34,33,202000.0,0,Manual
2025-03-15,MC009,Facebook Ads,536,9,8,64000.0,0,Meta
2025-03-16,MC009,Facebook Ads,500,8,8,45000.0,1,Google Ads
2025-03-17,MC009,Facebook Ads,1493,29,30,187000.0,1,CRM
2025-03-18,MC009,FB Ads,1434,27,31,176000.0,0,Manual
2025-03-19,MC009,Facebook Ads,1914,35,38,187000.0,1,GA4
2025-03-20,MC009,Facebook Ads,1509,34,34,252000.0,0,GA4
2025-03-21,MC009,Facebook Ads,1215,23,21,178000.0,0,Manual
2025-03-22,MC009,Facebook Ads,652,14,15,95000.0,1,Meta
2025-03-23,MC009,Facebook Ads,930,16,16,102000.0,0,GA4
2025-03-24,MC009,Facebook Ads,1326,26,26,149000.0,0,GA4
2025-03-25,MC009,Facebook Ads,2089,35,31,193000.0,0,CRM
03-26-2025,MC009,Facebook Ads,1162,24,27,152000.0,1,Meta
2025-03-27,MC009,Facebook Ads,1818,35,34,240000.0,0,CRM
2025-03-28,MC009,Facebook Ads,1752,27,27,183000.0,1,GA4
2025-03-29,MC009,Facebook Ads,548,11,10,66000.0,0,CRM
2025-03-30,MC009,Facebook Ads,682,10,11,68000.0,1,GA4
2025-03-31,MC009,Facebook Ads,1416,32,26,193000.0,1,CRM
2025-04-01,MC009,Facebook Ads,2470,32,28,197000.0,0,Google Ads
2025-04-02,MC009,Facebook Ads,1042,18,19,112000.0,0,GA4
2025-04-03,MC009,Facebook Ads,914,17,19,97000.0,0,Meta
2025-04-04,MC009,Facebook Ads,1538,28,27,171000.0,0,Google Ads
2025-04-05,MC009,Facebook Ads,780,14,16,109000.0,0,CRM
2025-04-06,MC009,Facebook Ads,1057,13,14,96000.0,0,Meta
2025-04-07,MC009,Facebook Ads,1448,29,28,160000.0,0,GA4
2025-04-08,MC009,Facebook Ads,1546,30,34,231000.0,0,Manual
2025-04-09,MC009,Facebook Ads,1325,30,29,215000.0,0,CRM
2025-04-10,MC009,Facebook Ads,1628,27,25,173000.0,0,GA4
2025-04-11,MC009,Facebook Ads,1221,29,32,183000.0,0,GA4
2025-04-12,MC009,Facebook Ads,764,16,14,86000.0,0,Google Ads
2025-04-13,MC009,Facebook Ads,611,9,9,65000.0,0,GA4
2025-04-14,MC009,Facebook Ads,1756,26,30,176000.0,0,CRM
2025-04-15,MC009,Facebook Ads,1358,20,20,144000.0,2,Manual
2025-04-16,MC009,Facebook Ads,1476,22,22,133000.0,0,CRM
2025-04-17,MC009,Facebook Ads,1605,29,29,181000.0,0,GA4
2025-04-18,MC009,Facebook Ads,1713,31,31,241000.0,1,GA4
2025-04-19,MC009,Facebook Ads,804,12,14,68000.0,0,GA4
2025-04-20,MC009,Facebook Ads,483,9,9,64000.0,0,CRM
2025-04-21,MC009,Facebook Ads,2195,40,34,246000.0,1,GA4
2025-04-22,MC009,Facebook Ads,1502,25,23,141000.0,0,Google Ads
2025-04-23,MC009,Facebook Ads,1225,25,27,139000.0,1,CRM
2025-04-24,MC009,Facebook Ads,1799,36,33,262000.0,1,Google Ads
2025-04-25,MC009,Facebook Ads,1267,25,25,193000.0,1,Meta
2025-04-26,MC009,Facebook Ads,463,10,11,61000.0,0,Manual
2025-04-27,MC009,Facebook Ads,712,14,15,75000.0,0,Meta
2025-04-28,MC009,Facebook Ads,2169,26,28,183000.0,1,Manual
2025-04-29,MC009,FB Ads,2143,41,42,246000.0,1,Google Ads
2025-04-30,MC009,Facebook Ads,1238,21,23,160000.0,1,Google Ads
2025-05-01,MC009,Facebook Ads,1742,33,36,230000.0,0,GA4
2025-05-02,MC009,FB Ads,1825,36,36,274000.0,1,Meta
2025-05-03,MC009,Facebook Ads,1068,15,15,93000.0,0,Google Ads
2025-05-04,MC009,Facebook Ads,599,10,11,61000.0,0,CRM
2025-05-05,MC009,Facebook Ads,1776,31,28,189000.0,1,Meta
2025-05-06,MC009,Facebook Ads,1752,29,31,158000.0,1,Manual
2025-05-07,MC009,Facebook Ads,1415,32,30,194000.0,0,CRM
2025-05-08,MC009,Facebook Ads,1274,20,24,154000.0,0,CRM
2025-05-09,MC009,Facebook Ads,1437,29,31,205000.0,0,CRM
2025-05-10,MC009,Facebook Ads,684,11,12,64000.0,0,GA4
2025-05-11,MC009,Facebook Ads,393,6,6,35000.0,1,Manual
2025-05-12,MC009,Facebook Ads,1198,22,25,153000.0,0,Manual
2025-05-13,MC009,Facebook Ads,2183,46,41,349000.0,0,GA4
2025-05-14,MC009,Facebook Ads,3126,46,42,247000.0,1,CRM
2025-05-15,MC009,Facebook Ads,1775,37,38,262000.0,1,Manual
2025-05-16,MC009,Facebook Ads,1696,30,29,187000.0,0,GA4
2025-05-17,MC009,Facebook Ads,471,9,9,64000.0,0,GA4
2025-05-18,MC009,Facebook Ads,480,9,11,48000.0,0,GA4
2025-05-19,MC009,Facebook Ads,1185,27,28,155000.0,1,CRM
2025-05-20,MC009,Facebook Ads,1962,33,28,198000.0,0,GA4
2025-05-21,MC009,Facebook Ads,1619,31,31,172000.0,0,GA4
2025-05-22,MC009,Facebook Ads,1103,22,21,147000.0,1,Google Ads
2025-05-23,MC009,Facebook Ads,1445,24,26,139000.0,1,GA4
2025-05-24,MC009,Facebook Ads,256,4,5,28000.0,1,Meta
2025-05-25,MC009,Facebook Ads,1106,17,16,126000.0,1,Manual
2025-05-26,MC009,Facebook Ads,1149,20,23,113000.0,0,GA4
2025-05-27,MC009,Facebook Ads,1418,24,28,147000.0,0,Google Ads
2025-05-28,MC009,Facebook Ads,962,20,21,118000.0,0,Google Ads
2025-05-29,MC009,Facebook,2450,36,34,269000.0,0,GA4
2025-05-30,MC009,Facebook Ads,2092,36,37,279000.0,1,GA4
2025-05-31,MC009,Facebook Ads,738,13,15,101000.0,1,Meta
2025-06-01,MC009,Facebook Ads,1101,18,16,133000.0,0,GA4
2025-06-02,MC009,Facebook Ads,1106,25,29,133000.0,1,Google Ads
2025-06-03,MC009,Facebook Ads,1813,28,27,207000.0,0,CRM
2025-06-04,MC009,Facebook Ads,872,16,16,97000.0,0,GA4
2025-06-05,MC009,Meta Ads,1496,28,24,205000.0,0,GA4
2025-06-06,MC009,Facebook Ads,990,22,24,163000.0,0,Meta
2025-06-07,MC009,Facebook Ads,514,10,10,70000.0,1,Meta
2025-06-08,MC009,Facebook,848,14,13,88000.0,0,GA4
2025-06-09,MC009,Facebook Ads,1255,23,19,136000.0,1,Google Ads
2025-06-10,MC009,Facebook Ads,1200,22,22,170000.0,0,Google Ads
2025-06-11,MC009,Facebook Ads,995,20,19,133000.0,0,CRM
2025-06-12,MC009,Facebook Ads,1872,32,29,233000.0,1,GA4
2025-06-13,MC009,Facebook Ads,1615,25,24,158000.0,0,CRM
2025-06-14,MC009,Facebook Ads,888,15,14,92000.0,0,Google Ads
2025-06-15,MC009,Facebook Ads,655,11,13,67000.0,0,GA4
2025-06-16,MC009,Facebook,1779,32,34,236000.0,0,GA4
2025-06-17,MC009,Facebook Ads,2242,40,35,234000.0,0,CRM
2025-06-18,MC009,Facebook Ads,1516,26,24,174000.0,0,CRM
2025-06-19,MC009,Facebook Ads,1842,35,33,262000.0,1,Manual
2025-06-20,MC009,Facebook Ads,2345,35,31,252000.0,0,CRM
2025-06-21,MC009,Facebook Ads,912,15,14,111000.0,0,GA4
2025-06-22,MC009,Facebook Ads,383,7,8,44000.0,0,GA4
2025-06-23,MC009,Facebook Ads,1350,23,21,167000.0,0,CRM
2025-06-24,MC009,Facebook Ads,626,13,14,86000.0,0,CRM
2025-06-25,MC009,FB Ads,2277,34,33,203000.0,0,GA4
2025-06-26,MC009,Facebook,1901,30,27,229000.0,0,Google Ads
2025-06-27,MC009,Facebook Ads,1118,22,20,130000.0,0,GA4
2025-06-28,MC009,Facebook Ads,680,14,14,90000.0,0,GA4
2025-06-29,MC009,Facebook Ads,750,15,14,104000.0,1,GA4
2025-06-30,MC009,Facebook Ads,1273,21,23,158000.0,0,Google Ads
2025-07-01,MC009,Facebook Ads,1344,25,27,138000.0,1,Meta
2025-07-02,MC009,Facebook Ads,1550,31,27,186000.0,1,Manual
2025-07-03,MC009,Facebook Ads,1213,23,23,144000.0,0,GA4
2025-07-04,MC009,Facebook Ads,1504,29,27,217000.0,0,GA4
2025-07-05,MC009,Facebook Ads,753,16,14,86000.0,0,GA4
2025-07-06,MC009,Facebook Ads,339,6,7,47000.0,1,GA4
2025-07-07,MC009,Facebook Ads,1309,23,20,152000.0,1,Google Ads
2025-07-08,MC009,Facebook Ads,1138,24,21,141000.0,1,GA4
2025-07-09,MC009,Facebook Ads,1702,25,27,189000.0,1,CRM
2025-07-10,MC009,Facebook Ads,1647,26,27,180000.0,0,GA4
2025-07-11,MC009,FB Ads,1894,33,33,229000.0,0,CRM
2025-07-12,MC009,Facebook Ads,429,7,8,54000.0,0,GA4
2025-07-13,MC009,Facebook Ads,797,13,14,93000.0,0,Manual
2025-07-14,MC009,Facebook Ads,1422,20,21,141000.0,0,Manual
2025-07-15,MC009,Facebook Ads,1499,28,32,184000.0,0,Meta
2025-07-16,MC009,Facebook Ads,1718,33,37,242000.0,1,GA4
2025-07-17,MC009,Facebook Ads,1437,28,31,217000.0,0,Manual
2025-07-18,MC009,Facebook Ads,1403,26,22,165000.0,0,GA4
2025-07-19,MC009,Facebook Ads,559,10,12,72000.0,0,GA4
2025-07-20,MC009,Facebook Ads,682,14,15,103000.0,0,CRM
2025-07-21,MC009,Facebook Ads,1136,18,19,113000.0,1,Manual
2025-07-22,MC009,Facebook Ads,1350,23,25,148000.0,0,CRM
2025-07-23,MC009,Facebook,1629,30,30,231000.0,0,Meta
2025-07-24,MC009,Facebook Ads,1462,28,28,156000.0,0,CRM
2025-07-25,MC009,Facebook Ads,1375,22,19,150000.0,0,GA4
2025-07-26,MC009,Facebook Ads,903,17,17,125000.0,1,CRM
2025-07-27,MC009,Facebook Ads,540,8,8,54000.0,0,GA4
2025-07-28,MC009,Facebook Ads,1820,35,32,207000.0,0,Google Ads
2025-07-29,MC009,Facebook Ads,2642,39,36,272000.0,0,Google Ads
2025-07-30,MC009,Facebook Ads,1287,28,30,188000.0,1,Google Ads
2025-07-31,MC009,Facebook Ads,1824,32,29,247000.0,0,CRM
2025-08-01,MC009,FB Ads,1085,26,27,171000.0,0,GA4
2025-08-02,MC009,Facebook Ads,849,13,15,73000.0,0,GA4
2025-08-03,MC009,Facebook Ads,489,9,9,58000.0,0,CRM
2025-08-04,MC009,Facebook Ads,1551,25,28,137000.0,0,CRM
2025-08-05,MC009,Facebook Ads,1617,33,31,255000.0,0,Manual
08-06-2025,MC009,Facebook Ads,1294,20,22,147000.0,0,CRM
2025-08-07,MC009,Facebook Ads,1157,21,20,127000.0,0,Manual
2025-08-08,MC009,Facebook Ads,1990,30,30,197000.0,0,Manual
2025-08-09,MC009,Facebook Ads,384,7,7,52000.0,1,Meta
2025-08-10,MC009,Facebook Ads,307,5,6,30000.0,0,CRM
2025-08-11,MC009,Facebook Ads,1390,22,23,158000.0,1,GA4
2025-08-12,MC009,Facebook Ads,1965,37,38,215000.0,0,Google Ads
2025-08-13,MC009,Facebook Ads,1511,22,23,134000.0,0,Meta
2025-08-14,MC009,Facebook Ads,1519,29,31,201000.0,2,GA4
2025-08-15,MC009,Facebook Ads,1814,31,31,196000.0,0,GA4
2025-08-16,MC009,Facebook Ads,491,6,8,36000.0,0,GA4
2025-08-17,MC009,Facebook Ads,516,9,9,68000.0,0,GA4
2025-08-18,MC009,Facebook Ads,2010,37,39,259000.0,0,Google Ads
2025-08-19,MC009,Facebook Ads,1333,28,29,191000.0,0,GA4
2025-08-20,MC009,Facebook Ads,1011,20,23,144000.0,0,CRM
2025-08-21,MC009,FB Ads,1783,34,31,262000.0,0,Meta
2025-08-22,MC009,Facebook Ads,1241,28,26,185000.0,0,GA4
2025-08-23,MC009,Facebook Ads,896,15,17,86000.0,0,Google Ads
2025-08-24,MC009,Facebook Ads,168,3,3,23000.0,0,Meta
2025-08-25,MC009,Facebook Ads,1123,20,22,152000.0,0,Google Ads
2025-08-26,MC009,Facebook Ads,1584,32,28,223000.0,0,CRM
2025-08-27,MC009,Facebook Ads,1872,26,26,140000.0,1,GA4
2025-08-28,MC009,Facebook Ads,812,15,17,86000.0,0,GA4
2025-08-29,MC009,Facebook Ads,1720,26,30,196000.0,0,GA4
2025-08-30,MC009,Facebook Ads,642,13,12,81000.0,0,GA4
2025-08-31,MC009,Facebook Ads,292,6,6,45000.0,0,GA4
2025-09-01,MC009,Facebook Ads,1163,23,25,172000.0,1,Meta
2025-09-02,MC009,Facebook Ads,1303,25,25,146000.0,1,Google Ads
2025-09-03,MC009,Facebook Ads,1287,24,27,147000.0,0,Manual
2025-09-04,MC009,Facebook Ads,1326,26,27,161000.0,1,GA4
2025-09-05,MC009,Facebook Ads,934,17,19,103000.0,0,Google Ads
2025-09-06,MC009,FB Ads,460,9,11,53000.0,0,Google Ads
2025-09-07,MC009,Facebook Ads,536,10,10,60000.0,0,Manual
2025-09-08,MC009,Facebook Ads,1687,27,27,171000.0,0,GA4
2025-09-09,MC009,Facebook Ads,2221,34,31,203000.0,0,GA4
2025-09-10,MC009,Facebook Ads,1272,23,25,151000.0,0,GA4
2025-09-11,MC009,Facebook Ads,1418,23,25,153000.0,1,GA4
2025-09-12,MC009,Facebook Ads,1488,26,23,150000.0,1,Manual
2025-09-13,MC009,Facebook Ads,556,8,9,46000.0,1,GA4
2025-09-14,MC009,Facebook Ads,681,13,13,70000.0,0,GA4
2025-09-15,MC009,Facebook Ads,1450,28,29,178000.0,0,CRM
2025-09-16,MC009,Facebook Ads,1888,32,27,213000.0,0,CRM
2025-09-17,MC009,Facebook Ads,1376,24,27,144000.0,0,GA4
2025-09-18,MC009,Facebook Ads,881,19,20,106000.0,2,GA4
2025-09-19,MC009,Facebook Ads,1023,16,18,123000.0,0,CRM
2025-09-20,MC009,Facebook Ads,835,16,17,113000.0,0,Google Ads
2025-09-21,MC009,Facebook Ads,562,11,10,74000.0,0,GA4
2025-09-22,MC009,Facebook Ads,1271,27,23,168000.0,0,GA4
2025-09-23,MC009,Facebook Ads,1512,22,21,168000.0,0,GA4
2025-09-24,MC009,Facebook Ads,1749,32,34,205000.0,0,GA4
2025-09-25,MC009,Facebook Ads,968,16,19,95000.0,1,Google Ads
2025-09-26,MC009,Facebook Ads,1881,34,31,187000.0,0,Meta
2025-09-27,MC009,Facebook Ads,565,11,13,83000.0,0,Meta
2025-09-28,MC009,Facebook Ads,667,11,13,74000.0,0,CRM
2025-09-29,MC009,Facebook Ads,1545,29,27,186000.0,0,Google Ads
2025-09-30,MC009,Meta Ads,1559,30,28,165000.0,0,GA4
2025-10-01,MC009,Facebook,1590,34,35,262000.0,1,Manual
2025-10-02,MC009,Facebook Ads,1525,30,26,174000.0,2,Manual
2025-10-03,MC009,Meta Ads,1035,22,25,134000.0,1,GA4
2025-10-04,MC009,Facebook Ads,734,12,12,81000.0,0,GA4
2025-10-05,MC009,Facebook Ads,520,8,8,45000.0,0,GA4
2025-10-06,MC009,Facebook Ads,2299,39,38,245000.0,0,GA4
2025-10-07,MC009,Facebook,1830,35,40,243000.0,0,Manual
2025-10-08,MC009,Meta Ads,2707,54,44,350000.0,0,Google Ads
2025-10-09,MC009,Facebook Ads,1464,29,30,197000.0,0,Meta
2025-10-10,MC009,Facebook Ads,1984,37,39,288000.0,0,GA4
2025-10-11,MC009,Facebook Ads,1281,20,19,131000.0,0,Google Ads
2025-10-12,MC009,Facebook Ads,600,14,12,108000.0,0,Meta
2025-10-13,MC009,Facebook Ads,1882,35,32,231000.0,0,Manual
2025-10-14,MC009,Facebook Ads,1492,26,24,157000.0,0,GA4
2025-10-15,MC009,Facebook Ads,1927,36,30,240000.0,1,Meta
2025-10-16,MC009,Facebook Ads,1856,33,35,253000.0,0,CRM
2025-10-17,MC009,Facebook Ads,1973,37,35,233000.0,0,GA4
2025-10-18,MC009,Facebook Ads,1188,20,17,110000.0,1,GA4
2025-10-19,MC009,Facebook Ads,1468,18,20,110000.0,0,Google Ads
2025-10-20,MC009,Facebook Ads,1573,27,28,144000.0,0,Google Ads
2025-10-21,MC009,Facebook Ads,1609,29,34,222000.0,0,Meta
2025-10-22,MC009,Facebook Ads,1226,22,26,126000.0,1,Meta
2025-10-23,MC009,Facebook Ads,1775,23,22,151000.0,0,Google Ads
2025-10-24,MC009,Facebook Ads,1025,22,25,127000.0,1,GA4
2025-10-25,MC009,Facebook Ads,931,17,15,110000.0,0,Meta
2025-10-26,MC009,Facebook Ads,535,10,9,63000.0,1,CRM
2025-10-27,MC009,FB Ads,1847,39,41,238000.0,0,GA4
2025-10-28,MC009,Facebook Ads,1653,29,29,199000.0,1,CRM
2025-10-29,MC009,Facebook Ads,1611,30,31,171000.0,0,Meta
2025-10-30,MC009,Facebook Ads,1945,31,26,196000.0,0,Meta
2025-10-31,MC009,Facebook Ads,1525,21,23,140000.0,0,GA4
2025-11-01,MC009,Facebook Ads,739,11,12,79000.0,0,Google Ads
2025-11-02,MC009,Facebook Ads,734,15,16,90000.0,0,Google Ads
2025-11-03,MC009,Facebook Ads,2385,38,35,208000.0,0,GA4
2025-11-04,MC009,Facebook Ads,2098,31,38,230000.0,1,Manual
2025-11-05,MC009,Facebook Ads,2168,40,37,235000.0,2,CRM
2025-11-06,MC009,Facebook Ads,1234,28,27,188000.0,2,GA4
2025-11-07,MC009,Facebook Ads,1624,34,29,196000.0,0,GA4
2025-11-08,MC009,Facebook Ads,846,17,16,130000.0,0,GA4
2025-11-09,MC009,Facebook Ads,1038,20,18,113000.0,0,Meta
2025-11-10,MC009,Facebook Ads,1813,41,38,299000.0,0,Manual
2025-11-11,MC009,Facebook Ads,1541,30,28,226000.0,0,Google Ads
2025-11-12,MC009,Facebook Ads,1862,33,35,190000.0,0,Google Ads
2025-11-13,MC009,Facebook Ads,1473,26,29,200000.0,0,Manual
2025-11-14,MC009,Facebook Ads,1739,37,35,203000.0,0,Google Ads
2025-11-15,MC009,Facebook Ads,605,9,9,65000.0,0,Manual
2025-11-16,MC009,Facebook Ads,774,14,13,105000.0,1,Manual
2025-11-17,MC009,Facebook Ads,1797,36,38,271000.0,0,GA4
2025-11-18,MC009,Facebook Ads,1992,40,35,282000.0,1,CRM
2025-11-19,MC009,Facebook Ads,1304,29,29,218000.0,1,Google Ads
2025-11-20,MC009,Facebook Ads,1828,37,39,243000.0,1,GA4
2025-11-21,MC009,Facebook Ads,1915,44,43,237000.0,1,CRM
2025-11-22,MC009,Facebook Ads,762,15,17,82000.0,0,Meta
2025-11-23,MC009,Facebook Ads,463,10,10,70000.0,0,CRM
2025-11-24,MC009,Facebook Ads,2933,41,43,287000.0,1,CRM
2025-11-25,MC009,Facebook Ads,1272,29,32,183000.0,0,Google Ads
2025-11-26,MC009,Facebook Ads,1529,30,26,173000.0,0,GA4
2025-11-27,MC009,Facebook Ads,1608,25,28,177000.0,0,CRM
2025-11-28,MC009,Facebook Ads,2607,40,37,216000.0,1,GA4
2025-11-29,MC009,Facebook Ads,838,15,15,116000.0,0,GA4
2025-11-30,MC009,Meta Ads,454,10,11,67000.0,0,Google Ads
2025-12-01,MC009,Facebook Ads,1902,31,32,187000.0,0,GA4
2025-12-02,MC009,Facebook Ads,2331,43,44,298000.0,0,GA4
2025-12-03,MC009,Facebook Ads,2232,40,41,229000.0,0,GA4
2025-12-04,MC009,Facebook Ads,1776,33,32,212000.0,1,GA4
2025-12-05,MC009,Facebook Ads,1533,28,33,162000.0,0,Manual
2025-12-06,MC009,Facebook Ads,707,12,12,75000.0,0,GA4
2025-12-07,MC009,Facebook Ads,597,9,10,56000.0,0,CRM
2025-12-08,MC009,Facebook Ads,1980,37,36,252000.0,1,GA4
2025-12-09,MC009,Facebook Ads,2820,57,46,309000.0,0,GA4
2025-12-10,MC009,Facebook,2301,43,40,244000.0,0,GA4
2025-12-11,MC009,Facebook Ads,1730,39,39,242000.0,1,GA4
2025-12-12,MC009,Facebook Ads,1858,33,36,204000.0,0,GA4
2025-12-13,MC009,Facebook Ads,721,14,16,82000.0,1,Google Ads
2025-12-14,MC009,Facebook Ads,811,13,15,81000.0,0,Google Ads
2025-12-15,MC009,Facebook Ads,1585,33,29,217000.0,1,CRM
2025-12-16,MC009,Facebook Ads,1348,25,25,148000.0,1,Google Ads
2025-12-17,MC009,Facebook Ads,1301,27,29,179000.0,0,CRM
2025-12-18,MC009,Facebook Ads,2163,43,40,254000.0,0,CRM
2025-12-19,MC009,Facebook Ads,1634,31,27,171000.0,0,GA4
2025-12-20,MC009,Facebook Ads,369,8,7,62000.0,1,Google Ads
2025-12-21,MC009,Facebook Ads,716,13,11,80000.0,0,CRM
2025-12-22,MC009,Facebook Ads,1545,30,32,194000.0,0,CRM
2025-12-23,MC009,Facebook Ads,1012,22,19,152000.0,0,GA4
2025-12-24,MC009,Facebook Ads,2216,33,29,239000.0,0,Meta
2025-12-25,MC009,Facebook Ads,1736,29,30,155000.0,0,Google Ads
2025-12-26,MC009,Facebook Ads,1726,34,34,218000.0,1,Google Ads
2025-12-27,MC009,Facebook Ads,1036,17,18,121000.0,0,GA4
2025-12-28,MC009,Facebook Ads,751,12,13,71000.0,0,Google Ads
2025-12-29,MC009,Facebook Ads,1648,32,36,228000.0,0,GA4
2025-12-30,MC009,Facebook Ads,1946,30,35,182000.0,1,Manual
2025-12-31,MC009,Facebook Ads,1693,27,27,204000.0,0,GA4
2026-01-01,MC009,Facebook Ads,1467,28,31,188000.0,1,Google Ads
2026-01-02,MC009,Facebook Ads,1925,40,34,238000.0,0,CRM
2026-01-03,MC009,Facebook Ads,662,12,14,74000.0,0,CRM
2026-01-04,MC009,Facebook Ads,499,9,10,63000.0,0,CRM
2026-01-05,MC009,Facebook Ads,848,16,18,117000.0,1,GA4
2026-01-06,MC009,Facebook Ads,1666,29,30,158000.0,0,Manual
2026-01-07,MC009,Facebook Ads,1257,23,25,136000.0,0,Manual
2026-01-08,MC009,Facebook Ads,1328,19,21,143000.0,0,GA4
2026-01-09,MC009,Facebook Ads,1312,24,21,129000.0,1,GA4
2026-01-10,MC009,Facebook Ads,713,13,13,73000.0,0,Manual
2026-01-11,MC009,Facebook Ads,468,6,8,34000.0,0,Manual
2026-01-12,MC009,Facebook Ads,2111,39,35,227000.0,1,Manual
2026-01-13,MC009,Facebook Ads,1418,26,29,180000.0,0,GA4
2026-01-14,MC009,Facebook Ads,1994,34,30,182000.0,2,GA4
2026-01-15,MC009,Facebook Ads,1405,30,26,193000.0,0,GA4
2026-01-16,MC009,Facebook Ads,2479,37,31,240000.0,0,GA4
2026-01-17,MC009,Meta Ads,508,9,8,52000.0,0,Manual
2026-01-18,MC009,Facebook Ads,777,14,16,79000.0,0,Google Ads
2026-01-19,MC009,Facebook Ads,1283,23,21,175000.0,1,Manual
2026-01-20,MC009,Facebook Ads,974,22,23,143000.0,1,Google Ads
2026-01-21,MC009,Facebook Ads,1217,29,33,185000.0,0,Meta
2026-01-22,MC009,Facebook Ads,1354,29,27,200000.0,1,GA4
2026-01-23,MC009,Facebook Ads,1270,25,27,162000.0,0,Meta
2026-01-24,MC009,Facebook Ads,986,16,15,106000.0,1,GA4
2026-01-25,MC009,Facebook Ads,592,9,11,50000.0,0,CRM
2026-01-26,MC009,Facebook Ads,1876,31,29,211000.0,0,CRM
2026-01-27,MC009,Facebook Ads,1719,33,29,244000.0,1,Manual
2026-01-28,MC009,Facebook Ads,1440,22,23,172000.0,0,CRM
2026-01-29,MC009,Facebook Ads,1723,31,27,207000.0,0,Manual
2026-01-30,MC009,Facebook Ads,1185,28,23,203000.0,1,GA4
2026-01-31,MC009,Facebook Ads,756,12,14,89000.0,0,Manual
2026-02-01,MC009,Facebook Ads,536,12,13,75000.0,1,Manual
2026-02-02,MC009,Facebook Ads,894,19,18,138000.0,1,Meta
2026-02-03,MC009,Facebook Ads,1405,24,22,130000.0,0,CRM
2026-02-04,MC009,Facebook Ads,966,18,20,128000.0,0,GA4
2026-02-05,MC009,FB Ads,1130,22,22,156000.0,1,GA4
2026-02-06,MC009,Facebook Ads,1060,20,22,149000.0,1,GA4
2026-02-07,MC009,Facebook Ads,734,12,13,76000.0,0,GA4
2026-02-08,MC009,Facebook Ads,671,11,10,85000.0,0,GA4
2026-02-09,MC009,Facebook Ads,1156,23,22,135000.0,1,Google Ads
2026-02-10,MC009,Meta Ads,956,15,14,106000.0,0,Manual
2026-02-11,MC009,Facebook Ads,697,13,13,78000.0,0,Google Ads
2026-02-12,MC009,Facebook Ads,1004,19,20,107000.0,1,Google Ads
2026-02-13,MC009,Facebook Ads,1246,18,19,129000.0,1,CRM
2026-02-14,MC009,Facebook Ads,325,6,6,39000.0,0,Manual
2026-02-15,MC009,Facebook Ads,445,6,6,37000.0,0,CRM
2026-02-16,MC009,Facebook Ads,579,13,15,98000.0,0,GA4
2026-02-17,MC009,Facebook Ads,1130,20,23,133000.0,0,CRM
2026-02-18,MC009,Facebook Ads,942,20,19,149000.0,0,Manual
2026-02-19,MC009,Facebook Ads,1022,20,19,108000.0,1,CRM
2026-02-20,MC009,Facebook Ads,1291,20,19,138000.0,1,CRM
2026-02-21,MC009,Facebook Ads,240,4,4,23000.0,0,GA4
2026-02-22,MC009,Facebook Ads,355,6,6,38000.0,0,GA4
2026-02-23,MC009,Facebook Ads,1345,18,17,114000.0,0,Meta
2026-02-24,MC009,Facebook Ads,986,19,18,138000.0,0,Manual
2026-02-25,MC009,Facebook Ads,1346,25,21,190000.0,0,CRM
2026-02-26,MC009,Facebook Ads,1121,17,16,96000.0,0,Google Ads
2026-02-27,MC009,Facebook Ads,1310,25,22,143000.0,1,GA4
2026-02-28,MC009,Facebook Ads,775,14,13,98000.0,0,Manual
2026-03-01,MC009,Facebook Ads,463,8,8,50000.0,0,Manual
2026-03-02,MC009,Facebook Ads,649,15,13,108000.0,0,GA4
2026-03-03,MC009,Facebook Ads,1033,19,18,103000.0,0,Manual
2026-03-04,MC009,Facebook Ads,1212,25,24,165000.0,0,CRM
2026-03-05,MC009,Facebook Ads,1321,25,26,164000.0,1,CRM
2026-03-06,MC009,Facebook Ads,1026,17,16,127000.0,0,Manual
2026-03-07,MC009,Facebook Ads,628,14,13,108000.0,0,GA4
2026-03-08,MC009,Facebook Ads,517,9,10,60000.0,0,Google Ads
2026-03-09,MC009,Facebook Ads,1405,30,26,210000.0,0,Meta
2026-03-10,MC009,Facebook Ads,1174,19,19,139000.0,0,GA4
2026-03-11,MC009,Facebook Ads,1074,19,22,144000.0,0,GA4
2026-03-12,MC009,Facebook Ads,938,19,22,105000.0,0,GA4
2026-03-13,MC009,Facebook Ads,772,16,15,104000.0,0,Manual
2026-03-14,MC009,Facebook Ads,406,6,7,33000.0,0,Manual
2026-03-15,MC009,Facebook Ads,404,8,7,61000.0,0,GA4
2026-03-16,MC009,Facebook Ads,1147,22,24,147000.0,0,Manual
2026-03-17,MC009,Facebook Ads,1157,23,23,177000.0,0,GA4
2026-03-18,MC009,Facebook Ads,732,12,12,73000.0,0,Manual
2026-03-19,MC009,Facebook Ads,884,19,18,134000.0,0,Manual
2026-03-20,MC009,Facebook Ads,1038,21,22,137000.0,0,CRM
2026-03-21,MC009,Facebook Ads,437,8,9,53000.0,0,CRM
2026-03-22,MC009,Facebook Ads,169,3,3,16000.0,0,GA4
2026-03-23,MC009,Facebook Ads,1325,23,24,138000.0,0,GA4
2026-03-24,MC009,Meta Ads,1449,27,24,176000.0,0,Google Ads
2026-03-25,MC009,Facebook Ads,818,17,14,112000.0,0,GA4
2026-03-26,MC009,Facebook Ads,1694,25,25,173000.0,0,GA4
2026-03-27,MC009,Facebook Ads,1285,24,23,179000.0,0,Google Ads
2026-03-28,MC009,Facebook Ads,454,7,9,48000.0,0,GA4
2026-03-29,MC009,Facebook Ads,315,6,6,40000.0,0,Google Ads
2026-03-30,MC009,Facebook Ads,1044,20,20,124000.0,0,GA4
03-31-2026,MC009,Facebook Ads,2121,30,25,196000.0,0,Manual
2026-04-01,MC009,Facebook Ads,1592,30,26,161000.0,1,CRM
2026-04-02,MC009,Facebook Ads,1086,20,19,110000.0,0,CRM
2026-04-03,MC009,Facebook Ads,1039,22,24,131000.0,0,Google Ads
2026-04-04,MC009,Facebook Ads,674,12,13,81000.0,0,GA4
2026-04-05,MC009,Facebook Ads,716,11,12,84000.0,1,CRM
2026-04-06,MC009,Facebook Ads,1280,28,27,217000.0,0,GA4
2026-04-07,MC009,Facebook Ads,1198,20,23,140000.0,0,Google Ads
2026-04-08,MC009,Facebook Ads,881,15,16,105000.0,0,Google Ads
2026-04-09,MC009,Facebook Ads,1171,19,21,144000.0,0,GA4
2026-04-10,MC009,Facebook Ads,2701,40,36,216000.0,1,CRM
2026-04-11,MC009,Facebook Ads,603,10,11,63000.0,0,GA4
2026-04-12,MC009,Facebook Ads,673,9,9,64000.0,0,GA4
2026-04-13,MC009,Facebook Ads,1773,28,26,192000.0,0,CRM
2026-04-14,MC009,Facebook Ads,786,13,12,99000.0,0,CRM
2026-04-15,MC009,Facebook Ads,1168,22,24,148000.0,0,Google Ads
2026-04-16,MC009,Facebook Ads,1303,22,24,138000.0,0,CRM
2026-04-17,MC009,Facebook Ads,1178,23,21,136000.0,0,Meta
2026-04-18,MC009,Facebook Ads,967,16,17,99000.0,1,GA4
2026-04-19,MC009,Facebook Ads,206,3,4,22000.0,0,Manual
2026-04-20,MC009,Facebook Ads,1217,19,20,127000.0,0,Manual
2026-04-21,MC009,Facebook Ads,1024,20,21,122000.0,0,GA4
2026-04-22,MC009,Facebook Ads,1707,31,29,239000.0,1,Manual
04-23-2026,MC009,Facebook Ads,845,17,17,130000.0,0,Google Ads
2026-04-24,MC009,Facebook Ads,1028,18,19,140000.0,1,GA4
2026-04-25,MC009,Facebook Ads,490,9,8,53000.0,0,Manual
2026-04-26,MC009,FB Ads,407,7,8,40000.0,0,CRM
2026-04-27,MC009,Facebook Ads,1339,26,26,166000.0,0,CRM
2026-04-28,MC009,FB Ads,1115,24,21,133000.0,0,CRM
2026-04-29,MC009,Facebook Ads,1043,20,19,142000.0,0,Manual
2026-04-30,MC009,Facebook Ads,886,16,16,119000.0,0,GA4
2026-05-01,MC009,Facebook Ads,1070,18,18,125000.0,0,CRM
2026-05-02,MC009,Facebook Ads,315,5,6,35000.0,0,GA4
2026-05-03,MC009,Facebook Ads,726,11,11,74000.0,0,Google Ads
2026-05-04,MC009,Facebook Ads,1070,22,21,143000.0,0,Manual
2026-05-05,MC009,Facebook Ads,1461,26,22,163000.0,0,GA4
2026-05-06,MC009,Facebook Ads,948,17,18,130000.0,1,Meta
2026-05-07,MC009,Facebook Ads,1094,23,24,157000.0,1,Google Ads
2026-05-08,MC009,Facebook Ads,1057,16,15,92000.0,0,Manual
2026-05-09,MC009,Facebook Ads,482,9,10,61000.0,1,Manual
2026-05-10,MC009,Facebook Ads,800,14,13,89000.0,1,Google Ads
2026-05-11,MC009,Facebook Ads,1144,16,17,103000.0,0,GA4
05-12-2026,MC009,Facebook Ads,986,17,19,109000.0,0,Meta
2026-05-13,MC009,FB Ads,852,17,17,115000.0,0,Meta
2026-05-14,MC009,Facebook Ads,1122,20,21,138000.0,1,GA4
2026-05-15,MC009,Facebook Ads,935,17,17,104000.0,1,Manual
2026-05-16,MC009,Facebook Ads,472,9,11,67000.0,1,Google Ads
2026-05-17,MC009,Facebook Ads,226,4,4,23000.0,0,Google Ads
2026-05-18,MC009,Facebook Ads,951,20,19,122000.0,0,Meta
2026-05-19,MC009,Facebook Ads,1229,18,16,129000.0,0,Google Ads
2026-05-20,MC009,Facebook,1245,23,20,139000.0,1,GA4
2026-05-21,MC009,Facebook Ads,949,17,19,101000.0,0,Manual
2026-05-22,MC009,Facebook Ads,939,19,19,136000.0,1,Google Ads
2026-05-23,MC009,Facebook,811,13,12,78000.0,0,Google Ads
2026-05-24,MC009,Facebook Ads,613,14,16,97000.0,0,Meta
2026-05-25,MC009,Facebook Ads,1434,21,22,133000.0,0,CRM
2026-05-26,MC009,Facebook Ads,1006,15,15,105000.0,1,Google Ads
2026-05-27,MC009,Facebook Ads,1169,23,20,157000.0,0,Google Ads
2026-05-28,MC009,Facebook Ads,787,15,17,96000.0,0,GA4
2026-05-29,MC009,Facebook Ads,968,18,17,113000.0,0,Manual
2026-05-30,MC009,Facebook,490,9,10,66000.0,0,CRM
2026-05-31,MC009,Facebook Ads,490,9,9,63000.0,0,CRM
2026-06-01,MC009,Facebook Ads,990,18,19,134000.0,0,Meta
2026-06-02,MC009,Facebook Ads,975,22,21,136000.0,0,GA4
2026-06-03,MC009,Facebook Ads,1228,21,19,153000.0,0,CRM
2026-06-04,MC009,Facebook Ads,654,14,13,77000.0,0,Manual
2026-06-05,MC009,Facebook Ads,1195,18,17,132000.0,0,GA4
2026-06-06,MC009,Facebook Ads,419,8,9,44000.0,0,Google Ads
2026-06-07,MC009,Meta Ads,217,4,5,25000.0,0,CRM
2026-06-08,MC009,Facebook Ads,985,17,16,126000.0,0,Meta
2026-06-09,MC009,Facebook Ads,608,12,13,84000.0,0,Manual
2026-06-10,MC009,Facebook Ads,929,17,17,123000.0,0,Manual
2026-06-11,MC009,Facebook Ads,724,13,12,79000.0,0,Manual
2026-06-12,MC009,Facebook Ads,1448,20,21,123000.0,0,Manual
2026-06-13,MC009,Facebook Ads,507,12,13,92000.0,0,CRM
2026-06-14,MC009,Facebook Ads,410,7,7,48000.0,0,GA4
2026-06-15,MC009,Facebook Ads,1012,17,16,98000.0,0,Google Ads
2026-06-16,MC009,Facebook Ads,784,14,14,86000.0,0,CRM
2026-06-17,MC009,Facebook Ads,1182,22,22,142000.0,1,Meta
2026-06-18,MC009,Facebook Ads,1262,21,20,150000.0,1,Google Ads
2026-06-19,MC009,Facebook Ads,1556,27,27,148000.0,0,GA4
2026-06-20,MC009,Facebook Ads,585,12,12,75000.0,0,Manual
2026-06-21,MC009,Facebook Ads,251,4,4,22000.0,0,Manual
2026-06-22,MC009,Facebook Ads,989,21,21,157000.0,0,GA4
2026-06-23,MC009,Facebook Ads,1184,22,25,157000.0,1,Google Ads
2026-06-24,MC009,Facebook Ads,1457,27,27,190000.0,1,GA4
2026-06-25,MC009,Facebook Ads,1200,18,18,107000.0,1,Google Ads
2026-06-26,MC009,Facebook Ads,879,17,16,94000.0,1,Manual
2026-06-27,MC009,Meta Ads,578,11,11,81000.0,2,Manual
2026-06-28,MC009,Facebook Ads,240,3,4,17000.0,0,Google Ads
2026-06-29,MC009,Facebook Ads,1039,18,18,120000.0,1,Google Ads
2026-06-30,MC009,Facebook Ads,786,14,13,76000.0,0,GA4
2026-07-01,MC009,Facebook Ads,671,15,14,101000.0,1,Manual
2026-07-02,MC009,Facebook Ads,754,16,15,109000.0,2,CRM
2026-07-03,MC009,Facebook Ads,809,16,15,106000.0,0,CRM
2026-07-04,MC009,Facebook Ads,654,13,12,72000.0,0,GA4
2026-07-05,MC009,Facebook Ads,368,7,7,48000.0,0,GA4
2026-07-06,MC009,Facebook Ads,1387,22,22,127000.0,0,CRM
2026-07-07,MC009,Facebook Ads,1212,20,19,134000.0,0,Google Ads
2026-07-08,MC009,Facebook Ads,1282,25,23,182000.0,0,GA4
2026-07-09,MC009,Facebook Ads,1080,19,20,126000.0,0,GA4
2026-07-10,MC009,Facebook Ads,1155,18,18,112000.0,0,GA4
2026-07-11,MC009,Facebook Ads,276,6,7,36000.0,1,CRM
2026-07-12,MC009,Facebook Ads,259,4,5,23000.0,0,GA4
2026-07-13,MC009,Facebook Ads,1325,24,22,164000.0,0,CRM
2026-07-14,MC009,Facebook Ads,1157,22,27,128000.0,0,GA4
2026-07-15,MC009,Facebook Ads,1808,33,28,241000.0,0,GA4
2026-07-16,MC009,Facebook Ads,941,14,14,104000.0,1,GA4
17/07/2026,MC009,Facebook Ads,728,14,15,95000.0,1,Google Ads
2026-07-18,MC009,Facebook Ads,155,2,3,14000.0,0,CRM
2026-07-19,MC009,Facebook Ads,551,10,9,72000.0,1,Meta
2026-07-20,MC009,Facebook Ads,1442,26,26,187000.0,0,Google Ads
2026-07-21,MC009,Facebook Ads,891,14,14,76000.0,0,GA4
2026-07-22,MC009,Facebook Ads,953,17,16,100000.0,0,Manual
2026-07-23,MC009,Facebook Ads,1375,24,23,175000.0,0,Manual
2026-07-24,MC009,Facebook Ads,759,13,12,89000.0,0,GA4
2026-07-25,MC009,Facebook Ads,167,3,3,22000.0,0,CRM
2026-07-26,MC009,Facebook,291,4,5,28000.0,1,Google Ads
2026-07-27,MC009,Facebook Ads,1386,25,22,153000.0,0,CRM
2026-07-28,MC009,Facebook Ads,897,17,16,121000.0,0,GA4
2026-07-29,MC009,Facebook Ads,1571,25,28,160000.0,0,Google Ads
2026-07-30,MC009,Facebook Ads,1112,20,19,107000.0,1,GA4
2026-07-31,MC009,Facebook Ads,1677,30,25,195000.0,0,GA4
2026-08-01,MC009,Facebook Ads,101,1,2,7000.0,1,GA4
2026-08-02,MC009,Facebook Ads,323,5,5,39000.0,0,GA4
2026-08-03,MC009,Meta Ads,1417,25,22,142000.0,0,GA4
2026-08-04,MC009,Facebook Ads,1175,24,26,141000.0,0,GA4
2026-08-05,MC009,Facebook Ads,1083,13,15,85000.0,0,GA4
2026-08-06,MC009,Facebook Ads,1118,22,24,148000.0,0,CRM
2026-08-07,MC009,Facebook Ads,691,12,15,72000.0,0,Google Ads
2026-08-08,MC009,Facebook Ads,679,11,10,68000.0,0,Google Ads
2026-08-09,MC009,Facebook Ads,417,7,7,51000.0,1,Meta
2026-08-10,MC009,Facebook,1091,18,18,103000.0,0,Google Ads
2026-08-11,MC009,Facebook Ads,994,20,21,135000.0,0,Google Ads
2026-08-12,MC009,Facebook Ads,1095,21,21,144000.0,2,CRM
2026-08-13,MC009,Facebook Ads,573,11,10,66000.0,0,CRM
2026-08-14,MC009,Facebook Ads,1327,25,25,135000.0,1,GA4
2026-08-15,MC009,Facebook Ads,272,5,5,38000.0,0,GA4
2026-08-16,MC009,Facebook Ads,657,12,11,90000.0,2,Meta
2026-08-17,MC009,Facebook Ads,599,11,11,74000.0,0,GA4
2026-08-18,MC009,Facebook Ads,1158,24,22,163000.0,0,GA4
2026-08-19,MC009,Facebook Ads,774,18,18,130000.0,0,Google Ads
2026-08-20,MC009,Facebook Ads,955,18,20,125000.0,0,Manual
2026-08-21,MC009,Facebook Ads,1234,20,19,127000.0,0,GA4
2026-08-22,MC009,Facebook Ads,616,11,10,59000.0,1,CRM
2026-08-23,MC009,Facebook Ads,328,6,7,46000.0,0,GA4
2026-08-24,MC009,Facebook Ads,989,21,22,143000.0,1,Google Ads
2026-08-25,MC009,Facebook Ads,889,15,14,105000.0,0,GA4
2026-08-26,MC009,Facebook Ads,801,15,18,89000.0,1,Manual
2026-08-27,MC009,Facebook Ads,1149,23,25,172000.0,0,Google Ads
2026-08-28,MC009,Facebook Ads,742,15,17,86000.0,0,GA4
2026-08-29,MC009,Facebook Ads,367,5,6,33000.0,0,GA4
2026-08-30,MC009,Facebook,528,10,11,54000.0,0,GA4
2026-08-31,MC009,Facebook Ads,1029,17,19,95000.0,0,GA4
2025-01-01,MC010,Referral,0,0,4,0.0,0,Manual
2025-01-02,MC010,Referral,0,0,1,0.0,0,GA4
2025-01-03,MC010,Referral,0,0,8,0.0,0,GA4
2025-01-04,MC010,Referral,0,0,2,0.0,0,Meta
2025-01-05,MC010,Referral,0,0,1,0.0,0,Manual
2025-01-06,MC010,Referral,0,0,6,0.0,0,Meta
2025-01-07,MC010,Referral,0,0,6,0.0,0,CRM
2025-01-08,MC010,Referral,0,0,6,0.0,0,GA4
2025-01-09,MC010,Referral,0,0,5,0.0,0,Meta
2025-01-10,MC010,Referral,0,0,10,0.0,0,CRM
2025-01-11,MC010,Referral,0,0,4,0.0,1,CRM
2025-01-12,MC010,Referral,0,0,1,0.0,0,GA4
2025-01-13,MC010,Referral,0,0,7,0.0,1,CRM
2025-01-14,MC010,Partner Referral,0,0,5,0.0,1,Google Ads
2025-01-15,MC010,Referral,0,0,8,0.0,2,GA4
2025-01-16,MC010,Referral,0,0,10,0.0,0,GA4
2025-01-17,MC010,Referral,0,0,3,0.0,0,CRM
2025-01-18,MC010,Referral,0,0,1,0.0,0,Meta
2025-01-19,MC010,Referral,0,0,3,0.0,0,Meta
2025-01-20,MC010,Referral,0,0,5,0.0,1,CRM
2025-01-21,MC010,Referral,0,0,7,0.0,0,Google Ads
2025-01-22,MC010,Referral,0,0,8,0.0,0,CRM
2025-01-23,MC010,Referral,0,0,5,0.0,0,GA4
2025-01-24,MC010,Referral,0,0,6,0.0,1,CRM
2025-01-25,MC010,Referral,0,0,2,0.0,0,GA4
2025-01-26,MC010,Referral,0,0,4,0.0,2,GA4
2025-01-27,MC010,Referral,0,0,6,0.0,0,Manual
2025-01-28,MC010,Partner Referral,0,0,4,0.0,0,Manual
2025-01-29,MC010,Referral,0,0,3,0.0,0,Meta
2025-01-30,MC010,Referral,0,0,6,0.0,0,Google Ads
2025-01-31,MC010,Referral,0,0,10,0.0,0,Google Ads
2025-02-01,MC010,Referral,0,0,2,0.0,0,GA4
2025-02-02,MC010,Referral,0,0,2,0.0,0,CRM
2025-02-03,MC010,Referral,0,0,9,0.0,1,GA4
2025-02-04,MC010,Referral,0,0,6,0.0,0,Meta
2025-02-05,MC010,Referral,0,0,6,0.0,0,Meta
2025-02-06,MC010,Referral,0,0,4,0.0,0,CRM
2025-02-07,MC010,Referral,0,0,6,0.0,0,Manual
2025-02-08,MC010,Referral,0,0,1,0.0,0,Google Ads
2025-02-09,MC010,Referral,0,0,2,0.0,0,GA4
2025-02-10,MC010,Referral,0,0,4,0.0,2,Google Ads
2025-02-11,MC010,Referral,0,0,5,0.0,0,Meta
2025-02-12,MC010,Referral,0,0,1,0.0,0,CRM
2025-02-13,MC010,Referral,0,0,3,0.0,0,GA4
2025-02-14,MC010,Referral,0,0,4,0.0,2,Meta
2025-02-15,MC010,Referral,0,0,0,0.0,0,Google Ads
2025-02-16,MC010,Referral,0,0,0,0.0,0,CRM
2025-02-17,MC010,Referral,0,0,4,0.0,0,Google Ads
2025-02-18,MC010,Referral,0,0,2,0.0,0,Google Ads
2025-02-19,MC010,Referral,0,0,4,0.0,1,CRM
2025-02-20,MC010,Referral,0,0,4,0.0,1,CRM
2025-02-21,MC010,Referral,0,0,2,0.0,0,CRM
2025-02-22,MC010,Referral,0,0,1,0.0,0,Meta
2025-02-23,MC010,Referral,0,0,1,0.0,0,Manual
2025-02-24,MC010,Referral,0,0,10,0.0,0,GA4
2025-02-25,MC010,Referral,0,0,6,0.0,0,GA4
2025-02-26,MC010,Referral,0,0,3,0.0,0,GA4
2025-02-27,MC010,Referral,0,0,4,0.0,0,Google Ads
2025-02-28,MC010,Referral,0,0,7,0.0,0,Meta
2025-03-01,MC010,Referral,0,0,1,0.0,1,CRM
2025-03-02,MC010,Referral,0,0,4,0.0,1,CRM
2025-03-03,MC010,Referral,0,0,9,0.0,0,CRM
2025-03-04,MC010,Referral,0,0,5,0.0,0,Meta
2025-03-05,MC010,Referral,0,0,6,0.0,1,GA4
2025-03-06,MC010,Referral,0,0,7,0.0,1,Meta
2025-03-07,MC010,Referral,0,0,6,0.0,0,Manual
2025-03-08,MC010,Referral,0,0,0,0.0,0,Manual
2025-03-09,MC010,Referral,0,0,4,0.0,1,Meta
2025-03-10,MC010,Referral,0,0,7,0.0,0,Google Ads
2025-03-11,MC010,Referral,0,0,8,0.0,0,GA4
2025-03-12,MC010,referral,0,0,6,0.0,1,Manual
2025-03-13,MC010,Referral,0,0,9,0.0,0,CRM
2025-03-14,MC010,Referral,0,0,8,0.0,0,Google Ads
2025-03-15,MC010,Referral,0,0,2,0.0,0,Meta
2025-03-16,MC010,Referral,0,0,2,0.0,0,GA4
2025-03-17,MC010,Referral,0,0,4,0.0,0,Google Ads
2025-03-18,MC010,Referral,0,0,4,0.0,0,Meta
2025-03-19,MC010,Partner Referral,0,0,10,0.0,0,GA4
2025-03-20,MC010,Referral,0,0,8,0.0,0,GA4
2025-03-21,MC010,Referral,0,0,7,0.0,0,CRM
2025-03-22,MC010,Referral,0,0,1,0.0,0,GA4
2025-03-23,MC010,Referral,0,0,3,0.0,0,GA4
2025-03-24,MC010,Referral,0,0,7,0.0,0,Meta
2025-03-25,MC010,Referral,0,0,8,0.0,0,GA4
2025-03-26,MC010,Referral,0,0,5,0.0,0,GA4
2025-03-27,MC010,Referral,0,0,11,0.0,0,GA4
2025-03-28,MC010,Referral,0,0,5,0.0,0,GA4
2025-03-29,MC010,Referral,0,0,3,0.0,0,Google Ads
2025-03-30,MC010,Referral,0,0,3,0.0,0,GA4
2025-03-31,MC010,Referral,0,0,6,0.0,0,GA4
2025-04-01,MC010,Referral,0,0,7,0.0,0,GA4
2025-04-02,MC010,Referral,0,0,4,0.0,2,CRM
2025-04-03,MC010,Referral,0,0,4,0.0,0,GA4
2025-04-04,MC010,Referral,0,0,7,0.0,0,CRM
2025-04-05,MC010,Referral,0,0,0,0.0,1,GA4
2025-04-06,MC010,Referral,0,0,2,0.0,0,Manual
2025-04-07,MC010,Referral,0,0,5,0.0,0,CRM
2025-04-08,MC010,Referral,0,0,4,0.0,1,Google Ads
2025-04-09,MC010,Referral,0,0,4,0.0,0,GA4
2025-04-10,MC010,Referral,0,0,5,0.0,0,Meta
2025-04-11,MC010,Referral,0,0,4,0.0,0,Google Ads
2025-04-12,MC010,Referral,0,0,5,0.0,0,GA4
2025-04-13,MC010,Referral,0,0,3,0.0,0,GA4
2025-04-14,MC010,Referral,0,0,7,0.0,0,GA4
2025-04-15,MC010,Referral,0,0,6,0.0,0,GA4
2025-04-16,MC010,Referral,0,0,3,0.0,0,Meta
2025-04-17,MC010,Referral,0,0,5,0.0,0,GA4
2025-04-18,MC010,Referral,0,0,5,0.0,1,GA4
2025-04-19,MC010,Referral,0,0,3,0.0,1,CRM
2025-04-20,MC010,Referral,0,0,3,0.0,0,GA4
2025-04-21,MC010,Referral,0,0,8,0.0,0,GA4
2025-04-22,MC010,Referral,0,0,8,0.0,0,GA4
2025-04-23,MC010,Referral,0,0,10,0.0,0,Google Ads
2025-04-24,MC010,Referral,0,0,4,0.0,1,GA4
2025-04-25,MC010,Referral,0,0,2,0.0,0,CRM
2025-04-26,MC010,Referral,0,0,2,0.0,0,GA4
2025-04-27,MC010,Referral,0,0,3,0.0,0,Google Ads
2025-04-28,MC010,Referral,0,0,7,0.0,0,GA4
2025-04-29,MC010,Referral,0,0,4,0.0,1,Meta
2025-04-30,MC010,Referral,0,0,7,0.0,0,Google Ads
2025-05-01,MC010,referral,0,0,7,0.0,2,GA4
2025-05-02,MC010,Referral,0,0,8,0.0,0,CRM
2025-05-03,MC010,Referral,0,0,2,0.0,0,Manual
2025-05-04,MC010,Referral,0,0,5,0.0,0,GA4
2025-05-05,MC010,Referral,0,0,7,0.0,0,Manual
2025-05-06,MC010,Referral,0,0,4,0.0,0,CRM
2025-05-07,MC010,Referral,0,0,4,0.0,0,GA4
2025-05-08,MC010,Referral,0,0,8,0.0,0,GA4
2025-05-09,MC010,Referral,0,0,7,0.0,0,GA4
2025-05-10,MC010,Referral,0,0,3,0.0,0,GA4
2025-05-11,MC010,Referral,0,0,0,0.0,0,GA4
2025-05-12,MC010,referral,0,0,6,0.0,1,GA4
2025-05-13,MC010,Referral,0,0,6,0.0,0,CRM
2025-05-14,MC010,Referral,0,0,4,0.0,0,CRM
2025-05-15,MC010,Referral,0,0,5,0.0,0,GA4
2025-05-16,MC010,Partner Referral,0,0,6,0.0,0,GA4
2025-05-17,MC010,Referral,0,0,1,0.0,0,CRM
2025-05-18,MC010,Referral,0,0,3,0.0,0,GA4
2025-05-19,MC010,referral,0,0,4,0.0,1,Meta
2025-05-20,MC010,Referral,0,0,6,0.0,1,GA4
2025-05-21,MC010,Referral,0,0,3,0.0,0,GA4
2025-05-22,MC010,Referral,0,0,3,0.0,1,GA4
2025-05-23,MC010,Referral,0,0,6,0.0,0,CRM
2025-05-24,MC010,Partner Referral,0,0,7,0.0,0,CRM
2025-05-25,MC010,Referral,0,0,3,0.0,0,Google Ads
2025-05-26,MC010,Referral,0,0,8,0.0,0,Manual
2025-05-27,MC010,Partner Referral,0,0,5,0.0,0,GA4
2025-05-28,MC010,Referral,0,0,3,0.0,0,CRM
2025-05-29,MC010,Referral,0,0,6,0.0,0,GA4
2025-05-30,MC010,Referral,0,0,8,0.0,0,Manual
2025-05-31,MC010,Referral,0,0,1,0.0,0,CRM
2025-06-01,MC010,Referral,0,0,2,0.0,0,GA4
2025-06-02,MC010,Referral,0,0,6,0.0,1,CRM
2025-06-03,MC010,Referral,0,0,4,0.0,0,Manual
2025-06-04,MC010,Referral,0,0,6,0.0,0,Meta
2025-06-05,MC010,Referral,0,0,7,0.0,1,Meta
06-06-2025,MC010,Referral,0,0,4,0.0,0,Manual
2025-06-07,MC010,Referral,0,0,2,0.0,0,GA4
2025-06-08,MC010,Referral,0,0,4,0.0,0,GA4
2025-06-09,MC010,Referral,0,0,4,0.0,0,CRM
2025-06-10,MC010,Referral,0,0,3,0.0,0,Manual
2025-06-11,MC010,Referral,0,0,8,0.0,0,Manual
2025-06-12,MC010,Referral,0,0,5,0.0,0,Manual
2025-06-13,MC010,Referral,0,0,2,0.0,0,Google Ads
2025-06-14,MC010,referral,0,0,5,0.0,0,Google Ads
2025-06-15,MC010,Referral,0,0,0,0.0,0,Meta
2025-06-16,MC010,Referral,0,0,4,0.0,0,CRM
2025-06-17,MC010,Referral,0,0,5,0.0,0,Meta
2025-06-18,MC010,Referral,0,0,6,0.0,0,CRM
2025-06-19,MC010,Referral,0,0,4,0.0,0,GA4
2025-06-20,MC010,Referral,0,0,6,0.0,0,GA4
2025-06-21,MC010,Referral,0,0,4,0.0,0,GA4
2025-06-22,MC010,Referral,0,0,1,0.0,0,GA4
2025-06-23,MC010,Referral,0,0,10,0.0,0,GA4
2025-06-24,MC010,Referral,0,0,5,0.0,0,CRM
2025-06-25,MC010,Referral,0,0,9,0.0,0,Meta
2025-06-26,MC010,Referral,0,0,6,0.0,0,CRM
2025-06-27,MC010,Referral,0,0,3,0.0,0,Google Ads
2025-06-28,MC010,Referral,0,0,2,0.0,0,Google Ads
2025-06-29,MC010,Referral,0,0,4,0.0,0,Meta
2025-06-30,MC010,Referral,0,0,6,0.0,0,CRM
2025-07-01,MC010,Referral,0,0,2,0.0,0,Meta
2025-07-02,MC010,Referral,0,0,7,0.0,0,GA4
2025-07-03,MC010,Referral,0,0,2,0.0,0,GA4
2025-07-04,MC010,Referral,0,0,5,0.0,1,GA4
2025-07-05,MC010,Referral,0,0,2,0.0,0,GA4
2025-07-06,MC010,Referral,0,0,2,0.0,0,Manual
2025-07-07,MC010,Referral,0,0,4,0.0,0,CRM
2025-07-08,MC010,Referral,0,0,6,0.0,0,GA4
2025-07-09,MC010,Referral,0,0,8,0.0,0,GA4
2025-07-10,MC010,Referral,0,0,3,0.0,0,Google Ads
2025-07-11,MC010,Referral,0,0,5,0.0,1,CRM
2025-07-12,MC010,Referral,0,0,1,0.0,0,GA4
2025-07-13,MC010,Referral,0,0,5,0.0,0,CRM
2025-07-14,MC010,Referral,0,0,3,0.0,1,Manual
2025-07-15,MC010,Referral,0,0,8,0.0,0,Manual
2025-07-16,MC010,Referral,0,0,5,0.0,0,Meta
2025-07-17,MC010,Referral,0,0,3,0.0,0,Meta
2025-07-18,MC010,Referral,0,0,4,0.0,1,Meta
2025-07-19,MC010,Referral,0,0,1,0.0,1,Manual
2025-07-20,MC010,Referral,0,0,5,0.0,0,CRM
2025-07-21,MC010,Referral,0,0,6,0.0,0,Google Ads
2025-07-22,MC010,Referral,0,0,6,0.0,3,GA4
2025-07-23,MC010,Referral,0,0,6,0.0,0,GA4
2025-07-24,MC010,Referral,0,0,4,0.0,0,CRM
2025-07-25,MC010,Referral,0,0,8,0.0,1,Meta
2025-07-26,MC010,Referral,0,0,2,0.0,1,Google Ads
2025-07-27,MC010,Referral,0,0,1,0.0,1,GA4
2025-07-28,MC010,Referral,0,0,6,0.0,0,Manual
2025-07-29,MC010,Referral,0,0,5,0.0,0,GA4
2025-07-30,MC010,Referral,0,0,3,0.0,0,Meta
2025-07-31,MC010,Referral,0,0,7,0.0,1,CRM
2025-08-01,MC010,Referral,0,0,3,0.0,0,Manual
2025-08-02,MC010,Referral,0,0,1,0.0,0,CRM
2025-08-03,MC010,Referral,0,0,4,0.0,1,CRM
2025-08-04,MC010,Referral,0,0,5,0.0,0,GA4
2025-08-05,MC010,Referral,0,0,2,0.0,0,GA4
2025-08-06,MC010,Referral,0,0,6,0.0,0,Manual
2025-08-07,MC010,Referral,0,0,3,0.0,0,GA4
2025-08-08,MC010,Referral,0,0,6,0.0,0,Meta
2025-08-09,MC010,Referral,0,0,0,0.0,0,GA4
2025-08-10,MC010,Referral,0,0,2,0.0,0,CRM
2025-08-11,MC010,Referral,0,0,9,0.0,1,CRM
2025-08-12,MC010,Referral,0,0,5,0.0,1,Manual
2025-08-13,MC010,Referral,0,0,1,0.0,1,Manual
2025-08-14,MC010,Referral,0,0,6,0.0,0,Google Ads
2025-08-15,MC010,referral,0,0,8,0.0,0,CRM
2025-08-16,MC010,Referral,0,0,7,0.0,0,CRM
2025-08-17,MC010,Referral,0,0,5,0.0,0,GA4
2025-08-18,MC010,Referral,0,0,8,0.0,0,Manual
2025-08-19,MC010,Referral,0,0,4,0.0,0,Meta
2025-08-20,MC010,Referral,0,0,6,0.0,1,Manual
2025-08-21,MC010,Referral,0,0,5,0.0,0,Manual
2025-08-22,MC010,Referral,0,0,6,0.0,0,CRM
2025-08-23,MC010,Referral,0,0,3,0.0,0,CRM
08-24-2025,MC010,Referral,0,0,6,0.0,0,Google Ads
2025-08-25,MC010,Partner Referral,0,0,7,0.0,1,GA4
2025-08-26,MC010,Referral,0,0,4,0.0,0,CRM
2025-08-27,MC010,Referral,0,0,7,0.0,0,GA4
2025-08-28,MC010,Referral,0,0,11,0.0,0,GA4
2025-08-29,MC010,Referral,0,0,6,0.0,0,Manual
2025-08-30,MC010,Referral,0,0,1,0.0,0,Meta
2025-08-31,MC010,Referral,0,0,2,0.0,1,Google Ads
2025-09-01,MC010,Referral,0,0,4,0.0,0,GA4
2025-09-02,MC010,Referral,0,0,3,0.0,0,CRM
09-03-2025,MC010,Referral,0,0,4,0.0,1,GA4
2025-09-04,MC010,Referral,0,0,8,0.0,2,Meta
2025-09-05,MC010,Referral,0,0,6,0.0,1,Meta
2025-09-06,MC010,Referral,0,0,0,0.0,0,Google Ads
09-07-2025,MC010,Referral,0,0,4,0.0,0,Google Ads
2025-09-08,MC010,Referral,0,0,6,0.0,0,Manual
2025-09-09,MC010,Referral,0,0,7,0.0,1,Google Ads
2025-09-10,MC010,Referral,0,0,1,0.0,0,GA4
2025-09-11,MC010,Referral,0,0,11,0.0,0,Google Ads
2025-09-12,MC010,Referral,0,0,5,0.0,0,GA4
2025-09-13,MC010,Referral,0,0,2,0.0,0,Google Ads
2025-09-14,MC010,Referral,0,0,4,0.0,0,Google Ads
2025-09-15,MC010,Referral,0,0,4,0.0,0,Google Ads
16/09/2025,MC010,Referral,0,0,10,0.0,1,Meta
2025-09-17,MC010,Referral,0,0,8,0.0,0,GA4
2025-09-18,MC010,Referral,0,0,10,0.0,0,CRM
2025-09-19,MC010,Referral,0,0,7,0.0,0,Meta
2025-09-20,MC010,Referral,0,0,2,0.0,0,GA4
2025-09-21,MC010,Referral,0,0,3,0.0,0,GA4
2025-09-22,MC010,Referral,0,0,10,0.0,0,CRM
2025-09-23,MC010,Referral,0,0,7,0.0,0,GA4
2025-09-24,MC010,Referral,0,0,6,0.0,0,Manual
2025-09-25,MC010,Referral,0,0,5,0.0,1,GA4
2025-09-26,MC010,Referral,0,0,9,0.0,0,CRM
2025-09-27,MC010,Referral,0,0,1,0.0,0,CRM
2025-09-28,MC010,Referral,0,0,2,0.0,0,CRM
2025-09-29,MC010,Referral,0,0,9,0.0,0,Google Ads
2025-09-30,MC010,Referral,0,0,8,0.0,0,GA4
2025-10-01,MC010,Referral,0,0,6,0.0,1,CRM
2025-10-02,MC010,Referral,0,0,9,0.0,1,Google Ads
2025-10-03,MC010,Referral,0,0,5,0.0,2,CRM
2025-10-04,MC010,Referral,0,0,2,0.0,0,GA4
2025-10-05,MC010,Referral,0,0,3,0.0,0,Manual
2025-10-06,MC010,Partner Referral,0,0,9,0.0,0,GA4
2025-10-07,MC010,Referral,0,0,4,0.0,0,CRM
2025-10-08,MC010,Referral,0,0,7,0.0,2,GA4
2025-10-09,MC010,Referral,0,0,9,0.0,0,Manual
2025-10-10,MC010,Referral,0,0,5,0.0,0,CRM
2025-10-11,MC010,Referral,0,0,4,0.0,0,GA4
2025-10-12,MC010,Referral,0,0,3,0.0,0,CRM
2025-10-13,MC010,Referral,0,0,8,0.0,1,GA4
2025-10-14,MC010,Referral,0,0,7,0.0,0,CRM
2025-10-15,MC010,Referral,0,0,5,0.0,0,Google Ads
2025-10-16,MC010,Referral,0,0,11,0.0,0,GA4
2025-10-17,MC010,Referral,0,0,14,0.0,0,GA4
2025-10-18,MC010,Referral,0,0,1,0.0,1,GA4
2025-10-19,MC010,Referral,0,0,1,0.0,1,GA4
2025-10-20,MC010,Referral,0,0,6,0.0,0,CRM
2025-10-21,MC010,Referral,0,0,5,0.0,0,Manual
2025-10-22,MC010,Referral,0,0,3,0.0,0,Google Ads
2025-10-23,MC010,Referral,0,0,5,0.0,0,Meta
2025-10-24,MC010,Referral,0,0,9,0.0,0,GA4
2025-10-25,MC010,Referral,0,0,1,0.0,1,Google Ads
2025-10-26,MC010,Referral,0,0,4,0.0,0,Meta
2025-10-27,MC010,Referral,0,0,6,0.0,0,CRM
2025-10-28,MC010,Referral,0,0,4,0.0,0,GA4
2025-10-29,MC010,Referral,0,0,7,0.0,0,Manual
2025-10-30,MC010,Referral,0,0,3,0.0,0,CRM
2025-10-31,MC010,Referral,0,0,10,0.0,0,CRM
2025-11-01,MC010,Referral,0,0,5,0.0,0,Meta
2025-11-02,MC010,Referral,0,0,1,0.0,0,CRM
2025-11-03,MC010,Referral,0,0,12,0.0,0,Google Ads
2025-11-04,MC010,Referral,0,0,11,0.0,0,CRM
2025-11-05,MC010,Referral,0,0,5,0.0,0,Manual
2025-11-06,MC010,Referral,0,0,7,0.0,0,GA4
2025-11-07,MC010,Referral,0,0,5,0.0,0,GA4
2025-11-08,MC010,Referral,0,0,1,0.0,0,Google Ads
2025-11-09,MC010,Referral,0,0,5,0.0,1,GA4
2025-11-10,MC010,Referral,0,0,4,0.0,0,Google Ads
2025-11-11,MC010,Referral,0,0,9,0.0,0,Google Ads
2025-11-12,MC010,Referral,0,0,4,0.0,0,CRM
2025-11-13,MC010,Referral,0,0,6,0.0,0,CRM
2025-11-14,MC010,Referral,0,0,10,0.0,0,CRM
2025-11-15,MC010,Referral,0,0,4,0.0,1,Google Ads
2025-11-16,MC010,Referral,0,0,2,0.0,0,Google Ads
2025-11-17,MC010,Referral,0,0,11,0.0,0,CRM
2025-11-18,MC010,Referral,0,0,2,0.0,0,CRM
2025-11-19,MC010,Referral,0,0,9,0.0,2,Meta
2025-11-20,MC010,Referral,0,0,6,0.0,0,Manual
2025-11-21,MC010,Referral,0,0,6,0.0,0,Google Ads
2025-11-22,MC010,Referral,0,0,4,0.0,1,GA4
2025-11-23,MC010,Referral,0,0,2,0.0,0,Google Ads
2025-11-24,MC010,Referral,0,0,9,0.0,1,CRM
2025-11-25,MC010,Referral,0,0,7,0.0,1,GA4
2025-11-26,MC010,Referral,0,0,9,0.0,0,Google Ads
2025-11-27,MC010,Referral,0,0,4,0.0,1,Meta
2025-11-28,MC010,Referral,0,0,9,0.0,0,Google Ads
2025-11-29,MC010,Referral,0,0,1,0.0,0,Manual
2025-11-30,MC010,Referral,0,0,3,0.0,0,Meta
2025-12-01,MC010,Referral,0,0,3,0.0,1,GA4
2025-12-02,MC010,Referral,0,0,9,0.0,0,GA4
2025-12-03,MC010,Referral,0,0,7,0.0,0,Meta
2025-12-04,MC010,Referral,0,0,9,0.0,0,GA4
2025-12-05,MC010,Referral,0,0,5,0.0,0,Google Ads
2025-12-06,MC010,Referral,0,0,5,0.0,0,Meta
2025-12-07,MC010,Referral,0,0,1,0.0,1,GA4
2025-12-08,MC010,Referral,0,0,10,0.0,0,CRM
2025-12-09,MC010,Referral,0,0,9,0.0,0,GA4
2025-12-10,MC010,Referral,0,0,7,0.0,0,GA4
2025-12-11,MC010,Referral,0,0,8,0.0,0,Google Ads
2025-12-12,MC010,Referral,0,0,5,0.0,0,Meta
2025-12-13,MC010,Referral,0,0,2,0.0,0,Meta
2025-12-14,MC010,Referral,0,0,3,0.0,0,Google Ads
2025-12-15,MC010,Referral,0,0,2,0.0,1,Google Ads
2025-12-16,MC010,Referral,0,0,6,0.0,1,Google Ads
2025-12-17,MC010,referral,0,0,7,0.0,1,GA4
2025-12-18,MC010,Referral,0,0,10,0.0,1,GA4
2025-12-19,MC010,Referral,0,0,7,0.0,0,CRM
2025-12-20,MC010,Referral,0,0,3,0.0,0,CRM
2025-12-21,MC010,Referral,0,0,0,0.0,0,CRM
2025-12-22,MC010,Referral,0,0,4,0.0,1,CRM
2025-12-23,MC010,Referral,0,0,5,0.0,0,Google Ads
2025-12-24,MC010,referral,0,0,8,0.0,0,GA4
2025-12-25,MC010,Referral,0,0,9,0.0,0,GA4
2025-12-26,MC010,Referral,0,0,2,0.0,0,CRM
2025-12-27,MC010,Referral,0,0,2,0.0,0,Meta
2025-12-28,MC010,Referral,0,0,3,0.0,0,CRM
2025-12-29,MC010,Partner Referral,0,0,4,0.0,1,CRM
2025-12-30,MC010,Referral,0,0,5,0.0,0,GA4
2025-12-31,MC010,Referral,0,0,9,0.0,0,CRM
2026-01-01,MC010,Referral,0,0,7,0.0,0,GA4
2026-01-02,MC010,Partner Referral,0,0,6,0.0,0,Meta
2026-01-03,MC010,Referral,0,0,1,0.0,0,CRM
2026-01-04,MC010,Referral,0,0,2,0.0,0,Manual
2026-01-05,MC010,Referral,0,0,6,0.0,0,CRM
2026-01-06,MC010,Referral,0,0,9,0.0,0,Manual
2026-01-07,MC010,Referral,0,0,6,0.0,0,GA4
2026-01-08,MC010,Referral,0,0,3,0.0,1,Manual
2026-01-09,MC010,Referral,0,0,3,0.0,0,CRM
2026-01-10,MC010,Referral,0,0,0,0.0,0,GA4
2026-01-11,MC010,Referral,0,0,2,0.0,0,Manual
2026-01-12,MC010,referral,0,0,4,0.0,0,GA4
2026-01-13,MC010,Referral,0,0,8,0.0,1,Google Ads
2026-01-14,MC010,Referral,0,0,3,0.0,0,Manual
2026-01-15,MC010,Referral,0,0,4,0.0,0,Google Ads
2026-01-16,MC010,Referral,0,0,5,0.0,0,GA4
2026-01-17,MC010,Referral,0,0,0,0.0,0,GA4
2026-01-18,MC010,Referral,0,0,4,0.0,0,GA4
2026-01-19,MC010,Referral,0,0,4,0.0,0,GA4
2026-01-20,MC010,Referral,0,0,7,0.0,0,GA4
2026-01-21,MC010,Referral,0,0,6,0.0,0,GA4
2026-01-22,MC010,Referral,0,0,7,0.0,0,GA4
2026-01-23,MC010,Referral,0,0,5,0.0,0,CRM
2026-01-24,MC010,Referral,0,0,0,0.0,1,GA4
2026-01-25,MC010,Referral,0,0,1,0.0,1,Manual
2025-02-23,MC011,Referral,0,0,3,0.0,1,GA4
2025-02-24,MC011,Referral,0,0,6,0.0,0,GA4
2025-02-25,MC011,Referral,0,0,2,0.0,0,CRM
2025-02-26,MC011,Referral,0,0,1,0.0,1,Meta
2025-02-27,MC011,Referral,0,0,4,0.0,0,GA4
2025-02-28,MC011,Referral,0,0,3,0.0,0,GA4
2025-03-01,MC011,Referral,0,0,2,0.0,0,Meta
2025-03-02,MC011,Referral,0,0,1,0.0,0,CRM
2025-03-03,MC011,Referral,0,0,3,0.0,0,GA4
2025-03-04,MC011,Referral,0,0,5,0.0,0,Google Ads
2025-03-05,MC011,Referral,0,0,10,0.0,0,GA4
2025-03-06,MC011,Referral,0,0,3,0.0,1,Google Ads
2025-03-07,MC011,Referral,0,0,3,0.0,0,Google Ads
2025-03-08,MC011,Referral,0,0,1,0.0,0,CRM
2025-03-09,MC011,Referral,0,0,2,0.0,0,CRM
2025-03-10,MC011,Referral,0,0,8,0.0,1,CRM
2025-03-11,MC011,Referral,0,0,7,0.0,0,Google Ads
2025-03-12,MC011,Referral,0,0,6,0.0,2,CRM
2025-03-13,MC011,Referral,0,0,1,0.0,1,GA4
2025-03-14,MC011,Referral,0,0,6,0.0,0,GA4
2025-03-15,MC011,Referral,0,0,1,0.0,0,Meta
2025-03-16,MC011,Referral,0,0,1,0.0,0,GA4
2025-03-17,MC011,Referral,0,0,10,0.0,0,Google Ads
2025-03-18,MC011,Referral,0,0,4,0.0,0,Google Ads
2025-03-19,MC011,Referral,0,0,4,0.0,0,GA4
2025-03-20,MC011,Referral,0,0,10,0.0,0,GA4
2025-03-21,MC011,Referral,0,0,4,0.0,0,GA4
2025-03-22,MC011,Referral,0,0,5,0.0,0,CRM
2025-03-23,MC011,Referral,0,0,1,0.0,0,GA4
2025-03-24,MC011,Referral,0,0,7,0.0,0,CRM
2025-03-25,MC011,Referral,0,0,3,0.0,1,GA4
2025-03-26,MC011,Referral,0,0,7,0.0,0,GA4
2025-03-27,MC011,Referral,0,0,5,0.0,0,GA4
2025-03-28,MC011,Referral,0,0,11,0.0,0,Manual
2025-03-29,MC011,Referral,0,0,3,0.0,0,GA4
2025-03-30,MC011,Referral,0,0,2,0.0,0,GA4
2025-03-31,MC011,Referral,0,0,13,0.0,0,GA4
2025-04-01,MC011,Referral,0,0,3,0.0,0,GA4
2025-04-02,MC011,Referral,0,0,5,0.0,0,GA4
2025-04-03,MC011,Referral,0,0,7,0.0,0,CRM
2025-04-04,MC011,referral,0,0,6,0.0,0,Meta
2025-04-05,MC011,Referral,0,0,5,0.0,0,GA4
2025-04-06,MC011,Referral,0,0,7,0.0,0,Meta
2025-04-07,MC011,Referral,0,0,17,0.0,0,GA4
2025-04-08,MC011,Referral,0,0,5,0.0,0,Meta
2025-04-09,MC011,Referral,0,0,9,0.0,0,Meta
2025-04-10,MC011,Referral,0,0,4,0.0,0,Manual
2025-04-11,MC011,Referral,0,0,13,0.0,0,GA4
2025-04-12,MC011,Referral,0,0,5,0.0,0,Manual
2025-04-13,MC011,Referral,0,0,3,0.0,1,CRM
2025-04-14,MC011,Referral,0,0,5,0.0,0,Manual
2025-04-15,MC011,Referral,0,0,6,0.0,0,GA4
2025-04-16,MC011,Referral,0,0,6,0.0,0,GA4
2025-04-17,MC011,Referral,0,0,5,0.0,0,Manual
2025-04-18,MC011,Referral,0,0,7,0.0,0,Manual
2025-04-19,MC011,referral,0,0,5,0.0,0,GA4
2025-04-20,MC011,Referral,0,0,3,0.0,0,GA4
2025-04-21,MC011,Referral,0,0,6,0.0,1,Manual
2025-04-22,MC011,Referral,0,0,5,0.0,1,Meta
2025-04-23,MC011,Referral,0,0,6,0.0,0,GA4
2025-04-24,MC011,Referral,0,0,3,0.0,0,Google Ads
2025-04-25,MC011,Referral,0,0,7,0.0,0,Meta
2025-04-26,MC011,Referral,0,0,2,0.0,0,GA4
2025-04-27,MC011,Referral,0,0,4,0.0,1,Google Ads
2025-04-28,MC011,Referral,0,0,8,0.0,0,GA4
2025-04-29,MC011,Referral,0,0,8,0.0,0,Google Ads
2025-04-30,MC011,Referral,0,0,5,0.0,0,Google Ads
2025-05-01,MC011,Referral,0,0,7,0.0,0,GA4
2025-05-02,MC011,Referral,0,0,9,0.0,0,Meta
2025-05-03,MC011,Referral,0,0,1,0.0,0,Manual
2025-05-04,MC011,Referral,0,0,2,0.0,0,GA4
2025-05-05,MC011,Referral,0,0,5,0.0,1,Google Ads
2025-05-06,MC011,Referral,0,0,8,0.0,0,CRM
2025-05-07,MC011,Referral,0,0,6,0.0,1,Meta
2025-05-08,MC011,Referral,0,0,7,0.0,1,Google Ads
2025-05-09,MC011,Referral,0,0,7,0.0,0,CRM
2025-05-10,MC011,Referral,0,0,4,0.0,0,GA4
2025-05-11,MC011,Referral,0,0,4,0.0,0,GA4
2025-05-12,MC011,Referral,0,0,4,0.0,1,Google Ads
2025-05-13,MC011,Referral,0,0,7,0.0,0,GA4
2025-05-14,MC011,Referral,0,0,10,0.0,0,CRM
2025-05-15,MC011,Referral,0,0,7,0.0,0,Google Ads
2025-05-16,MC011,Referral,0,0,5,0.0,0,CRM
2025-05-17,MC011,Referral,0,0,3,0.0,0,GA4
2025-05-18,MC011,Referral,0,0,3,0.0,0,Manual
2025-05-19,MC011,Referral,0,0,6,0.0,1,GA4
2025-05-20,MC011,Referral,0,0,1,0.0,0,GA4
2025-05-21,MC011,Referral,0,0,7,0.0,1,Manual
2025-05-22,MC011,Referral,0,0,2,0.0,1,Meta
2025-05-23,MC011,Referral,0,0,9,0.0,0,GA4
2025-05-24,MC011,Referral,0,0,1,0.0,0,CRM
2025-05-25,MC011,Referral,0,0,3,0.0,0,GA4
2025-05-26,MC011,Referral,0,0,4,0.0,0,Google Ads
2025-05-27,MC011,Referral,0,0,1,0.0,1,CRM
2025-05-28,MC011,Referral,0,0,5,0.0,0,Google Ads
2025-05-29,MC011,Referral,0,0,6,0.0,1,GA4
2025-05-30,MC011,Referral,0,0,8,0.0,0,Manual
2025-05-31,MC011,Referral,0,0,0,0.0,0,GA4
2025-06-01,MC011,Referral,0,0,4,0.0,0,GA4
2025-06-02,MC011,Referral,0,0,2,0.0,0,CRM
2025-06-03,MC011,Referral,0,0,2,0.0,0,GA4
2025-06-04,MC011,Partner Referral,0,0,11,0.0,0,GA4
2025-06-05,MC011,Referral,0,0,4,0.0,1,GA4
2025-06-06,MC011,Referral,0,0,5,0.0,0,Meta
2025-06-07,MC011,Referral,0,0,1,0.0,0,GA4
2025-06-08,MC011,Partner Referral,0,0,3,0.0,1,GA4
2025-06-09,MC011,Referral,0,0,8,0.0,0,Google Ads
2025-06-10,MC011,Referral,0,0,5,0.0,1,Meta
2025-06-11,MC011,Referral,0,0,6,0.0,1,GA4
2025-06-12,MC011,Referral,0,0,6,0.0,1,Manual
2025-06-13,MC011,Referral,0,0,6,0.0,0,Manual
2025-06-14,MC011,Referral,0,0,0,0.0,0,GA4
2025-06-15,MC011,referral,0,0,4,0.0,1,GA4
2025-06-16,MC011,Referral,0,0,2,0.0,0,CRM
2025-06-17,MC011,Referral,0,0,6,0.0,0,CRM
2025-06-18,MC011,Referral,0,0,8,0.0,0,GA4
2025-06-19,MC011,Referral,0,0,4,0.0,0,Google Ads
2025-06-20,MC011,Referral,0,0,5,0.0,1,Manual
2025-06-21,MC011,Referral,0,0,1,0.0,0,Manual
2025-06-22,MC011,Referral,0,0,2,0.0,0,Manual
2025-06-23,MC011,Partner Referral,0,0,4,0.0,0,GA4
2025-06-24,MC011,Referral,0,0,5,0.0,0,CRM
2025-06-25,MC011,Referral,0,0,4,0.0,0,CRM
2025-06-26,MC011,Referral,0,0,7,0.0,0,CRM
2025-06-27,MC011,Referral,0,0,4,0.0,0,CRM
2025-06-28,MC011,Referral,0,0,4,0.0,0,Google Ads
2025-06-29,MC011,Referral,0,0,1,0.0,1,CRM
2025-06-30,MC011,Referral,0,0,4,0.0,0,Manual
2025-07-01,MC011,Referral,0,0,10,0.0,0,GA4
2025-07-02,MC011,Referral,0,0,7,0.0,0,CRM
2025-07-03,MC011,Referral,0,0,4,0.0,0,GA4
2025-07-04,MC011,Referral,0,0,3,0.0,0,GA4
2025-07-05,MC011,Referral,0,0,0,0.0,0,GA4
2025-07-06,MC011,Referral,0,0,4,0.0,0,Google Ads
2025-07-07,MC011,Referral,0,0,6,0.0,1,CRM
2025-07-08,MC011,Referral,0,0,6,0.0,0,GA4
2025-07-09,MC011,Partner Referral,0,0,5,0.0,1,Google Ads
2025-07-10,MC011,Referral,0,0,7,0.0,1,GA4
2025-07-11,MC011,Referral,0,0,10,0.0,0,GA4
2025-07-12,MC011,Referral,0,0,2,0.0,0,Manual
2025-07-13,MC011,Referral,0,0,2,0.0,0,GA4
07-14-2025,MC011,Referral,0,0,10,0.0,0,CRM
2025-07-15,MC011,Referral,0,0,5,0.0,0,Meta
2025-07-16,MC011,Referral,0,0,4,0.0,0,CRM
2025-07-17,MC011,Referral,0,0,15,0.0,0,GA4
2025-07-18,MC011,Referral,0,0,8,0.0,0,Google Ads
2025-07-19,MC011,Referral,0,0,2,0.0,0,GA4
2025-07-20,MC011,Referral,0,0,1,0.0,1,Google Ads
2025-07-21,MC011,Partner Referral,0,0,10,0.0,0,Google Ads
2025-07-22,MC011,Referral,0,0,5,0.0,0,CRM
2025-07-23,MC011,Referral,0,0,3,0.0,0,GA4
2025-07-24,MC011,Referral,0,0,4,0.0,0,CRM
2025-07-25,MC011,Referral,0,0,7,0.0,0,Manual
2025-07-26,MC011,Referral,0,0,3,0.0,0,CRM
2025-07-27,MC011,Referral,0,0,1,0.0,0,GA4
2025-07-28,MC011,Referral,0,0,8,0.0,0,Manual
2025-07-29,MC011,Referral,0,0,4,0.0,0,CRM
2025-07-30,MC011,Referral,0,0,6,0.0,1,Meta
2025-07-31,MC011,Referral,0,0,5,0.0,1,GA4
2025-08-01,MC011,Referral,0,0,7,0.0,2,Meta
2025-08-02,MC011,Referral,0,0,8,0.0,0,Meta
2025-08-03,MC011,Referral,0,0,1,0.0,0,GA4
2025-08-04,MC011,Referral,0,0,5,0.0,0,Manual
2025-08-05,MC011,Referral,0,0,3,0.0,0,GA4
2025-08-06,MC011,Referral,0,0,13,0.0,0,Google Ads
2025-08-07,MC011,Referral,0,0,5,0.0,1,GA4
2025-08-08,MC011,Referral,0,0,3,0.0,1,GA4
2025-08-09,MC011,Referral,0,0,1,0.0,0,Google Ads
2025-08-10,MC011,Referral,0,0,0,0.0,0,Manual
2025-08-11,MC011,Referral,0,0,5,0.0,1,CRM
2025-08-12,MC011,Referral,0,0,5,0.0,1,GA4
2025-08-13,MC011,Referral,0,0,3,0.0,0,GA4
2025-08-14,MC011,Referral,0,0,2,0.0,0,GA4
2025-08-15,MC011,Referral,0,0,3,0.0,0,CRM
2025-08-16,MC011,Referral,0,0,1,0.0,0,Google Ads
2025-08-17,MC011,Referral,0,0,3,0.0,0,GA4
2025-08-18,MC011,Referral,0,0,4,0.0,0,CRM
2025-08-19,MC011,Referral,0,0,5,0.0,0,Google Ads
2025-08-20,MC011,Referral,0,0,5,0.0,0,Google Ads
2025-08-21,MC011,Referral,0,0,5,0.0,0,Meta
2025-08-22,MC011,Referral,0,0,4,0.0,0,Google Ads
2025-08-23,MC011,Referral,0,0,2,0.0,0,CRM
2025-08-24,MC011,Referral,0,0,8,0.0,1,GA4
2025-08-25,MC011,Referral,0,0,5,0.0,0,CRM
2025-08-26,MC011,Referral,0,0,4,0.0,0,Google Ads
27/08/2025,MC011,Referral,0,0,9,0.0,0,GA4
2025-08-28,MC011,Referral,0,0,9,0.0,0,CRM
2025-08-29,MC011,Referral,0,0,3,0.0,1,Meta
2025-08-30,MC011,Referral,0,0,2,0.0,1,Meta
2025-08-31,MC011,Referral,0,0,2,0.0,0,GA4
2025-09-01,MC011,Referral,0,0,12,0.0,0,GA4
2025-09-02,MC011,Referral,0,0,6,0.0,0,CRM
03/09/2025,MC011,Referral,0,0,5,0.0,0,Google Ads
2025-09-04,MC011,Referral,0,0,8,0.0,1,Google Ads
2025-09-05,MC011,Referral,0,0,7,0.0,0,GA4
2025-09-06,MC011,referral,0,0,3,0.0,1,GA4
2025-09-07,MC011,Referral,0,0,1,0.0,0,Manual
2025-09-08,MC011,Referral,0,0,7,0.0,0,GA4
2025-09-09,MC011,Referral,0,0,5,0.0,0,GA4
2025-09-10,MC011,Referral,0,0,7,0.0,0,CRM
2025-09-11,MC011,Referral,0,0,7,0.0,0,GA4
2025-09-12,MC011,Referral,0,0,3,0.0,1,Manual
2025-09-13,MC011,Referral,0,0,0,0.0,0,GA4
2025-09-14,MC011,Referral,0,0,3,0.0,1,Google Ads
2025-09-15,MC011,referral,0,0,6,0.0,0,Manual
2025-09-16,MC011,Referral,0,0,7,0.0,1,Google Ads
2025-09-17,MC011,Referral,0,0,7,0.0,0,Manual
2025-09-18,MC011,Referral,0,0,8,0.0,0,Manual
2025-09-19,MC011,Referral,0,0,4,0.0,0,Manual
2025-09-20,MC011,Referral,0,0,1,0.0,0,Google Ads
2025-09-21,MC011,Referral,0,0,3,0.0,1,GA4
2025-09-22,MC011,Referral,0,0,8,0.0,3,Manual
2025-09-23,MC011,Referral,0,0,4,0.0,0,CRM
2025-09-24,MC011,Referral,0,0,3,0.0,1,GA4
2025-09-25,MC011,Referral,0,0,9,0.0,0,Google Ads
2025-09-26,MC011,Referral,0,0,7,0.0,0,Google Ads
2025-09-27,MC011,Referral,0,0,2,0.0,0,Manual
2025-09-28,MC011,Referral,0,0,3,0.0,0,CRM
2025-09-29,MC011,Referral,0,0,4,0.0,0,Manual
2025-09-30,MC011,Referral,0,0,6,0.0,0,GA4
2025-10-01,MC011,Referral,0,0,6,0.0,0,GA4
2025-10-02,MC011,Referral,0,0,5,0.0,0,CRM
2025-10-03,MC011,Referral,0,0,6,0.0,0,Manual
2025-10-04,MC011,Referral,0,0,0,0.0,0,Meta
2025-10-05,MC011,Referral,0,0,7,0.0,0,GA4
2025-10-06,MC011,Referral,0,0,11,0.0,0,CRM
2025-10-07,MC011,Referral,0,0,11,0.0,1,GA4
2025-10-08,MC011,referral,0,0,7,0.0,0,Google Ads
2025-10-09,MC011,Referral,0,0,3,0.0,0,Manual
2025-10-10,MC011,Referral,0,0,8,0.0,0,Manual
2025-10-11,MC011,Referral,0,0,2,0.0,0,CRM
2025-10-12,MC011,Referral,0,0,4,0.0,0,Manual
2025-10-13,MC011,Referral,0,0,10,0.0,1,GA4
2025-10-14,MC011,Referral,0,0,9,0.0,1,Meta
2025-10-15,MC011,Referral,0,0,9,0.0,0,CRM
2025-10-16,MC011,Referral,0,0,7,0.0,0,GA4
2025-10-17,MC011,Referral,0,0,13,0.0,0,Manual
2025-10-18,MC011,Referral,0,0,2,0.0,0,Manual
2025-10-19,MC011,Referral,0,0,5,0.0,0,Google Ads
2025-10-20,MC011,Referral,0,0,5,0.0,0,CRM
2025-10-21,MC011,Referral,0,0,5,0.0,1,GA4
2025-10-22,MC011,Referral,0,0,2,0.0,0,CRM
2025-10-23,MC011,Referral,0,0,7,0.0,0,GA4
2025-10-24,MC011,Referral,0,0,8,0.0,0,GA4
2025-10-25,MC011,Referral,0,0,2,0.0,0,Meta
2025-10-26,MC011,Referral,0,0,2,0.0,0,Google Ads
2025-10-27,MC011,Referral,0,0,8,0.0,1,CRM
2025-10-28,MC011,Referral,0,0,3,0.0,0,CRM
2025-10-29,MC011,Referral,0,0,4,0.0,0,GA4
2025-10-30,MC011,Referral,0,0,8,0.0,2,GA4
2025-10-31,MC011,Referral,0,0,6,0.0,0,CRM
2025-11-01,MC011,Referral,0,0,3,0.0,0,Manual
2025-11-02,MC011,Referral,0,0,2,0.0,0,Google Ads
2025-11-03,MC011,Referral,0,0,8,0.0,2,GA4
2025-11-04,MC011,Referral,0,0,6,0.0,0,CRM
2025-11-05,MC011,Referral,0,0,4,0.0,1,Meta
2025-11-06,MC011,Referral,0,0,10,0.0,1,Manual
2025-11-07,MC011,Partner Referral,0,0,14,0.0,0,GA4
2025-11-08,MC011,Referral,0,0,5,0.0,0,GA4
2025-11-09,MC011,Referral,0,0,5,0.0,0,GA4
2025-11-10,MC011,Referral,0,0,8,0.0,0,Google Ads
2025-11-11,MC011,Referral,0,0,10,0.0,0,Meta
2025-11-12,MC011,Referral,0,0,8,0.0,0,Meta
2025-11-13,MC011,Referral,0,0,6,0.0,0,Manual
2025-11-14,MC011,Referral,0,0,10,0.0,0,GA4
2025-11-15,MC011,Referral,0,0,2,0.0,0,CRM
2025-11-16,MC011,Referral,0,0,5,0.0,0,Meta
2025-11-17,MC011,Referral,0,0,12,0.0,1,Google Ads
18/11/2025,MC011,Referral,0,0,3,0.0,0,Meta
2025-11-19,MC011,Referral,0,0,4,0.0,1,Google Ads
2025-11-20,MC011,Referral,0,0,12,0.0,1,GA4
2025-11-21,MC011,Referral,0,0,2,0.0,0,Manual
2025-11-22,MC011,Referral,0,0,4,0.0,0,Google Ads
2025-11-23,MC011,Referral,0,0,2,0.0,0,GA4
2025-11-24,MC011,Referral,0,0,7,0.0,1,Manual
2025-11-25,MC011,Referral,0,0,4,0.0,0,GA4
2025-11-26,MC011,Referral,0,0,8,0.0,0,CRM
2025-11-27,MC011,Referral,0,0,11,0.0,0,Manual
2025-11-28,MC011,Referral,0,0,6,0.0,0,CRM
2025-11-29,MC011,Referral,0,0,3,0.0,0,Manual
2025-11-30,MC011,Referral,0,0,6,0.0,0,GA4
2025-12-01,MC011,Referral,0,0,9,0.0,0,GA4
2025-12-02,MC011,Referral,0,0,5,0.0,0,Manual
2025-12-03,MC011,Partner Referral,0,0,12,0.0,0,GA4
2025-12-04,MC011,Referral,0,0,7,0.0,1,GA4
2025-12-05,MC011,Referral,0,0,7,0.0,0,CRM
2025-12-06,MC011,Referral,0,0,3,0.0,0,Meta
2025-12-07,MC011,Referral,0,0,3,0.0,1,CRM
2025-12-08,MC011,Referral,0,0,12,0.0,0,Manual
2025-12-09,MC011,Referral,0,0,5,0.0,1,GA4
2025-12-10,MC011,Referral,0,0,6,0.0,1,Meta
2025-12-11,MC011,Referral,0,0,5,0.0,0,Meta
2025-12-12,MC011,Referral,0,0,5,0.0,0,Meta
2025-12-13,MC011,Referral,0,0,1,0.0,0,GA4
2025-12-14,MC011,Referral,0,0,4,0.0,0,GA4
2025-12-15,MC011,Referral,0,0,6,0.0,0,CRM
2025-12-16,MC011,Referral,0,0,5,0.0,0,GA4
2025-12-17,MC011,Referral,0,0,12,0.0,1,CRM
2025-12-18,MC011,Referral,0,0,6,0.0,0,GA4
2025-12-19,MC011,Referral,0,0,4,0.0,1,CRM
2025-12-20,MC011,Referral,0,0,2,0.0,0,Google Ads
2025-12-21,MC011,Referral,0,0,2,0.0,0,CRM
2025-12-22,MC011,Referral,0,0,5,0.0,1,GA4
2025-12-23,MC011,Referral,0,0,2,0.0,0,Manual
2025-12-24,MC011,Referral,0,0,10,0.0,0,Manual
2025-12-25,MC011,Referral,0,0,6,0.0,0,Meta
2025-12-26,MC011,Referral,0,0,7,0.0,0,Meta
2025-12-27,MC011,Referral,0,0,1,0.0,0,Manual
2025-12-28,MC011,Referral,0,0,3,0.0,1,Manual
2025-12-29,MC011,Referral,0,0,8,0.0,0,GA4
2025-12-30,MC011,Referral,0,0,11,0.0,0,Google Ads
2025-12-31,MC011,Referral,0,0,4,0.0,0,GA4
2026-01-01,MC011,referral,0,0,1,0.0,1,GA4
2026-01-02,MC011,Referral,0,0,8,0.0,0,Google Ads
2026-01-03,MC011,Referral,0,0,2,0.0,0,CRM
2026-01-04,MC011,Referral,0,0,2,0.0,1,CRM
2026-01-05,MC011,Referral,0,0,10,0.0,0,GA4
2026-01-06,MC011,Referral,0,0,7,0.0,0,Meta
2026-01-07,MC011,Referral,0,0,8,0.0,0,Google Ads
2026-01-08,MC011,Referral,0,0,8,0.0,0,Google Ads
2026-01-09,MC011,Referral,0,0,5,0.0,0,Meta
2026-01-10,MC011,Referral,0,0,2,0.0,0,GA4
2026-01-11,MC011,Referral,0,0,2,0.0,0,CRM
2026-01-12,MC011,Referral,0,0,7,0.0,0,GA4
2026-01-13,MC011,Referral,0,0,4,0.0,0,GA4
2026-01-14,MC011,Referral,0,0,4,0.0,1,Meta
2026-01-15,MC011,Referral,0,0,5,0.0,0,CRM
2026-01-16,MC011,Referral,0,0,7,0.0,1,CRM
2026-01-17,MC011,Referral,0,0,4,0.0,0,CRM
2026-01-18,MC011,Referral,0,0,0,0.0,0,Manual
2026-01-19,MC011,Referral,0,0,5,0.0,0,Meta
2026-01-20,MC011,referral,0,0,4,0.0,1,CRM
2026-01-21,MC011,Referral,0,0,6,0.0,1,Manual
2026-01-22,MC011,Referral,0,0,4,0.0,0,Meta
2026-01-23,MC011,Referral,0,0,4,0.0,0,GA4
2026-01-24,MC011,Referral,0,0,3,0.0,0,Manual
2026-01-25,MC011,Referral,0,0,1,0.0,0,Google Ads
2026-01-26,MC011,Referral,0,0,7,0.0,0,CRM
2026-01-27,MC011,Referral,0,0,10,0.0,0,GA4
2026-01-28,MC011,Referral,0,0,3,0.0,0,Google Ads
2026-01-29,MC011,Referral,0,0,12,0.0,0,Manual
2026-01-30,MC011,Referral,0,0,4,0.0,1,Google Ads
2026-01-31,MC011,Referral,0,0,1,0.0,0,GA4
2026-02-01,MC011,referral,0,0,1,0.0,0,Meta
2026-02-02,MC011,Referral,0,0,6,0.0,0,Manual
2026-02-03,MC011,Referral,0,0,4,0.0,1,CRM
2026-02-04,MC011,Referral,0,0,6,0.0,0,Manual
2026-02-05,MC011,Referral,0,0,4,0.0,1,GA4
2026-02-06,MC011,Referral,0,0,3,0.0,1,CRM
2026-02-07,MC011,referral,0,0,1,0.0,0,Google Ads
2026-02-08,MC011,Referral,0,0,2,0.0,0,Meta
2026-02-09,MC011,Referral,0,0,4,0.0,0,CRM
2026-02-10,MC011,Partner Referral,0,0,5,0.0,0,CRM
2026-02-11,MC011,Referral,0,0,7,0.0,0,GA4
2026-02-12,MC011,Referral,0,0,6,0.0,0,Google Ads
2026-02-13,MC011,Referral,0,0,1,0.0,1,CRM
2026-02-14,MC011,Referral,0,0,3,0.0,1,Manual
2026-02-15,MC011,Referral,0,0,2,0.0,0,GA4
2026-02-16,MC011,Referral,0,0,5,0.0,0,CRM
2026-02-17,MC011,Referral,0,0,6,0.0,0,Meta
2026-02-18,MC011,Referral,0,0,7,0.0,1,Manual
2026-02-19,MC011,Referral,0,0,1,0.0,0,GA4
2026-02-20,MC011,Referral,0,0,10,0.0,0,Meta
2026-02-21,MC011,Referral,0,0,1,0.0,0,CRM
2026-02-22,MC011,Referral,0,0,1,0.0,0,GA4
2026-02-23,MC011,Referral,0,0,4,0.0,1,CRM
2026-02-24,MC011,Referral,0,0,2,0.0,0,Google Ads
2026-02-25,MC011,Partner Referral,0,0,3,0.0,0,GA4
2026-02-26,MC011,Referral,0,0,4,0.0,0,Google Ads
2026-02-27,MC011,Referral,0,0,4,0.0,0,GA4
2026-02-28,MC011,Referral,0,0,2,0.0,1,Google Ads
2026-03-01,MC011,Referral,0,0,4,0.0,0,Manual
2026-03-02,MC011,Referral,0,0,4,0.0,0,GA4
2026-03-03,MC011,Referral,0,0,7,0.0,0,GA4
2026-03-04,MC011,Referral,0,0,9,0.0,0,GA4
2026-03-05,MC011,Referral,0,0,6,0.0,0,Google Ads
2026-03-06,MC011,Referral,0,0,11,0.0,0,CRM
2026-03-07,MC011,Referral,0,0,2,0.0,1,GA4
2026-03-08,MC011,Referral,0,0,5,0.0,0,CRM
2026-03-09,MC011,referral,0,0,6,0.0,0,GA4
2026-03-10,MC011,Referral,0,0,3,0.0,0,GA4
2026-03-11,MC011,Referral,0,0,5,0.0,1,Manual
2026-03-12,MC011,Partner Referral,0,0,8,0.0,2,GA4
2026-03-13,MC011,Referral,0,0,4,0.0,0,GA4
2026-03-14,MC011,Referral,0,0,2,0.0,0,Google Ads
2026-03-15,MC011,Referral,0,0,2,0.0,1,CRM
2026-03-16,MC011,Referral,0,0,3,0.0,0,GA4
2026-03-17,MC011,Referral,0,0,8,0.0,0,GA4
2026-03-18,MC011,Referral,0,0,3,0.0,1,CRM
2026-03-19,MC011,Referral,0,0,7,0.0,0,GA4
2026-03-20,MC011,Referral,0,0,2,0.0,1,GA4
2026-03-21,MC011,Referral,0,0,4,0.0,0,CRM
2026-03-22,MC011,Referral,0,0,4,0.0,1,CRM
2026-03-23,MC011,Referral,0,0,10,0.0,0,Meta
2026-03-24,MC011,Partner Referral,0,0,5,0.0,0,Google Ads
2026-03-25,MC011,Referral,0,0,4,0.0,0,GA4
2026-03-26,MC011,Referral,0,0,6,0.0,0,CRM
2026-03-27,MC011,Referral,0,0,6,0.0,0,Google Ads
2026-03-28,MC011,Referral,0,0,5,0.0,0,GA4
2026-03-29,MC011,Referral,0,0,2,0.0,0,GA4
2026-03-30,MC011,Referral,0,0,5,0.0,0,Google Ads
2026-03-31,MC011,Referral,0,0,4,0.0,0,Google Ads
2026-04-01,MC011,Referral,0,0,9,0.0,0,CRM
2026-04-02,MC011,Referral,0,0,5,0.0,0,Manual
2026-04-03,MC011,Referral,0,0,5,0.0,0,Google Ads
2026-04-04,MC011,Referral,0,0,1,0.0,1,Google Ads
2026-04-05,MC011,Referral,0,0,3,0.0,0,CRM
2026-04-06,MC011,Referral,0,0,6,0.0,0,Google Ads
2026-04-07,MC011,Referral,0,0,8,0.0,0,Manual
2026-04-08,MC011,Referral,0,0,6,0.0,1,CRM
2026-04-09,MC011,Referral,0,0,8,0.0,0,CRM
2026-04-10,MC011,Referral,0,0,5,0.0,0,Google Ads
2026-04-11,MC011,Referral,0,0,5,0.0,1,GA4
2026-04-12,MC011,Referral,0,0,2,0.0,1,CRM
2026-04-13,MC011,Referral,0,0,4,0.0,0,Google Ads
2026-04-14,MC011,Referral,0,0,3,0.0,0,Google Ads
2026-04-15,MC011,Partner Referral,0,0,5,0.0,0,GA4
2026-04-16,MC011,Referral,0,0,5,0.0,0,CRM
2026-04-17,MC011,Referral,0,0,7,0.0,0,Manual
2026-04-18,MC011,Referral,0,0,4,0.0,1,GA4
2026-04-19,MC011,Referral,0,0,1,0.0,1,CRM
2026-04-20,MC011,referral,0,0,9,0.0,2,Manual
2026-04-21,MC011,Referral,0,0,10,0.0,1,Manual
2026-04-22,MC011,Referral,0,0,5,0.0,1,GA4
2026-04-23,MC011,Referral,0,0,9,0.0,0,CRM
2026-04-24,MC011,Referral,0,0,4,0.0,0,GA4
2026-04-25,MC011,Referral,0,0,2,0.0,0,CRM
2026-04-26,MC011,Referral,0,0,1,0.0,0,GA4
2026-04-27,MC011,Referral,0,0,10,0.0,0,CRM
2026-04-28,MC011,Referral,0,0,4,0.0,0,Google Ads
2026-04-29,MC011,Referral,0,0,6,0.0,0,CRM
2026-04-30,MC011,Referral,0,0,2,0.0,0,Google Ads
2026-05-01,MC011,Referral,0,0,9,0.0,0,Manual
2026-05-02,MC011,referral,0,0,5,0.0,1,CRM
2026-05-03,MC011,Referral,0,0,3,0.0,0,Google Ads
2026-05-04,MC011,Referral,0,0,9,0.0,0,GA4
2026-05-05,MC011,Referral,0,0,6,0.0,0,Google Ads
2026-05-06,MC011,Referral,0,0,4,0.0,0,Manual
2026-05-07,MC011,Referral,0,0,6,0.0,0,CRM
2026-05-08,MC011,Referral,0,0,5,0.0,0,GA4
2026-05-09,MC011,Referral,0,0,3,0.0,1,Manual
2026-05-10,MC011,Referral,0,0,3,0.0,0,GA4
2026-05-11,MC011,Referral,0,0,8,0.0,0,GA4
2026-05-12,MC011,Referral,0,0,5,0.0,0,Meta
2026-05-13,MC011,Referral,0,0,12,0.0,0,GA4
2026-05-14,MC011,Referral,0,0,4,0.0,1,CRM
2026-05-15,MC011,Referral,0,0,6,0.0,0,GA4
2026-05-16,MC011,Referral,0,0,6,0.0,0,Manual
2026-05-17,MC011,Referral,0,0,3,0.0,1,Google Ads
2026-05-18,MC011,Referral,0,0,7,0.0,0,Meta
2026-05-19,MC011,Referral,0,0,5,0.0,0,GA4
2026-05-20,MC011,Referral,0,0,7,0.0,0,GA4
2026-05-21,MC011,Referral,0,0,6,0.0,0,GA4
2026-05-22,MC011,Referral,0,0,10,0.0,0,GA4
2026-05-23,MC011,Referral,0,0,4,0.0,0,GA4
2026-05-24,MC011,Referral,0,0,1,0.0,1,GA4
2026-05-25,MC011,Referral,0,0,8,0.0,0,GA4
2026-05-26,MC011,Referral,0,0,3,0.0,0,CRM
2026-05-27,MC011,Referral,0,0,9,0.0,0,CRM
2026-05-28,MC011,Referral,0,0,4,0.0,0,CRM
2026-05-29,MC011,Referral,0,0,10,0.0,0,CRM
2026-05-30,MC011,Referral,0,0,1,0.0,0,GA4
2026-05-31,MC011,Referral,0,0,2,0.0,1,CRM
2026-06-01,MC011,Referral,0,0,7,0.0,0,Google Ads
2026-06-02,MC011,Referral,0,0,5,0.0,1,GA4
2026-06-03,MC011,Partner Referral,0,0,3,0.0,0,Google Ads
2026-06-04,MC011,Referral,0,0,8,0.0,0,GA4
2026-06-05,MC011,Referral,0,0,3,0.0,1,Meta
2026-06-06,MC011,Referral,0,0,4,0.0,0,GA4
2026-06-07,MC011,Referral,0,0,1,0.0,0,Manual
2026-06-08,MC011,Referral,0,0,6,0.0,0,Google Ads
2026-06-09,MC011,Referral,0,0,4,0.0,0,GA4
2026-06-10,MC011,Referral,0,0,5,0.0,0,CRM
2026-06-11,MC011,Referral,0,0,5,0.0,0,Google Ads
2026-06-12,MC011,Referral,0,0,4,0.0,0,GA4
2026-06-13,MC011,Referral,0,0,0,0.0,0,CRM
2026-06-14,MC011,Referral,0,0,2,0.0,0,CRM
2026-06-15,MC011,Referral,0,0,2,0.0,1,CRM
2026-06-16,MC011,Referral,0,0,6,0.0,0,Google Ads
2026-06-17,MC011,Referral,0,0,2,0.0,0,Meta
2026-06-18,MC011,Referral,0,0,4,0.0,0,CRM
2026-06-19,MC011,Referral,0,0,7,0.0,0,Meta
2026-06-20,MC011,Referral,0,0,5,0.0,0,GA4
2026-06-21,MC011,Referral,0,0,2,0.0,0,GA4
2026-06-22,MC011,Referral,0,0,7,0.0,1,GA4
2026-06-23,MC011,Referral,0,0,5,0.0,0,Meta
2026-06-24,MC011,Referral,0,0,3,0.0,0,GA4
2026-06-25,MC011,Referral,0,0,5,0.0,1,Meta
2026-06-26,MC011,Referral,0,0,10,0.0,0,GA4
2026-06-27,MC011,Referral,0,0,1,0.0,0,Meta
2026-06-28,MC011,Referral,0,0,1,0.0,1,CRM
2026-06-29,MC011,Referral,0,0,7,0.0,0,Manual
2026-06-30,MC011,Referral,0,0,4,0.0,0,Google Ads
2026-07-01,MC011,Referral,0,0,6,0.0,1,CRM
2026-07-02,MC011,Referral,0,0,5,0.0,1,GA4
2026-07-03,MC011,Referral,0,0,7,0.0,0,CRM
2026-07-04,MC011,Referral,0,0,1,0.0,0,Google Ads
2026-07-05,MC011,Referral,0,0,6,0.0,0,Meta
2026-07-06,MC011,Partner Referral,0,0,3,0.0,0,CRM
2026-07-07,MC011,Referral,0,0,3,0.0,1,GA4
2026-07-08,MC011,Referral,0,0,4,0.0,1,CRM
09/07/2026,MC011,Referral,0,0,10,0.0,1,CRM
2026-07-10,MC011,Referral,0,0,8,0.0,0,CRM
2026-07-11,MC011,Referral,0,0,8,0.0,0,GA4
2026-07-12,MC011,Referral,0,0,2,0.0,0,Google Ads
2026-07-13,MC011,Referral,0,0,2,0.0,0,Manual
2026-07-14,MC011,Referral,0,0,2,0.0,1,GA4
2026-07-15,MC011,Referral,0,0,9,0.0,0,GA4
2026-07-16,MC011,Referral,0,0,8,0.0,0,CRM
2026-07-17,MC011,Referral,0,0,5,0.0,1,Google Ads
2026-07-18,MC011,referral,0,0,2,0.0,0,CRM
2026-07-19,MC011,Referral,0,0,4,0.0,0,Google Ads
2026-07-20,MC011,Referral,0,0,6,0.0,0,Meta
2026-07-21,MC011,Partner Referral,0,0,6,0.0,0,GA4
2026-07-22,MC011,Referral,0,0,8,0.0,0,GA4
2026-07-23,MC011,Referral,0,0,5,0.0,0,Google Ads
2026-07-24,MC011,Referral,0,0,10,0.0,0,CRM
2026-07-25,MC011,Referral,0,0,1,0.0,0,GA4
2026-07-26,MC011,Referral,0,0,2,0.0,1,GA4
2026-07-27,MC011,Referral,0,0,10,0.0,0,GA4
2026-07-28,MC011,Referral,0,0,5,0.0,0,GA4
2026-07-29,MC011,Referral,0,0,10,0.0,0,GA4
2026-07-30,MC011,Referral,0,0,8,0.0,0,GA4
2026-07-31,MC011,Referral,0,0,4,0.0,0,Meta
2026-08-01,MC011,Referral,0,0,1,0.0,0,GA4
2026-08-02,MC011,Referral,0,0,2,0.0,0,GA4
03/08/2026,MC011,Referral,0,0,6,0.0,0,Meta
2026-08-04,MC011,Referral,0,0,5,0.0,0,Meta
2026-08-05,MC011,Referral,0,0,4,0.0,0,GA4
2026-08-06,MC011,Referral,0,0,6,0.0,0,CRM
2026-08-07,MC011,Referral,0,0,3,0.0,1,GA4
2026-08-08,MC011,Referral,0,0,2,0.0,0,Meta
09/08/2026,MC011,Referral,0,0,0,0.0,0,GA4
2026-08-10,MC011,Referral,0,0,2,0.0,0,CRM
2026-08-11,MC011,Referral,0,0,9,0.0,0,Meta
2026-08-12,MC011,Referral,0,0,4,0.0,0,Google Ads
2026-08-13,MC011,Referral,0,0,7,0.0,0,CRM
2026-08-14,MC011,Referral,0,0,7,0.0,0,Meta
2026-08-15,MC011,Referral,0,0,9,0.0,0,CRM
2026-08-16,MC011,Referral,0,0,1,0.0,1,GA4
2026-08-17,MC011,Referral,0,0,5,0.0,0,Meta
2026-08-18,MC011,Referral,0,0,6,0.0,0,Google Ads
2026-08-19,MC011,Referral,0,0,8,0.0,0,Manual
2026-08-20,MC011,Referral,0,0,6,0.0,0,Manual
2026-08-21,MC011,Referral,0,0,7,0.0,0,Manual
2026-08-22,MC011,Referral,0,0,1,0.0,1,GA4
2026-08-23,MC011,Referral,0,0,4,0.0,0,Manual
2026-08-24,MC011,Referral,0,0,3,0.0,0,Google Ads
2026-08-25,MC011,Referral,0,0,4,0.0,1,Manual
2026-08-26,MC011,Referral,0,0,8,0.0,1,CRM
2026-08-27,MC011,Referral,0,0,3,0.0,0,GA4
2026-08-28,MC011,Referral,0,0,5,0.0,1,Manual
2026-08-29,MC011,Referral,0,0,1,0.0,0,Google Ads
2026-08-30,MC011,Referral,0,0,3,0.0,1,CRM
2026-08-31,MC011,Referral,0,0,4,0.0,0,Manual
2025-01-01,MC012,Email,15,12,12,0.0,0,GA4
2025-01-02,MC012,Email,10,9,9,0.0,1,GA4
2025-01-03,MC012,Email,11,8,8,0.0,0,CRM
2025-01-04,MC012,Email,3,2,2,0.0,0,GA4
2025-01-05,MC012,Email,10,5,5,0.0,0,GA4
2025-01-06,MC012,Email,29,12,12,0.0,0,Manual
2025-01-07,MC012,Email,18,7,7,0.0,1,GA4
2025-01-08,MC012,EDM,14,8,8,0.0,0,GA4
2025-01-09,MC012,Email,6,4,4,0.0,0,GA4
2025-01-10,MC012,Email,20,12,12,0.0,0,Google Ads
2025-01-11,MC012,Email,14,8,8,0.0,0,Manual
2025-01-12,MC012,Email,5,3,3,0.0,0,Google Ads
2025-01-13,MC012,Email,11,6,6,0.0,0,Manual
2025-01-14,MC012,Email,26,10,10,0.0,0,CRM
2025-01-15,MC012,Email,14,9,9,0.0,0,CRM
2025-01-16,MC012,Email,19,7,7,0.0,1,GA4
2025-01-17,MC012,email,15,6,6,0.0,0,GA4
2025-01-18,MC012,Email,0,0,0,0.0,0,Manual
2025-01-19,MC012,Email,4,3,3,0.0,0,GA4
2025-01-20,MC012,Email,18,13,13,0.0,0,GA4
2025-01-21,MC012,Email,3,2,2,0.0,0,Manual
2025-01-22,MC012,Email,29,11,11,0.0,0,GA4
2025-01-23,MC012,Email,14,9,9,0.0,0,Meta
2025-01-24,MC012,Email,16,7,7,0.0,0,Manual
2025-01-25,MC012,Email,7,4,4,0.0,1,Google Ads
2025-01-26,MC012,Email,11,6,6,0.0,0,CRM
2025-01-27,MC012,Email,5,5,5,0.0,0,Manual
2025-01-28,MC012,Email,23,9,9,0.0,0,GA4
2025-01-29,MC012,Email,13,5,5,0.0,0,GA4
2025-01-30,MC012,Email,25,13,13,0.0,1,Manual
2025-01-31,MC012,EDM,9,6,6,0.0,2,GA4
2025-02-01,MC012,Email,6,3,3,0.0,0,GA4
2025-02-02,MC012,Email,6,3,3,0.0,0,Manual
2025-02-03,MC012,Email,9,6,6,0.0,0,CRM
2025-02-04,MC012,Email,14,9,9,0.0,0,Google Ads
2025-02-05,MC012,Email,11,8,8,0.0,0,GA4
2025-02-06,MC012,Email,5,3,3,0.0,0,Manual
2025-02-07,MC012,Email,18,11,11,0.0,0,GA4
2025-02-08,MC012,Email,4,3,3,0.0,0,GA4
2025-02-09,MC012,Email,9,4,4,0.0,0,GA4
2025-02-10,MC012,Email,15,9,9,0.0,0,CRM
2025-02-11,MC012,Email,17,7,7,0.0,1,CRM
2025-02-12,MC012,Email,6,3,3,0.0,0,Meta
2025-02-13,MC012,Email,10,5,5,0.0,1,Manual
2025-02-14,MC012,Email,8,5,5,0.0,0,GA4
2025-02-15,MC012,Email,0,0,0,0.0,0,Manual
2025-02-16,MC012,Email,2,1,1,0.0,0,GA4
2025-02-17,MC012,Email,6,5,5,0.0,0,GA4
2025-02-18,MC012,Email,12,5,5,0.0,0,CRM
2025-02-19,MC012,Email,13,9,9,0.0,0,GA4
2025-02-20,MC012,Email,7,6,6,0.0,0,GA4
2025-02-21,MC012,Email,7,6,6,0.0,0,Google Ads
2025-02-22,MC012,Email,7,3,3,0.0,0,CRM
2025-02-23,MC012,Email,3,2,2,0.0,0,GA4
2025-02-24,MC012,Email,7,6,6,0.0,0,Manual
2025-02-25,MC012,Email,18,7,7,0.0,1,GA4
2025-02-26,MC012,Email,5,4,4,0.0,0,GA4
2025-02-27,MC012,Email,28,11,11,0.0,0,Manual
2025-02-28,MC012,Email,10,6,6,0.0,2,Google Ads
2025-03-01,MC012,Email,6,4,4,0.0,0,CRM
2025-03-02,MC012,Email,4,2,2,0.0,0,Manual
2025-03-03,MC012,Email,14,6,6,0.0,0,CRM
2025-03-04,MC012,Email,19,13,13,0.0,0,CRM
2025-03-05,MC012,Email,15,11,11,0.0,0,Google Ads
2025-03-06,MC012,Email,7,4,4,0.0,1,GA4
2025-03-07,MC012,Email,13,6,6,0.0,1,Google Ads
2025-03-08,MC012,Email,11,4,4,0.0,0,CRM
2025-03-09,MC012,Email,4,4,4,0.0,0,Meta
2025-03-10,MC012,Email,15,7,7,0.0,0,CRM
2025-03-11,MC012,Email,1,1,1,0.0,1,Meta
2025-03-12,MC012,Email,17,8,8,0.0,1,CRM
2025-03-13,MC012,Email,17,8,8,0.0,0,GA4
2025-03-14,MC012,Email,10,8,8,0.0,0,Manual
2025-03-15,MC012,Email,4,3,3,0.0,1,Manual
2025-03-16,MC012,Email,1,1,1,0.0,1,CRM
2025-03-17,MC012,Email,11,4,4,0.0,0,GA4
2025-03-18,MC012,Email,12,11,11,0.0,0,GA4
2025-03-19,MC012,email,22,12,12,0.0,1,GA4
2025-03-20,MC012,Email,5,3,3,0.0,1,Manual
2025-03-21,MC012,Email,17,8,8,0.0,0,GA4
2025-03-22,MC012,Email,4,2,2,0.0,0,GA4
2025-03-23,MC012,Email,1,1,1,0.0,0,CRM
2025-03-24,MC012,Email,8,7,7,0.0,1,Meta
2025-03-25,MC012,Email,21,14,14,0.0,0,Manual
2025-03-26,MC012,Email,14,7,7,0.0,1,Meta
2025-03-27,MC012,Email,14,7,7,0.0,0,CRM
2025-03-28,MC012,Email,20,9,9,0.0,0,Google Ads
2025-03-29,MC012,Email,4,2,2,0.0,0,CRM
2025-03-30,MC012,Email,5,2,2,0.0,0,CRM
2025-03-31,MC012,Email,30,12,12,0.0,0,GA4
2025-04-01,MC012,Email,10,8,8,0.0,0,GA4
2025-04-02,MC012,Email,17,10,10,0.0,0,Meta
2025-04-03,MC012,Email,9,5,5,0.0,0,Meta
2025-04-04,MC012,Email,6,4,4,0.0,1,Meta
2025-04-05,MC012,Email,18,8,8,0.0,0,GA4
2025-04-06,MC012,Email,2,2,2,0.0,0,GA4
2025-04-07,MC012,Email,8,7,7,0.0,0,CRM
2025-04-08,MC012,Email,25,10,10,0.0,1,Meta
2025-04-09,MC012,Email,7,5,5,0.0,0,GA4
2025-04-10,MC012,Email,13,9,9,0.0,0,CRM
2025-04-11,MC012,Email,9,5,5,0.0,1,Manual
2025-04-12,MC012,Email,5,2,2,0.0,0,Meta
2025-04-13,MC012,Email,9,4,4,0.0,0,GA4
2025-04-14,MC012,Email,28,14,14,0.0,0,Google Ads
2025-04-15,MC012,Email,24,9,9,0.0,0,CRM
2025-04-16,MC012,email,20,12,12,0.0,0,CRM
2025-04-17,MC012,Email,17,8,8,0.0,1,GA4
2025-04-18,MC012,Email,5,5,5,0.0,0,GA4
2025-04-19,MC012,Email,13,5,5,0.0,0,GA4
2025-04-20,MC012,Email,2,1,1,0.0,0,Meta
2025-04-21,MC012,Email,11,9,9,0.0,0,CRM
2025-04-22,MC012,Email,21,13,13,0.0,0,Google Ads
2025-04-23,MC012,Email,20,12,12,0.0,0,GA4
2025-04-24,MC012,Email,23,12,12,0.0,0,Google Ads
2025-04-25,MC012,Email,11,10,10,0.0,0,CRM
2025-04-26,MC012,Email,6,4,4,0.0,1,Google Ads
2025-04-27,MC012,Email,7,3,3,0.0,0,Manual
2025-04-28,MC012,Email,15,10,10,0.0,0,CRM
2025-04-29,MC012,Email,26,11,11,0.0,1,Google Ads
2025-04-30,MC012,Email,13,6,6,0.0,0,Google Ads
2025-05-01,MC012,Email,12,9,9,0.0,0,CRM
2025-05-02,MC012,Email,35,13,13,0.0,0,GA4
2025-05-03,MC012,Email,2,1,1,0.0,0,GA4
2025-05-04,MC012,Email,5,4,4,0.0,0,Google Ads
2025-05-05,MC012,Email,19,10,10,0.0,0,GA4
2025-05-06,MC012,Email,24,10,10,0.0,0,Meta
2025-05-07,MC012,Email,10,5,5,0.0,1,CRM
2025-05-08,MC012,Email,6,4,4,0.0,0,Google Ads
2025-05-09,MC012,Email,24,10,10,0.0,1,Meta
2025-05-10,MC012,Email,1,1,1,0.0,0,Manual
11/05/2025,MC012,Email,9,7,7,0.0,1,Google Ads
2025-05-12,MC012,Email,9,7,7,0.0,1,CRM
2025-05-13,MC012,EDM,23,10,10,0.0,1,Manual
2025-05-14,MC012,Email,20,8,8,0.0,0,CRM
2025-05-15,MC012,Email,18,7,7,0.0,0,GA4
2025-05-16,MC012,Email,7,5,5,0.0,0,Meta
2025-05-17,MC012,Email,10,4,4,0.0,0,GA4
2025-05-18,MC012,Email,4,3,3,0.0,1,GA4
2025-05-19,MC012,Email,20,10,10,0.0,0,GA4
2025-05-20,MC012,Email,24,11,11,0.0,0,GA4
2025-05-21,MC012,Email,9,7,7,0.0,0,Meta
2025-05-22,MC012,Email,31,12,12,0.0,0,Meta
2025-05-23,MC012,Email,17,10,10,0.0,0,GA4
2025-05-24,MC012,Email,9,4,4,0.0,0,Manual
2025-05-25,MC012,Email,3,2,2,0.0,0,Google Ads
2025-05-26,MC012,Email,15,7,7,0.0,0,Meta
2025-05-27,MC012,Email,22,8,8,0.0,0,Manual
2025-05-28,MC012,Email,13,12,12,0.0,0,Manual
2025-05-29,MC012,Email,4,3,3,0.0,0,Google Ads
2025-05-30,MC012,Email,5,3,3,0.0,0,Meta
2025-05-31,MC012,Email,1,1,1,0.0,0,Google Ads
2025-06-01,MC012,Email,6,4,4,0.0,0,GA4
2025-06-02,MC012,Email,11,6,6,0.0,1,GA4
2025-06-03,MC012,Email,7,5,5,0.0,1,CRM
2025-06-04,MC012,Email,13,5,5,0.0,0,CRM
2025-06-05,MC012,Email,31,14,14,0.0,0,Manual
2025-06-06,MC012,Email,4,4,4,0.0,1,CRM
2025-06-07,MC012,Email,2,1,1,0.0,0,GA4
2025-06-08,MC012,Email,2,2,2,0.0,0,Meta
2025-06-09,MC012,Email,8,6,6,0.0,0,GA4
2025-06-10,MC012,Email,11,9,9,0.0,0,Google Ads
2025-06-11,MC012,Email,16,8,8,0.0,1,GA4
2025-06-12,MC012,Email,18,9,9,0.0,0,GA4
2025-06-13,MC012,Email,6,4,4,0.0,0,Google Ads
2025-06-14,MC012,Email,1,1,1,0.0,0,GA4
2025-06-15,MC012,Email,3,2,2,0.0,0,GA4
2025-06-16,MC012,Email,22,9,9,0.0,0,Manual
2025-06-17,MC012,Email,13,6,6,0.0,0,Google Ads
2025-06-18,MC012,Email,23,10,10,0.0,0,Google Ads
2025-06-19,MC012,Email,28,12,12,0.0,1,Google Ads
2025-06-20,MC012,Email,27,11,11,0.0,0,Google Ads
2025-06-21,MC012,Email,2,1,1,0.0,0,Google Ads
2025-06-22,MC012,Email,1,1,1,0.0,0,GA4
2025-06-23,MC012,Email,22,9,9,0.0,0,GA4
2025-06-24,MC012,Email,16,10,10,0.0,1,Google Ads
2025-06-25,MC012,Email,20,8,8,0.0,1,Google Ads
2025-06-26,MC012,Email,19,8,8,0.0,0,GA4
2025-06-27,MC012,Email,19,7,7,0.0,0,Meta
2025-06-28,MC012,Email,0,0,0,0.0,1,CRM
2025-06-29,MC012,Email,10,5,5,0.0,0,GA4
2025-06-30,MC012,Email,10,5,5,0.0,1,Meta
2025-07-01,MC012,Email,21,9,9,0.0,1,GA4
2025-07-02,MC012,EDM,18,9,9,0.0,0,CRM
2025-07-03,MC012,Email,8,6,6,0.0,0,Meta
07-04-2025,MC012,Email,13,6,6,0.0,0,Meta
2025-07-05,MC012,Email,6,4,4,0.0,1,GA4
2025-07-06,MC012,Email,10,5,5,0.0,0,GA4
2025-07-07,MC012,Email,24,9,9,0.0,1,Manual
2025-07-08,MC012,Email,6,5,5,0.0,1,Google Ads
2025-07-09,MC012,Email,11,4,4,0.0,1,GA4
2025-07-10,MC012,Email,8,7,7,0.0,0,GA4
2025-07-11,MC012,Email,7,5,5,0.0,1,CRM
2025-07-12,MC012,Email,7,4,4,0.0,0,Google Ads
2025-07-13,MC012,Email,7,6,6,0.0,0,Manual
2025-07-14,MC012,Email,8,8,8,0.0,0,GA4
2025-07-15,MC012,Email,23,9,9,0.0,0,Manual
2025-07-16,MC012,Email,21,12,12,0.0,1,GA4
2025-07-17,MC012,Email,13,5,5,0.0,1,Google Ads
2025-07-18,MC012,Email,21,9,9,0.0,0,CRM
2025-07-19,MC012,Email,6,3,3,0.0,0,Manual
2025-07-20,MC012,Email,4,4,4,0.0,0,Meta
2025-07-21,MC012,Email,17,11,11,0.0,0,Meta
2025-07-22,MC012,Email,10,9,9,0.0,1,Meta
2025-07-23,MC012,Email,9,5,5,0.0,0,GA4
2025-07-24,MC012,Email,5,3,3,0.0,0,GA4
2025-07-25,MC012,Email,13,7,7,0.0,1,GA4
2025-07-26,MC012,Email,4,3,3,0.0,1,Manual
2025-07-27,MC012,email,10,4,4,0.0,1,GA4
2025-07-28,MC012,Email,10,5,5,0.0,0,GA4
2025-07-29,MC012,Email,10,7,7,0.0,0,CRM
2025-07-30,MC012,Email,15,6,6,0.0,0,Google Ads
2025-07-31,MC012,Email,12,7,7,0.0,1,Manual
2025-08-01,MC012,Email,11,5,5,0.0,1,GA4
2025-08-02,MC012,Email,18,7,7,0.0,0,Manual
2025-08-03,MC012,Email,2,1,1,0.0,0,Manual
2025-08-04,MC012,Email,18,8,8,0.0,1,GA4
2025-08-05,MC012,Email,11,7,7,0.0,0,Meta
2025-08-06,MC012,Email,7,5,5,0.0,0,Google Ads
2025-08-07,MC012,Email,8,6,6,0.0,0,Meta
2025-08-08,MC012,Email,17,7,7,0.0,0,Manual
2025-08-09,MC012,Email,12,10,10,0.0,1,GA4
2025-08-10,MC012,Email,6,5,5,0.0,1,Google Ads
2025-08-11,MC012,Email,17,8,8,0.0,0,CRM
2025-08-12,MC012,Email,12,7,7,0.0,0,GA4
2025-08-13,MC012,Email,13,10,10,0.0,1,GA4
2025-08-14,MC012,Email,15,11,11,0.0,1,Manual
2025-08-15,MC012,Email,8,7,7,0.0,1,GA4
2025-08-16,MC012,Email,8,6,6,0.0,0,GA4
2025-08-17,MC012,Email,7,3,3,0.0,0,GA4
2025-08-18,MC012,Email,15,7,7,0.0,0,Google Ads
2025-08-19,MC012,Email,20,8,8,0.0,0,Manual
2025-08-20,MC012,Email,21,9,9,0.0,0,CRM
2025-08-21,MC012,Email,20,11,11,0.0,0,CRM
2025-08-22,MC012,Email,18,8,8,0.0,1,GA4
2025-08-23,MC012,email,3,3,3,0.0,1,Manual
2025-08-24,MC012,Email,3,2,2,0.0,1,GA4
2025-08-25,MC012,Email,27,13,13,0.0,0,Google Ads
2025-08-26,MC012,Email,12,7,7,0.0,0,CRM
2025-08-27,MC012,Email,16,7,7,0.0,0,CRM
2025-08-28,MC012,Email,19,12,12,0.0,0,Manual
2025-08-29,MC012,Email,17,7,7,0.0,0,GA4
2025-08-30,MC012,Email,5,3,3,0.0,1,Meta
08-31-2025,MC012,Email,2,2,2,0.0,0,GA4
2025-09-01,MC012,Email,23,9,9,0.0,0,GA4
2025-09-02,MC012,Email,13,10,10,0.0,0,GA4
2025-09-03,MC012,Email,21,8,8,0.0,0,Google Ads
2025-09-04,MC012,Email,16,7,7,0.0,0,Google Ads
2025-09-05,MC012,Email,11,6,6,0.0,0,GA4
2025-09-06,MC012,Email,3,3,3,0.0,0,GA4
2025-09-07,MC012,Email,4,4,4,0.0,0,Meta
2025-09-08,MC012,Email,37,14,14,0.0,0,Meta
2025-09-09,MC012,EDM,27,10,10,0.0,1,GA4
2025-09-10,MC012,Email,18,12,12,0.0,0,GA4
2025-09-11,MC012,Email,9,6,6,0.0,1,Manual
2025-09-12,MC012,Email,17,9,9,0.0,0,Google Ads
2025-09-13,MC012,Email,1,1,1,0.0,0,CRM
2025-09-14,MC012,Email,3,2,2,0.0,1,Google Ads
2025-09-15,MC012,Email,29,12,12,0.0,0,GA4
2025-09-16,MC012,Email,8,7,7,0.0,0,GA4
2025-09-17,MC012,Email,32,12,12,0.0,0,CRM
2025-09-18,MC012,Email,16,6,6,0.0,0,GA4
2025-09-19,MC012,Email,20,10,10,0.0,0,Meta
2025-09-20,MC012,Email,5,3,3,0.0,1,GA4
2025-09-21,MC012,Email,1,1,1,0.0,0,GA4
2025-09-22,MC012,Email,13,7,7,0.0,0,Google Ads
2025-09-23,MC012,Email,12,8,8,0.0,1,Google Ads
2025-09-24,MC012,Email,11,6,6,0.0,0,Meta
2025-09-25,MC012,Email,10,5,5,0.0,0,Google Ads
2025-09-26,MC012,Email,13,9,9,0.0,1,GA4
2025-09-27,MC012,Email,5,3,3,0.0,1,Google Ads
2025-09-28,MC012,email,14,8,8,0.0,0,Meta
2025-09-29,MC012,Email,21,10,10,0.0,1,GA4
2025-09-30,MC012,Email,15,6,6,0.0,1,GA4
2025-10-01,MC012,Email,19,11,11,0.0,2,Meta
2025-10-02,MC012,Email,12,10,10,0.0,1,CRM
2025-10-03,MC012,EDM,15,9,9,0.0,1,GA4
2025-10-04,MC012,EDM,3,3,3,0.0,0,Google Ads
2025-10-05,MC012,Email,14,8,8,0.0,1,CRM
2025-10-06,MC012,Email,26,16,16,0.0,0,CRM
2025-10-07,MC012,Email,17,9,9,0.0,0,GA4
2025-10-08,MC012,Email,26,11,11,0.0,0,CRM
2025-10-09,MC012,Email,34,17,17,0.0,0,GA4
2025-10-10,MC012,Email,14,6,6,0.0,0,Manual
2025-10-11,MC012,Email,16,6,6,0.0,0,Google Ads
2025-10-12,MC012,Email,8,4,4,0.0,0,Meta
2025-10-13,MC012,Email,25,11,11,0.0,1,Google Ads
2025-10-14,MC012,Email,21,12,12,0.0,0,GA4
2025-10-15,MC012,Email,8,7,7,0.0,0,GA4
2025-10-16,MC012,Email,17,11,11,0.0,1,CRM
2025-10-17,MC012,Email,11,7,7,0.0,0,Google Ads
2025-10-18,MC012,EDM,12,5,5,0.0,0,Google Ads
2025-10-19,MC012,Email,2,2,2,0.0,0,GA4
2025-10-20,MC012,Email,21,8,8,0.0,0,CRM
2025-10-21,MC012,Email,7,5,5,0.0,0,CRM
2025-10-22,MC012,Email,10,8,8,0.0,0,Google Ads
2025-10-23,MC012,Email,12,9,9,0.0,0,Meta
2025-10-24,MC012,Email,25,10,10,0.0,0,GA4
2025-10-25,MC012,Email,13,7,7,0.0,0,GA4
2025-10-26,MC012,Email,9,6,6,0.0,0,CRM
2025-10-27,MC012,EDM,15,6,6,0.0,0,Google Ads
2025-10-28,MC012,Email,20,10,10,0.0,0,Manual
2025-10-29,MC012,Email,12,8,8,0.0,0,GA4
2025-10-30,MC012,Email,23,12,12,0.0,0,Meta
2025-10-31,MC012,Email,26,12,12,0.0,0,CRM
2025-11-01,MC012,Email,5,2,2,0.0,1,GA4
2025-11-02,MC012,Email,7,3,3,0.0,0,Manual
2025-11-03,MC012,Email,19,13,13,0.0,0,Google Ads
2025-11-04,MC012,Email,27,10,10,0.0,1,CRM
2025-11-05,MC012,Email,17,12,12,0.0,0,Google Ads
2025-11-06,MC012,Email,30,15,15,0.0,0,CRM
2025-11-07,MC012,email,15,7,7,0.0,0,Google Ads
2025-11-08,MC012,Email,8,3,3,0.0,1,GA4
2025-11-09,MC012,Email,10,4,4,0.0,0,Google Ads
2025-11-10,MC012,Email,26,10,10,0.0,0,GA4
2025-11-11,MC012,Email,11,10,10,0.0,0,CRM
2025-11-12,MC012,Email,22,9,9,0.0,0,GA4
2025-11-13,MC012,Email,8,8,8,0.0,0,GA4
2025-11-14,MC012,Email,31,14,14,0.0,1,GA4
2025-11-15,MC012,Email,1,1,1,0.0,0,Meta
2025-11-16,MC012,Email,9,5,5,0.0,1,GA4
2025-11-17,MC012,Email,11,5,5,0.0,1,Google Ads
2025-11-18,MC012,Email,8,7,7,0.0,1,GA4
2025-11-19,MC012,Email,16,11,11,0.0,0,Google Ads
2025-11-20,MC012,Email,19,10,10,0.0,1,GA4
2025-11-21,MC012,Email,20,11,11,0.0,0,GA4
2025-11-22,MC012,Email,6,4,4,0.0,0,GA4
2025-11-23,MC012,Email,5,4,4,0.0,0,GA4
2025-11-24,MC012,Email,19,11,11,0.0,1,Google Ads
2025-11-25,MC012,Email,20,8,8,0.0,0,Google Ads
2025-11-26,MC012,Email,20,10,10,0.0,0,CRM
2025-11-27,MC012,Email,16,12,12,0.0,0,Google Ads
2025-11-28,MC012,Email,18,10,10,0.0,0,Manual
2025-11-29,MC012,Email,0,0,0,0.0,0,Manual
2025-11-30,MC012,EDM,5,2,2,0.0,0,Manual
2025-12-01,MC012,Email,20,13,13,0.0,0,Meta
2025-12-02,MC012,Email,13,8,8,0.0,0,GA4
2025-12-03,MC012,Email,14,8,8,0.0,0,GA4
2025-12-04,MC012,Email,12,8,8,0.0,0,Meta
2025-12-05,MC012,Email,18,7,7,0.0,0,CRM
2025-12-06,MC012,email,12,6,6,0.0,0,Manual
2025-12-07,MC012,Email,9,6,6,0.0,0,Google Ads
2025-12-08,MC012,Email,22,10,10,0.0,0,GA4
2025-12-09,MC012,Email,14,11,11,0.0,0,GA4
2025-12-10,MC012,Email,18,10,10,0.0,0,GA4
2025-12-11,MC012,Email,22,9,9,0.0,1,GA4
2025-12-12,MC012,Email,17,14,14,0.0,1,Google Ads
2025-12-13,MC012,Email,5,3,3,0.0,0,GA4
2025-12-14,MC012,Email,8,5,5,0.0,0,Google Ads
2025-12-15,MC012,Email,12,11,11,0.0,0,Google Ads
2025-12-16,MC012,EDM,7,5,5,0.0,0,CRM
2025-12-17,MC012,Email,12,9,9,0.0,0,GA4
2025-12-18,MC012,Email,27,13,13,0.0,0,Manual
2025-12-19,MC012,email,12,9,9,0.0,1,Manual
2025-12-20,MC012,Email,6,5,5,0.0,0,GA4
2025-12-21,MC012,Email,5,3,3,0.0,1,Google Ads
2025-12-22,MC012,Email,7,4,4,0.0,1,Meta
2025-12-23,MC012,Email,19,10,10,0.0,0,Google Ads
2025-12-24,MC012,email,11,9,9,0.0,0,Meta
2025-12-25,MC012,Email,25,15,15,0.0,0,CRM
2025-12-26,MC012,Email,32,12,12,0.0,0,GA4
2025-12-27,MC012,Email,5,2,2,0.0,0,CRM
2025-12-28,MC012,Email,5,2,2,0.0,1,CRM
2025-12-29,MC012,Email,19,12,12,0.0,1,Google Ads
2025-12-30,MC012,Email,17,7,7,0.0,0,GA4
2025-12-31,MC012,Email,16,12,12,0.0,0,GA4
2026-01-01,MC012,Email,16,7,7,0.0,0,Google Ads
2026-01-02,MC012,Email,14,7,7,0.0,0,CRM
2026-01-03,MC012,Email,10,4,4,0.0,0,Meta
2026-01-04,MC012,Email,13,7,7,0.0,0,GA4
2026-01-05,MC012,Email,31,13,13,0.0,0,GA4
2026-01-06,MC012,Email,10,7,7,0.0,0,CRM
2026-01-07,MC012,Email,21,10,10,0.0,0,CRM
2026-01-08,MC012,Email,10,7,7,0.0,0,GA4
2026-01-09,MC012,Email,16,9,9,0.0,0,Manual
2026-01-10,MC012,Email,10,5,5,0.0,0,CRM
2026-01-11,MC012,Email,5,2,2,0.0,0,Meta
2026-01-12,MC012,Email,15,10,10,0.0,1,GA4
2026-01-13,MC012,Email,17,8,8,0.0,0,Google Ads
2026-01-14,MC012,Email,11,7,7,0.0,0,GA4
2026-01-15,MC012,Email,11,8,8,0.0,1,Meta
2026-01-16,MC012,Email,16,8,8,0.0,0,GA4
2026-01-17,MC012,Email,5,3,3,0.0,0,CRM
2026-01-18,MC012,Email,7,3,3,0.0,0,GA4
2026-01-19,MC012,Email,23,11,11,0.0,0,Meta
2026-01-20,MC012,Email,16,6,6,0.0,0,Manual
2026-01-21,MC012,Email,25,12,12,0.0,0,GA4
2026-01-22,MC012,Email,6,3,3,0.0,0,Google Ads
2026-01-23,MC012,Email,13,6,6,0.0,0,CRM
2026-01-24,MC012,Email,11,5,5,0.0,0,CRM
2026-01-25,MC012,Email,17,7,7,0.0,0,GA4
2026-01-26,MC012,Email,4,3,3,0.0,0,CRM
2026-01-27,MC012,Email,5,5,5,0.0,0,Manual
2026-01-28,MC012,Email,17,7,7,0.0,1,GA4
2026-01-29,MC012,Email,36,14,14,0.0,0,CRM
2026-01-30,MC012,Email,14,12,12,0.0,0,Google Ads
2026-01-31,MC012,Email,4,3,3,0.0,0,Manual
2026-02-01,MC012,Email,10,4,4,0.0,0,CRM
2026-02-02,MC012,Email,14,6,6,0.0,0,Meta
2026-02-03,MC012,Email,27,10,10,0.0,0,GA4
2026-02-04,MC012,Email,4,4,4,0.0,0,CRM
2026-02-05,MC012,Email,5,4,4,0.0,0,Manual
2026-02-06,MC012,Email,20,8,8,0.0,0,GA4
2026-02-07,MC012,Email,2,1,1,0.0,0,GA4
2026-02-08,MC012,Email,9,4,4,0.0,0,CRM
2026-02-09,MC012,Email,16,7,7,0.0,0,GA4
2026-02-10,MC012,Email,13,5,5,0.0,0,Google Ads
2026-02-11,MC012,Email,12,7,7,0.0,1,Meta
2026-02-12,MC012,Email,9,5,5,0.0,0,Google Ads
2026-02-13,MC012,Email,9,7,7,0.0,0,GA4
2026-02-14,MC012,Email,6,3,3,0.0,0,Google Ads
2026-02-15,MC012,Email,5,3,3,0.0,0,CRM
2026-02-16,MC012,Email,23,9,9,0.0,1,CRM
2026-02-17,MC012,Email,10,4,4,0.0,0,GA4
2026-02-18,MC012,EDM,1,1,1,0.0,1,Google Ads
2026-02-19,MC012,Email,7,6,6,0.0,0,Google Ads
2026-02-20,MC012,Email,10,8,8,0.0,0,Google Ads
2026-02-21,MC012,Email,9,4,4,0.0,1,Google Ads
2026-02-22,MC012,EDM,1,1,1,0.0,0,Meta
2026-02-23,MC012,EDM,7,3,3,0.0,1,CRM
2026-02-24,MC012,Email,9,4,4,0.0,1,Manual
2026-02-25,MC012,Email,14,6,6,0.0,0,GA4
2026-02-26,MC012,email,24,11,11,0.0,0,Google Ads
2026-02-27,MC012,Email,25,10,10,0.0,0,GA4
2026-02-28,MC012,Email,7,3,3,0.0,0,GA4
2026-03-01,MC012,Email,10,5,5,0.0,0,Manual
2026-03-02,MC012,Email,8,4,4,0.0,0,Meta
2026-03-03,MC012,Email,15,6,6,0.0,1,Meta
2026-03-04,MC012,Email,16,7,7,0.0,0,Meta
2026-03-05,MC012,Email,7,4,4,0.0,0,GA4
2026-03-06,MC012,Email,27,10,10,0.0,2,Meta
2026-03-07,MC012,Email,2,1,1,0.0,0,Manual
2026-03-08,MC012,Email,2,1,1,0.0,1,Google Ads
2026-03-09,MC012,Email,18,8,8,0.0,0,CRM
2026-03-10,MC012,Email,14,8,8,0.0,0,GA4
2026-03-11,MC012,Email,13,5,5,0.0,0,Manual
2026-03-12,MC012,Email,18,8,8,0.0,1,CRM
2026-03-13,MC012,Email,8,5,5,0.0,0,CRM
2026-03-14,MC012,Email,12,6,6,0.0,0,CRM
2026-03-15,MC012,Email,5,2,2,0.0,0,Meta
2026-03-16,MC012,Email,19,9,9,0.0,0,Meta
2026-03-17,MC012,Email,29,11,11,0.0,0,Google Ads
2026-03-18,MC012,Email,12,7,7,0.0,1,Meta
2026-03-19,MC012,Email,11,5,5,0.0,0,GA4
2026-03-20,MC012,Email,33,13,13,0.0,1,Meta
2026-03-21,MC012,Email,2,1,1,0.0,0,Google Ads
2026-03-22,MC012,Email,8,4,4,0.0,0,Google Ads
2026-03-23,MC012,Email,8,7,7,0.0,0,GA4
2026-03-24,MC012,Email,18,12,12,0.0,1,GA4
2026-03-25,MC012,Email,6,6,6,0.0,0,GA4
2026-03-26,MC012,Email,10,8,8,0.0,0,CRM
2026-03-27,MC012,Email,14,10,10,0.0,0,GA4
2026-03-28,MC012,Email,4,2,2,0.0,0,Manual
2026-03-29,MC012,Email,13,6,6,0.0,1,Manual
2026-03-30,MC012,Email,18,8,8,0.0,0,GA4
2026-03-31,MC012,Email,6,4,4,0.0,0,CRM
2026-04-01,MC012,Email,24,9,9,0.0,0,CRM
2026-04-02,MC012,Email,14,9,9,0.0,1,GA4
2026-04-03,MC012,Email,16,10,10,0.0,0,Meta
2026-04-04,MC012,Email,3,2,2,0.0,0,CRM
2026-04-05,MC012,Email,3,2,2,0.0,0,Meta
2026-04-06,MC012,Email,17,7,7,0.0,0,CRM
2026-04-07,MC012,Email,8,5,5,0.0,1,CRM
2026-04-08,MC012,Email,6,3,3,0.0,0,Meta
2026-04-09,MC012,Email,6,4,4,0.0,0,GA4
2026-04-10,MC012,Email,24,13,13,0.0,0,GA4
2026-04-11,MC012,Email,1,1,1,0.0,1,Google Ads
2026-04-12,MC012,Email,2,1,1,0.0,0,Google Ads
2026-04-13,MC012,Email,11,6,6,0.0,0,Manual
2026-04-14,MC012,Email,7,4,4,0.0,0,CRM
2026-04-15,MC012,Email,19,13,13,0.0,0,GA4
2026-04-16,MC012,Email,12,9,9,0.0,1,Google Ads
2026-04-17,MC012,Email,11,5,5,0.0,0,GA4
2026-04-18,MC012,Email,1,1,1,0.0,0,CRM
2026-04-19,MC012,Email,10,4,4,0.0,0,Google Ads
2026-04-20,MC012,Email,23,10,10,0.0,1,GA4
2026-04-21,MC012,Email,12,7,7,0.0,0,CRM
2026-04-22,MC012,Email,27,13,13,0.0,0,GA4
2026-04-23,MC012,Email,27,11,11,0.0,0,Manual
2026-04-24,MC012,Email,12,6,6,0.0,0,Google Ads
2026-04-25,MC012,Email,4,4,4,0.0,0,Manual
2026-04-26,MC012,Email,4,2,2,0.0,1,CRM
2026-04-27,MC012,Email,25,10,10,0.0,0,Manual
2026-04-28,MC012,Email,7,5,5,0.0,1,GA4
2026-04-29,MC012,Email,7,3,3,0.0,1,Manual
2026-04-30,MC012,Email,21,9,9,0.0,0,GA4
2026-05-01,MC012,Email,15,6,6,0.0,0,GA4
2026-05-02,MC012,Email,10,4,4,0.0,0,GA4
2026-05-03,MC012,Email,7,4,4,0.0,0,Google Ads
2026-05-04,MC012,Email,22,9,9,0.0,0,Google Ads
2026-05-05,MC012,Email,11,7,7,0.0,0,Meta
2026-05-06,MC012,Email,16,9,9,0.0,0,Manual
2026-05-07,MC012,Email,19,11,11,0.0,0,Meta
2026-05-08,MC012,Email,7,4,4,0.0,0,Manual
2026-05-09,MC012,Email,10,6,6,0.0,0,CRM
2026-05-10,MC012,Email,8,6,6,0.0,0,Google Ads
2026-05-11,MC012,Email,4,4,4,0.0,0,CRM
2026-05-12,MC012,Email,10,7,7,0.0,0,Manual
2026-05-13,MC012,Email,17,9,9,0.0,1,GA4
2026-05-14,MC012,Email,7,6,6,0.0,0,Meta
2026-05-15,MC012,Email,7,4,4,0.0,0,Manual
2026-05-16,MC012,Email,8,5,5,0.0,0,Meta
2026-05-17,MC012,Email,2,1,1,0.0,0,GA4
2026-05-18,MC012,Email,16,7,7,0.0,0,Manual
2026-05-19,MC012,Email,9,6,6,0.0,0,Google Ads
2026-05-20,MC012,Email,8,5,5,0.0,0,GA4
2026-05-21,MC012,email,9,7,7,0.0,0,Meta
2026-05-22,MC012,Email,12,8,8,0.0,0,GA4
2026-05-23,MC012,Email,6,4,4,0.0,0,GA4
2026-05-24,MC012,Email,4,3,3,0.0,1,Manual
2026-05-25,MC012,Email,28,11,11,0.0,0,Manual
2026-05-26,MC012,Email,18,8,8,0.0,0,CRM
2026-05-27,MC012,Email,16,8,8,0.0,0,Manual
2026-05-28,MC012,Email,8,5,5,0.0,0,GA4
2026-05-29,MC012,Email,13,10,10,0.0,0,GA4
2026-05-30,MC012,Email,1,1,1,0.0,1,CRM
2026-05-31,MC012,Email,5,2,2,0.0,0,Manual
06-01-2026,MC012,Email,7,6,6,0.0,1,GA4
2026-06-02,MC012,Email,8,7,7,0.0,0,GA4
2026-06-03,MC012,Email,11,8,8,0.0,0,CRM
2026-06-04,MC012,Email,10,7,7,0.0,0,Meta
2026-06-05,MC012,Email,6,5,5,0.0,0,GA4
2026-06-06,MC012,Email,9,4,4,0.0,0,Meta
2026-06-07,MC012,Email,8,4,4,0.0,0,Manual
2026-06-08,MC012,Email,7,6,6,0.0,0,Google Ads
2026-06-09,MC012,Email,13,7,7,0.0,1,Google Ads
2026-06-10,MC012,Email,6,5,5,0.0,0,GA4
2026-06-11,MC012,Email,11,5,5,0.0,0,CRM
2026-06-12,MC012,Email,7,4,4,0.0,0,Google Ads
06-13-2026,MC012,Email,8,6,6,0.0,0,GA4
2026-06-14,MC012,Email,13,6,6,0.0,0,CRM
2026-06-15,MC012,Email,8,4,4,0.0,0,GA4
2026-06-16,MC012,Email,11,8,8,0.0,0,CRM
2026-06-17,MC012,Email,14,6,6,0.0,1,Google Ads
2026-06-18,MC012,EDM,16,10,10,0.0,0,GA4
2026-06-19,MC012,Email,16,6,6,0.0,0,GA4
2026-06-20,MC012,Email,2,2,2,0.0,1,GA4
2026-06-21,MC012,Email,5,2,2,0.0,0,GA4
2026-06-22,MC012,Email,20,8,8,0.0,1,Manual
2026-06-23,MC012,EDM,10,5,5,0.0,0,Google Ads
2026-06-24,MC012,Email,14,10,10,0.0,1,GA4
2026-06-25,MC012,Email,4,3,3,0.0,0,Meta
2026-06-26,MC012,Email,10,6,6,0.0,0,CRM
2026-06-27,MC012,email,0,0,0,0.0,0,CRM
2026-06-28,MC012,Email,4,2,2,0.0,0,GA4
2026-06-29,MC012,Email,18,7,7,0.0,0,GA4
2026-06-30,MC012,Email,6,4,4,0.0,1,Manual
2026-07-01,MC012,Email,3,3,3,0.0,0,Manual
2026-07-02,MC012,Email,11,9,9,0.0,0,Manual
2026-07-03,MC012,Email,10,8,8,0.0,1,Google Ads
2026-07-04,MC012,Email,11,7,7,0.0,2,Meta
2026-07-05,MC012,Email,2,2,2,0.0,0,GA4
2026-07-06,MC012,Email,18,13,13,0.0,1,Google Ads
2026-07-07,MC012,Email,16,11,11,0.0,0,GA4
2026-07-08,MC012,Email,18,10,10,0.0,1,Google Ads
2026-07-09,MC012,Email,26,11,11,0.0,0,GA4
2026-07-10,MC012,Email,15,10,10,0.0,1,Meta
2026-07-11,MC012,Email,4,2,2,0.0,0,CRM
2026-07-12,MC012,Email,10,6,6,0.0,1,Manual
2026-07-13,MC012,Email,34,13,13,0.0,0,CRM
2026-07-14,MC012,Email,5,4,4,0.0,0,CRM
2026-07-15,MC012,Email,2,1,1,0.0,0,Manual
2026-07-16,MC012,Email,13,7,7,0.0,0,Google Ads
2026-07-17,MC012,Email,13,7,7,0.0,0,GA4
2026-07-18,MC012,Email,3,2,2,0.0,0,CRM
2026-07-19,MC012,Email,4,3,3,0.0,1,CRM
2026-07-20,MC012,Email,8,6,6,0.0,0,CRM
2026-07-21,MC012,Email,21,12,12,0.0,1,CRM
2026-07-22,MC012,Email,8,7,7,0.0,0,Manual
2026-07-23,MC012,Email,11,7,7,0.0,0,GA4
2026-07-24,MC012,Email,14,7,7,0.0,0,CRM
2026-07-25,MC012,Email,6,3,3,0.0,0,Google Ads
2026-07-26,MC012,Email,4,2,2,0.0,0,Meta
2026-07-27,MC012,Email,5,3,3,0.0,0,CRM
2026-07-28,MC012,Email,12,8,8,0.0,0,CRM
2026-07-29,MC012,Email,12,8,8,0.0,0,CRM
2026-07-30,MC012,Email,13,5,5,0.0,0,Google Ads
2026-07-31,MC012,Email,8,3,3,0.0,0,GA4
2026-08-01,MC012,Email,5,3,3,0.0,0,Meta
2026-08-02,MC012,Email,13,5,5,0.0,0,GA4
2026-08-03,MC012,Email,7,5,5,0.0,1,Google Ads
2026-08-04,MC012,Email,13,6,6,0.0,0,Manual
2026-08-05,MC012,Email,10,8,8,0.0,0,Google Ads
2026-08-06,MC012,Email,10,9,9,0.0,1,GA4
2026-08-07,MC012,Email,28,14,14,0.0,0,GA4
2026-08-08,MC012,Email,10,4,4,0.0,0,GA4
2026-08-09,MC012,Email,3,2,2,0.0,0,GA4
2026-08-10,MC012,Email,18,8,8,0.0,1,GA4
2026-08-11,MC012,Email,17,10,10,0.0,0,Meta
2026-08-12,MC012,Email,19,9,9,0.0,0,CRM
2026-08-13,MC012,Email,19,11,11,0.0,0,GA4
2026-08-14,MC012,Email,8,7,7,0.0,0,Manual
2026-08-15,MC012,Email,11,5,5,0.0,0,Google Ads
2026-08-16,MC012,Email,5,3,3,0.0,0,Google Ads
2026-08-17,MC012,Email,19,9,9,0.0,0,Google Ads
2026-08-18,MC012,Email,10,6,6,0.0,0,Meta
2026-08-19,MC012,Email,11,5,5,0.0,0,CRM
2026-08-20,MC012,Email,10,4,4,0.0,0,CRM
2026-08-21,MC012,Email,8,4,4,0.0,0,CRM
2026-08-22,MC012,Email,10,4,4,0.0,0,Meta
2026-08-23,MC012,Email,9,5,5,0.0,0,CRM
2026-08-24,MC012,Email,14,6,6,0.0,0,CRM
2026-08-25,MC012,Email,12,6,6,0.0,0,GA4
2026-08-26,MC012,Email,8,4,4,0.0,1,CRM
2026-08-27,MC012,Email,29,11,11,0.0,1,GA4
2026-08-28,MC012,Email,6,6,6,0.0,0,CRM
2026-08-29,MC012,Email,3,2,2,0.0,0,Manual
2026-08-30,MC012,Email,4,3,3,0.0,0,GA4
2026-08-31,MC012,Email,14,7,7,0.0,0,Manual
2025-05-13,MC013,Email,11,7,7,0.0,0,CRM
2025-05-14,MC013,email,14,9,9,0.0,0,Meta
2025-05-15,MC013,Email,10,5,5,0.0,0,GA4
2025-05-16,MC013,Email,9,6,6,0.0,0,CRM
2025-05-17,MC013,Email,2,2,2,0.0,0,CRM
2025-05-18,MC013,Email,11,6,6,0.0,0,Meta
2025-05-19,MC013,Email,17,8,8,0.0,0,CRM
2025-05-20,MC013,Email,24,10,10,0.0,0,GA4
2025-05-21,MC013,Email,10,7,7,0.0,0,CRM
2025-05-22,MC013,Email,13,9,9,0.0,0,CRM
2025-05-23,MC013,Email,17,9,9,0.0,0,GA4
2025-05-24,MC013,Email,11,4,4,0.0,0,GA4
2025-05-25,MC013,Email,16,6,6,0.0,0,Manual
2025-05-26,MC013,Email,18,8,8,0.0,0,Manual
2025-05-27,MC013,Email,11,4,4,0.0,0,CRM
2025-05-28,MC013,EDM,15,6,6,0.0,0,GA4
2025-05-29,MC013,Email,13,8,8,0.0,1,GA4
2025-05-30,MC013,Email,11,6,6,0.0,1,GA4
2025-05-31,MC013,Email,8,4,4,0.0,1,Manual
2025-06-01,MC013,Email,4,3,3,0.0,0,CRM
2025-06-02,MC013,Email,18,8,8,0.0,0,Meta
2025-06-03,MC013,EDM,11,5,5,0.0,0,GA4
2025-06-04,MC013,Email,12,9,9,0.0,0,Manual
2025-06-05,MC013,Email,29,12,12,0.0,1,CRM
2025-06-06,MC013,Email,12,6,6,0.0,1,CRM
2025-06-07,MC013,Email,5,3,3,0.0,0,Meta
2025-06-08,MC013,Email,10,6,6,0.0,0,GA4
2025-06-09,MC013,Email,23,10,10,0.0,1,GA4
2025-06-10,MC013,Email,26,13,13,0.0,0,Meta
2025-06-11,MC013,Email,6,5,5,0.0,0,CRM
2025-06-12,MC013,Email,11,7,7,0.0,1,Google Ads
2025-06-13,MC013,email,10,9,9,0.0,0,CRM
2025-06-14,MC013,Email,8,4,4,0.0,1,GA4
2025-06-15,MC013,Email,9,7,7,0.0,0,GA4
2025-06-16,MC013,email,14,7,7,0.0,0,GA4
2025-06-17,MC013,Email,14,6,6,0.0,0,Google Ads
2025-06-18,MC013,Email,14,7,7,0.0,0,CRM
2025-06-19,MC013,Email,7,5,5,0.0,1,Google Ads
2025-06-20,MC013,Email,16,9,9,0.0,1,Manual
2025-06-21,MC013,Email,5,2,2,0.0,0,CRM
2025-06-22,MC013,Email,12,6,6,0.0,0,Google Ads
2025-06-23,MC013,Email,21,9,9,0.0,0,Meta
2025-06-24,MC013,Email,22,11,11,0.0,1,GA4
2025-06-25,MC013,Email,12,8,8,0.0,1,CRM
2025-06-26,MC013,Email,23,9,9,0.0,0,Manual
2025-06-27,MC013,Email,5,4,4,0.0,0,Manual
2025-06-28,MC013,Email,3,2,2,0.0,0,GA4
2025-06-29,MC013,Email,5,4,4,0.0,0,CRM
2025-06-30,MC013,Email,3,3,3,0.0,0,Meta
2025-07-01,MC013,Email,18,7,7,0.0,0,CRM
2025-07-02,MC013,Email,12,11,11,0.0,0,Google Ads
2025-07-03,MC013,Email,11,8,8,0.0,0,GA4
2025-07-04,MC013,Email,14,8,8,0.0,0,GA4
2025-07-05,MC013,Email,8,3,3,0.0,1,GA4
2025-07-06,MC013,Email,6,3,3,0.0,0,Google Ads
2025-07-07,MC013,Email,11,6,6,0.0,1,Manual
2025-07-08,MC013,Email,7,3,3,0.0,0,CRM
2025-07-09,MC013,Email,14,7,7,0.0,0,Google Ads
2025-07-10,MC013,Email,14,9,9,0.0,0,CRM
2025-07-11,MC013,Email,9,7,7,0.0,1,GA4
2025-07-12,MC013,Email,4,2,2,0.0,0,Meta
2025-07-13,MC013,Email,2,1,1,0.0,1,GA4
2025-07-14,MC013,Email,37,14,14,0.0,0,GA4
2025-07-15,MC013,Email,5,5,5,0.0,0,CRM
2025-07-16,MC013,Email,11,7,7,0.0,0,Manual
2025-07-17,MC013,Email,13,7,7,0.0,1,GA4
2025-07-18,MC013,Email,5,4,4,0.0,0,GA4
2025-07-19,MC013,Email,12,5,5,0.0,0,Google Ads
2025-07-20,MC013,Email,8,5,5,0.0,0,Google Ads
2025-07-21,MC013,Email,16,11,11,0.0,1,GA4
2025-07-22,MC013,Email,16,9,9,0.0,1,CRM
2025-07-23,MC013,Email,3,2,2,0.0,0,Google Ads
2025-07-24,MC013,email,15,8,8,0.0,0,GA4
2025-07-25,MC013,Email,4,4,4,0.0,0,Meta
2025-07-26,MC013,Email,6,3,3,0.0,1,Google Ads
2025-07-27,MC013,Email,21,8,8,0.0,0,GA4
2025-07-28,MC013,Email,30,12,12,0.0,1,CRM
2025-07-29,MC013,Email,15,6,6,0.0,1,Google Ads
2025-07-30,MC013,Email,19,7,7,0.0,0,CRM
2025-07-31,MC013,Email,13,6,6,0.0,0,CRM
2025-08-01,MC013,Email,18,8,8,0.0,0,GA4
2025-08-02,MC013,Email,5,2,2,0.0,0,GA4
2025-08-03,MC013,Email,1,1,1,0.0,0,GA4
2025-08-04,MC013,Email,18,12,12,0.0,0,Manual
2025-08-05,MC013,Email,18,7,7,0.0,0,Manual
2025-08-06,MC013,Email,7,5,5,0.0,0,GA4
2025-08-07,MC013,Email,18,9,9,0.0,0,GA4
2025-08-08,MC013,Email,5,3,3,0.0,0,GA4
2025-08-09,MC013,email,1,1,1,0.0,0,CRM
2025-08-10,MC013,Email,5,4,4,0.0,1,CRM
2025-08-11,MC013,Email,9,8,8,0.0,0,GA4
2025-08-12,MC013,Email,12,11,11,0.0,0,Meta
2025-08-13,MC013,Email,20,11,11,0.0,0,GA4
2025-08-14,MC013,Email,16,8,8,0.0,0,Meta
2025-08-15,MC013,email,16,8,8,0.0,0,GA4
2025-08-16,MC013,Email,8,5,5,0.0,0,GA4
2025-08-17,MC013,Email,13,8,8,0.0,1,Google Ads
2025-08-18,MC013,Email,12,9,9,0.0,0,GA4
2025-08-19,MC013,Email,11,6,6,0.0,1,Meta
2025-08-20,MC013,Email,10,6,6,0.0,1,GA4
2025-08-21,MC013,Email,13,8,8,0.0,0,CRM
2025-08-22,MC013,Email,27,11,11,0.0,0,GA4
2025-08-23,MC013,Email,8,3,3,0.0,0,Manual
2025-08-24,MC013,Email,10,4,4,0.0,0,GA4
2025-08-25,MC013,Email,21,9,9,0.0,0,Meta
2025-08-26,MC013,Email,19,7,7,0.0,1,Google Ads
2025-08-27,MC013,Email,14,6,6,0.0,0,GA4
2025-08-28,MC013,Email,25,14,14,0.0,1,Google Ads
2025-08-29,MC013,Email,14,12,12,0.0,0,CRM
2025-08-30,MC013,Email,4,2,2,0.0,0,Google Ads
2025-08-31,MC013,Email,10,5,5,0.0,0,GA4
2025-09-01,MC013,Email,14,10,10,0.0,0,Meta
2025-09-02,MC013,Email,13,7,7,0.0,0,Google Ads
2025-09-03,MC013,Email,13,6,6,0.0,0,Google Ads
2025-09-04,MC013,Email,14,8,8,0.0,0,Google Ads
2025-09-05,MC013,Email,28,11,11,0.0,0,GA4
2025-09-06,MC013,Email,11,5,5,0.0,0,Meta
2025-09-07,MC013,Email,5,4,4,0.0,0,GA4
2025-09-08,MC013,Email,9,6,6,0.0,0,Manual
2025-09-09,MC013,Email,29,11,11,0.0,1,Manual
2025-09-10,MC013,Email,21,13,13,0.0,0,CRM
2025-09-11,MC013,Email,27,10,10,0.0,0,Meta
2025-09-12,MC013,Email,10,5,5,0.0,0,Meta
2025-09-13,MC013,Email,6,3,3,0.0,0,CRM
2025-09-14,MC013,Email,9,4,4,0.0,0,CRM
2025-09-15,MC013,Email,7,7,7,0.0,0,GA4
2025-09-16,MC013,Email,24,9,9,0.0,1,GA4
2025-09-17,MC013,Email,21,10,10,0.0,0,GA4
2025-09-18,MC013,Email,23,9,9,0.0,0,Manual
2025-09-19,MC013,Email,11,5,5,0.0,1,Manual
2025-09-20,MC013,Email,7,4,4,0.0,0,Google Ads
2025-09-21,MC013,Email,10,4,4,0.0,0,GA4
2025-09-22,MC013,Email,15,8,8,0.0,0,Google Ads
2025-09-23,MC013,Email,8,6,6,0.0,0,GA4
2025-09-24,MC013,Email,24,9,9,0.0,0,CRM
2025-09-25,MC013,Email,17,8,8,0.0,0,Manual
2025-09-26,MC013,Email,16,7,7,0.0,0,GA4
2025-09-27,MC013,Email,5,2,2,0.0,0,Manual
2025-09-28,MC013,Email,5,2,2,0.0,0,CRM
2025-09-29,MC013,Email,17,7,7,0.0,0,Meta
2025-09-30,MC013,Email,36,13,13,0.0,0,Manual
2025-10-01,MC013,Email,30,16,16,0.0,1,GA4
2025-10-02,MC013,Email,8,4,4,0.0,1,Manual
2025-10-03,MC013,Email,18,7,7,0.0,1,CRM
2025-10-04,MC013,email,6,5,5,0.0,0,Manual
2025-10-05,MC013,Email,8,3,3,0.0,1,Meta
2025-10-06,MC013,Email,12,6,6,0.0,0,Meta
2025-10-07,MC013,Email,20,14,14,0.0,0,Google Ads
2025-10-08,MC013,Email,14,7,7,0.0,1,CRM
2025-10-09,MC013,Email,18,12,12,0.0,1,Google Ads
2025-10-10,MC013,Email,11,8,8,0.0,0,Manual
2025-10-11,MC013,Email,14,6,6,0.0,0,Google Ads
2025-10-12,MC013,Email,9,5,5,0.0,1,CRM
2025-10-13,MC013,Email,17,7,7,0.0,0,Manual
2025-10-14,MC013,Email,28,19,19,0.0,0,GA4
2025-10-15,MC013,EDM,34,15,15,0.0,0,GA4
2025-10-16,MC013,Email,27,13,13,0.0,0,Meta
2025-10-17,MC013,Email,15,9,9,0.0,0,CRM
2025-10-18,MC013,Email,11,4,4,0.0,1,GA4
2025-10-19,MC013,Email,8,4,4,0.0,0,CRM
2025-10-20,MC013,EDM,23,12,12,0.0,0,Google Ads
2025-10-21,MC013,Email,11,8,8,0.0,0,Manual
2025-10-22,MC013,Email,27,10,10,0.0,0,Google Ads
2025-10-23,MC013,Email,17,10,10,0.0,0,GA4
2025-10-24,MC013,Email,9,7,7,0.0,0,Meta
2025-10-25,MC013,Email,17,7,7,0.0,0,Meta
2025-10-26,MC013,Email,6,3,3,0.0,0,GA4
2025-10-27,MC013,Email,25,11,11,0.0,0,GA4
2025-10-28,MC013,Email,17,9,9,0.0,0,Manual
2025-10-29,MC013,Email,7,6,6,0.0,0,CRM
2025-10-30,MC013,Email,13,9,9,0.0,0,Meta
2025-10-31,MC013,Email,18,12,12,0.0,0,Google Ads
2025-11-01,MC013,Email,16,6,6,0.0,0,CRM
2025-11-02,MC013,Email,4,2,2,0.0,0,GA4
2025-11-03,MC013,Email,6,3,3,0.0,0,CRM
2025-11-04,MC013,Email,13,8,8,0.0,0,GA4
2025-11-05,MC013,Email,14,9,9,0.0,0,Manual
2025-11-06,MC013,Email,17,7,7,0.0,0,GA4
2025-11-07,MC013,Email,18,7,7,0.0,0,CRM
2025-11-08,MC013,Email,13,6,6,0.0,1,GA4
2025-11-09,MC013,Email,6,4,4,0.0,1,Google Ads
2025-11-10,MC013,Email,16,11,11,0.0,0,GA4
2025-11-11,MC013,Email,7,6,6,0.0,0,GA4
2025-11-12,MC013,Email,16,13,13,0.0,0,GA4
2025-11-13,MC013,Email,24,12,12,0.0,0,CRM
2025-11-14,MC013,Email,6,5,5,0.0,1,Google Ads
2025-11-15,MC013,Email,10,6,6,0.0,1,Manual
2025-11-16,MC013,Email,4,3,3,0.0,0,CRM
2025-11-17,MC013,Email,13,7,7,0.0,1,CRM
2025-11-18,MC013,Email,13,8,8,0.0,0,GA4
2025-11-19,MC013,Email,16,7,7,0.0,0,GA4
2025-11-20,MC013,Email,4,3,3,0.0,0,Meta
2025-11-21,MC013,Email,16,14,14,0.0,2,GA4
2025-11-22,MC013,Email,10,5,5,0.0,0,Google Ads
2025-11-23,MC013,Email,3,2,2,0.0,0,Manual
2025-11-24,MC013,Email,4,3,3,0.0,0,GA4
2025-11-25,MC013,Email,6,5,5,0.0,0,CRM
2025-11-26,MC013,EDM,26,12,12,0.0,1,Manual
2025-11-27,MC013,Email,15,11,11,0.0,0,CRM
2025-11-28,MC013,Email,21,9,9,0.0,0,Google Ads
2025-11-29,MC013,Email,11,5,5,0.0,0,GA4
2025-11-30,MC013,Email,1,1,1,0.0,0,GA4
2025-12-01,MC013,Email,20,10,10,0.0,0,CRM
2025-12-02,MC013,email,17,10,10,0.0,0,GA4
2025-12-03,MC013,Email,21,8,8,0.0,0,CRM
2025-12-04,MC013,Email,17,8,8,0.0,0,Google Ads
2025-12-05,MC013,email,10,5,5,0.0,0,Manual
2025-12-06,MC013,Email,11,6,6,0.0,0,CRM
2025-12-07,MC013,Email,4,2,2,0.0,1,CRM
2025-12-08,MC013,Email,19,8,8,0.0,0,GA4
2025-12-09,MC013,Email,19,14,14,0.0,0,CRM
2025-12-10,MC013,EDM,13,12,12,0.0,0,Google Ads
2025-12-11,MC013,Email,11,9,9,0.0,0,CRM
2025-12-12,MC013,Email,4,3,3,0.0,0,GA4
2025-12-13,MC013,Email,4,2,2,0.0,0,Meta
2025-12-14,MC013,Email,7,4,4,0.0,1,Google Ads
2025-12-15,MC013,Email,13,8,8,0.0,0,Manual
2025-12-16,MC013,Email,5,4,4,0.0,1,GA4
2025-12-17,MC013,Email,25,11,11,0.0,1,GA4
2025-12-18,MC013,Email,15,10,10,0.0,1,GA4
2025-12-19,MC013,Email,23,9,9,0.0,1,CRM
2025-12-20,MC013,EDM,14,6,6,0.0,0,GA4
2025-12-21,MC013,Email,10,8,8,0.0,0,GA4
2025-12-22,MC013,Email,18,13,13,0.0,0,CRM
2025-12-23,MC013,Email,20,8,8,0.0,0,GA4
2025-12-24,MC013,EDM,24,9,9,0.0,0,Meta
2025-12-25,MC013,Email,27,10,10,0.0,0,Manual
2025-12-26,MC013,Email,24,10,10,0.0,0,Google Ads
2025-12-27,MC013,Email,17,7,7,0.0,1,CRM
2025-12-28,MC013,Email,1,1,1,0.0,0,Google Ads
2025-12-29,MC013,Email,25,12,12,0.0,0,GA4
2025-12-30,MC013,EDM,19,10,10,0.0,0,GA4
2025-12-31,MC013,Email,8,6,6,0.0,0,Meta
2026-01-01,MC013,Email,12,5,5,0.0,0,GA4
2026-01-02,MC013,Email,17,7,7,0.0,0,CRM
2026-01-03,MC013,Email,0,0,0,0.0,0,Google Ads
2026-01-04,MC013,Email,7,3,3,0.0,1,GA4
2026-01-05,MC013,Email,13,6,6,0.0,0,Google Ads
2026-01-06,MC013,Email,10,5,5,0.0,0,Google Ads
2026-01-07,MC013,Email,17,15,15,0.0,0,CRM
2026-01-08,MC013,Email,15,10,10,0.0,1,Manual
2026-01-09,MC013,Email,26,10,10,0.0,0,CRM
2026-01-10,MC013,Email,11,8,8,0.0,0,Google Ads
2026-01-11,MC013,Email,3,2,2,0.0,0,Google Ads
2026-01-12,MC013,Email,17,7,7,0.0,0,GA4
2026-01-13,MC013,Email,26,10,10,0.0,0,GA4
2026-01-14,MC013,Email,13,7,7,0.0,0,Manual
2026-01-15,MC013,Email,11,8,8,0.0,0,GA4
2026-01-16,MC013,Email,10,5,5,0.0,0,Meta
2026-01-17,MC013,Email,5,3,3,0.0,0,CRM
2026-01-18,MC013,Email,11,4,4,0.0,1,Google Ads
2026-01-19,MC013,Email,25,11,11,0.0,0,Meta
2026-01-20,MC013,Email,9,6,6,0.0,1,GA4
2026-01-21,MC013,EDM,6,5,5,0.0,0,Google Ads
2026-01-22,MC013,Email,26,11,11,0.0,0,Meta
2026-01-23,MC013,Email,11,7,7,0.0,0,Manual
2026-01-24,MC013,Email,3,2,2,0.0,0,GA4
2026-01-25,MC013,Email,3,2,2,0.0,0,CRM
2026-01-26,MC013,Email,18,12,12,0.0,0,Google Ads
2026-01-27,MC013,Email,31,13,13,0.0,0,Google Ads
2026-01-28,MC013,Email,8,6,6,0.0,1,GA4
2026-01-29,MC013,Email,21,10,10,0.0,0,GA4
2026-01-30,MC013,Email,29,16,16,0.0,0,GA4
2026-01-31,MC013,Email,4,3,3,0.0,1,CRM
2026-02-01,MC013,Email,12,6,6,0.0,0,CRM
2026-02-02,MC013,Email,13,6,6,0.0,0,GA4
2026-02-03,MC013,Email,9,7,7,0.0,0,GA4
2026-02-04,MC013,Email,4,2,2,0.0,0,GA4
2026-02-05,MC013,Email,5,3,3,0.0,0,CRM
2026-02-06,MC013,Email,22,10,10,0.0,1,GA4
2026-02-07,MC013,Email,5,2,2,0.0,0,Meta
2026-02-08,MC013,Email,4,3,3,0.0,1,CRM
2026-02-09,MC013,Email,8,5,5,0.0,0,CRM
2026-02-10,MC013,Email,24,9,9,0.0,0,Manual
2026-02-11,MC013,Email,2,2,2,0.0,1,GA4
2026-02-12,MC013,Email,24,9,9,0.0,0,GA4
2026-02-13,MC013,Email,11,8,8,0.0,0,CRM
2026-02-14,MC013,Email,5,3,3,0.0,0,GA4
2026-02-15,MC013,Email,5,3,3,0.0,0,Manual
2026-02-16,MC013,Email,25,10,10,0.0,0,GA4
2026-02-17,MC013,Email,13,7,7,0.0,0,Manual
2026-02-18,MC013,Email,21,8,8,0.0,1,Manual
2026-02-19,MC013,Email,17,7,7,0.0,1,Manual
2026-02-20,MC013,Email,19,7,7,0.0,0,Google Ads
2026-02-21,MC013,Email,4,2,2,0.0,0,Google Ads
2026-02-22,MC013,Email,5,2,2,0.0,1,GA4
2026-02-23,MC013,Email,4,2,2,0.0,0,CRM
2026-02-24,MC013,EDM,22,8,8,0.0,1,GA4
2026-02-25,MC013,Email,14,6,6,0.0,0,GA4
2026-02-26,MC013,Email,1,1,1,0.0,0,CRM
2026-02-27,MC013,Email,11,5,5,0.0,1,GA4
2026-02-28,MC013,Email,4,2,2,0.0,0,GA4
2026-03-01,MC013,Email,2,2,2,0.0,1,GA4
2026-03-02,MC013,Email,15,11,11,0.0,0,Google Ads
2026-03-03,MC013,Email,9,4,4,0.0,0,CRM
2026-03-04,MC013,Email,6,5,5,0.0,0,Manual
2026-03-05,MC013,Email,22,11,11,0.0,0,GA4
2026-03-06,MC013,Email,14,11,11,0.0,0,CRM
2026-03-07,MC013,Email,4,2,2,0.0,0,GA4
2026-03-08,MC013,Email,10,5,5,0.0,1,CRM
2026-03-09,MC013,Email,16,9,9,0.0,0,GA4
2026-03-10,MC013,Email,4,2,2,0.0,0,CRM
2026-03-11,MC013,Email,7,6,6,0.0,1,Google Ads
2026-03-12,MC013,Email,14,6,6,0.0,0,GA4
2026-03-13,MC013,Email,28,13,13,0.0,1,CRM
2026-03-14,MC013,Email,5,3,3,0.0,0,GA4
2026-03-15,MC013,Email,2,1,1,0.0,0,CRM
2026-03-16,MC013,Email,21,10,10,0.0,0,GA4
2026-03-17,MC013,Email,19,7,7,0.0,0,GA4
2026-03-18,MC013,Email,6,5,5,0.0,0,CRM
2026-03-19,MC013,Email,16,8,8,0.0,1,GA4
2026-03-20,MC013,Email,14,12,12,0.0,0,CRM
2026-03-21,MC013,Email,2,1,1,0.0,0,Google Ads
2026-03-22,MC013,Email,10,4,4,0.0,0,Google Ads
2026-03-23,MC013,Email,16,9,9,0.0,0,CRM
2026-03-24,MC013,Email,34,13,13,0.0,0,GA4
2026-03-25,MC013,Email,17,7,7,0.0,0,CRM
2026-03-26,MC013,email,8,6,6,0.0,1,Meta
2026-03-27,MC013,Email,53,21,21,0.0,0,Google Ads
2026-03-28,MC013,Email,3,3,3,0.0,1,CRM
2026-03-29,MC013,Email,6,4,4,0.0,0,Manual
03-30-2026,MC013,Email,9,8,8,0.0,1,Google Ads
2026-03-31,MC013,Email,10,8,8,0.0,0,Meta
2026-04-01,MC013,Email,7,6,6,0.0,0,Manual
2026-04-02,MC013,Email,17,9,9,0.0,0,GA4
2026-04-03,MC013,Email,33,12,12,0.0,1,GA4
2026-04-04,MC013,Email,17,7,7,0.0,0,Manual
2026-04-05,MC013,Email,10,6,6,0.0,0,CRM
2026-04-06,MC013,Email,16,9,9,0.0,0,Manual
2026-04-07,MC013,Email,12,7,7,0.0,0,Google Ads
2026-04-08,MC013,Email,9,5,5,0.0,0,CRM
2026-04-09,MC013,Email,17,10,10,0.0,0,GA4
2026-04-10,MC013,Email,11,5,5,0.0,0,GA4
2026-04-11,MC013,Email,5,4,4,0.0,0,CRM
2026-04-12,MC013,Email,5,4,4,0.0,0,Meta
2026-04-13,MC013,Email,14,13,13,0.0,0,CRM
2026-04-14,MC013,Email,13,7,7,0.0,0,Manual
2026-04-15,MC013,Email,8,7,7,0.0,1,Google Ads
2026-04-16,MC013,Email,6,5,5,0.0,1,CRM
2026-04-17,MC013,email,9,6,6,0.0,0,Meta
2026-04-18,MC013,Email,8,6,6,0.0,0,Manual
2026-04-19,MC013,Email,4,3,3,0.0,0,CRM
2026-04-20,MC013,Email,9,7,7,0.0,0,CRM
2026-04-21,MC013,Email,10,5,5,0.0,1,Meta
2026-04-22,MC013,Email,22,11,11,0.0,1,Manual
2026-04-23,MC013,Email,20,9,9,0.0,0,GA4
2026-04-24,MC013,Email,13,8,8,0.0,0,CRM
2026-04-25,MC013,Email,7,4,4,0.0,0,Google Ads
26/04/2026,MC013,Email,2,2,2,0.0,0,Google Ads
2026-04-27,MC013,email,3,2,2,0.0,0,Manual
2026-04-28,MC013,Email,15,10,10,0.0,0,Meta
2026-04-29,MC013,Email,10,8,8,0.0,0,Manual
2026-04-30,MC013,EDM,12,6,6,0.0,0,Meta
2026-05-01,MC013,Email,18,8,8,0.0,0,Google Ads
2026-05-02,MC013,Email,7,4,4,0.0,0,GA4
2026-05-03,MC013,Email,2,2,2,0.0,0,GA4
2026-05-04,MC013,Email,14,8,8,0.0,0,Meta
2026-05-05,MC013,Email,20,9,9,0.0,1,Google Ads
2026-05-06,MC013,Email,17,7,7,0.0,0,Google Ads
2026-05-07,MC013,Email,10,8,8,0.0,1,GA4
2026-05-08,MC013,Email,16,7,7,0.0,1,CRM
2026-05-09,MC013,Email,6,3,3,0.0,0,Manual
2026-05-10,MC013,Email,1,1,1,0.0,1,GA4
2026-05-11,MC013,Email,20,8,8,0.0,0,CRM
2026-05-12,MC013,Email,19,13,13,0.0,0,Google Ads
2026-05-13,MC013,Email,10,9,9,0.0,0,Google Ads
2026-05-14,MC013,Email,9,6,6,0.0,0,CRM
2026-05-15,MC013,Email,5,4,4,0.0,0,Google Ads
2026-05-16,MC013,Email,10,5,5,0.0,0,Google Ads
2026-05-17,MC013,EDM,3,2,2,0.0,0,CRM
2026-05-18,MC013,Email,12,9,9,0.0,0,CRM
2026-05-19,MC013,EDM,16,6,6,0.0,1,Google Ads
2026-05-20,MC013,Email,22,8,8,0.0,0,GA4
2026-05-21,MC013,Email,14,10,10,0.0,1,CRM
2026-05-22,MC013,Email,3,2,2,0.0,0,CRM
2026-05-23,MC013,Email,4,3,3,0.0,0,Manual
2026-05-24,MC013,Email,6,4,4,0.0,0,Google Ads
2026-05-25,MC013,Email,12,6,6,0.0,0,GA4
2026-05-26,MC013,Email,10,9,9,0.0,0,GA4
2026-05-27,MC013,Email,30,11,11,0.0,0,Google Ads
2026-05-28,MC013,Email,11,4,4,0.0,1,Meta
2026-05-29,MC013,Email,3,2,2,0.0,0,GA4
2026-05-30,MC013,Email,4,3,3,0.0,0,GA4
2026-05-31,MC013,Email,7,4,4,0.0,0,Google Ads
2026-06-01,MC013,Email,4,3,3,0.0,0,Meta
2026-06-02,MC013,Email,17,8,8,0.0,0,CRM
2026-06-03,MC013,Email,9,4,4,0.0,0,CRM
2026-06-04,MC013,Email,13,5,5,0.0,1,CRM
2026-06-05,MC013,Email,13,7,7,0.0,1,Manual
2026-06-06,MC013,Email,18,7,7,0.0,0,GA4
2026-06-07,MC013,Email,1,1,1,0.0,0,CRM
2026-06-08,MC013,Email,13,9,9,0.0,0,Meta
2026-06-09,MC013,Email,10,8,8,0.0,0,GA4
2026-06-10,MC013,Email,10,5,5,0.0,1,CRM
2026-06-11,MC013,Email,4,2,2,0.0,0,Meta
2026-06-12,MC013,Email,8,4,4,0.0,0,Google Ads
2026-06-13,MC013,Email,9,5,5,0.0,1,GA4
2026-06-14,MC013,Email,9,7,7,0.0,0,Google Ads
2026-06-15,MC013,Email,8,4,4,0.0,0,GA4
2026-06-16,MC013,Email,20,8,8,0.0,1,Google Ads
2026-06-17,MC013,Email,7,3,3,0.0,0,GA4
2026-06-18,MC013,Email,8,5,5,0.0,0,Meta
2026-06-19,MC013,Email,15,13,13,0.0,0,Meta
2026-06-20,MC013,Email,5,3,3,0.0,0,Meta
2026-06-21,MC013,Email,1,1,1,0.0,0,Meta
2026-06-22,MC013,Email,3,3,3,0.0,0,CRM
2026-06-23,MC013,Email,6,4,4,0.0,0,CRM
2026-06-24,MC013,Email,18,8,8,0.0,0,CRM
2026-06-25,MC013,Email,5,5,5,0.0,0,Manual
2026-06-26,MC013,EDM,16,6,6,0.0,0,CRM
2026-06-27,MC013,Email,2,2,2,0.0,0,GA4
2026-06-28,MC013,Email,12,5,5,0.0,0,GA4
2026-06-29,MC013,Email,18,7,7,0.0,0,Google Ads
2026-06-30,MC013,Email,16,6,6,0.0,0,GA4
2026-07-01,MC013,Email,13,6,6,0.0,0,Manual
2026-07-02,MC013,Email,13,6,6,0.0,1,Google Ads
2026-07-03,MC013,EDM,10,9,9,0.0,0,Google Ads
2026-07-04,MC013,Email,13,5,5,0.0,0,GA4
2026-07-05,MC013,Email,10,4,4,0.0,0,CRM
2026-07-06,MC013,Email,20,8,8,0.0,0,GA4
2026-07-07,MC013,Email,10,6,6,0.0,0,GA4
2026-07-08,MC013,Email,10,9,9,0.0,0,Google Ads
2026-07-09,MC013,Email,10,7,7,0.0,0,Google Ads
2026-07-10,MC013,Email,23,9,9,0.0,0,Meta
2026-07-11,MC013,Email,6,5,5,0.0,0,Google Ads
2026-07-12,MC013,Email,7,4,4,0.0,0,CRM
2026-07-13,MC013,Email,13,11,11,0.0,0,GA4
2026-07-14,MC013,EDM,14,7,7,0.0,0,CRM
2026-07-15,MC013,Email,17,8,8,0.0,1,CRM
2026-07-16,MC013,Email,6,5,5,0.0,0,Meta
2026-07-17,MC013,Email,30,12,12,0.0,0,Google Ads
2026-07-18,MC013,Email,2,2,2,0.0,0,Meta
2026-07-19,MC013,Email,5,3,3,0.0,0,Manual
2026-07-20,MC013,Email,17,8,8,0.0,1,CRM
2026-07-21,MC013,Email,10,6,6,0.0,0,CRM
2026-07-22,MC013,Email,22,9,9,0.0,0,GA4
2026-07-23,MC013,Email,27,10,10,0.0,0,CRM
2026-07-24,MC013,Email,10,6,6,0.0,0,GA4
2026-07-25,MC013,Email,11,6,6,0.0,0,Google Ads
2026-07-26,MC013,EDM,10,4,4,0.0,0,GA4
2026-07-27,MC013,Email,9,6,6,0.0,0,Meta
2026-07-28,MC013,Email,8,7,7,0.0,0,CRM
2026-07-29,MC013,EDM,19,10,10,0.0,0,CRM
2026-07-30,MC013,Email,14,6,6,0.0,0,Google Ads
2026-07-31,MC013,Email,9,4,4,0.0,0,Manual
2026-08-01,MC013,Email,4,3,3,0.0,0,GA4
2026-08-02,MC013,Email,10,4,4,0.0,0,GA4
2026-08-03,MC013,Email,12,8,8,0.0,0,Manual
2026-08-04,MC013,Email,20,8,8,0.0,1,CRM
2026-08-05,MC013,Email,23,9,9,0.0,0,GA4
2026-08-06,MC013,Email,7,5,5,0.0,1,CRM
2026-08-07,MC013,Email,7,5,5,0.0,0,GA4
2026-08-08,MC013,Email,5,4,4,0.0,0,GA4
2026-08-09,MC013,Email,2,2,2,0.0,0,CRM
2026-08-10,MC013,Email,23,10,10,0.0,1,CRM
2026-08-11,MC013,Email,21,9,9,0.0,0,GA4
2026-08-12,MC013,Email,10,7,7,0.0,0,CRM
2026-08-13,MC013,Email,16,7,7,0.0,1,CRM
2026-08-14,MC013,Email,21,12,12,0.0,0,GA4
2026-08-15,MC013,Email,1,1,1,0.0,0,Meta
16/08/2026,MC013,Email,1,1,1,0.0,0,Google Ads
2026-08-17,MC013,Email,18,7,7,0.0,0,Manual
2026-08-18,MC013,Email,15,9,9,0.0,0,GA4
2026-08-19,MC013,Email,15,9,9,0.0,0,CRM
2026-08-20,MC013,Email,26,11,11,0.0,0,GA4
2026-08-21,MC013,Email,30,15,15,0.0,2,GA4
2026-08-22,MC013,Email,7,4,4,0.0,0,Manual
2026-08-23,MC013,Email,4,4,4,0.0,1,GA4
2026-08-24,MC013,Email,13,9,9,0.0,0,Google Ads
2026-08-25,MC013,Email,6,5,5,0.0,0,Meta
2026-08-26,MC013,Email,19,7,7,0.0,1,GA4
2026-08-27,MC013,Email,21,10,10,0.0,1,GA4
2026-08-28,MC013,Email,29,13,13,0.0,2,Manual
2026-08-29,MC013,Email,4,4,4,0.0,0,Google Ads
2026-08-30,MC013,Email,4,2,2,0.0,0,GA4
2026-08-31,MC013,Email,16,10,10,0.0,0,Google Ads
2025-01-01,MC014,Direct,0,0,9,0.0,0,Google Ads
2025-01-02,MC014,Direct,0,0,11,0.0,0,Meta
2025-01-03,MC014,Direct,0,0,8,0.0,0,Meta
2025-01-04,MC014,Direct,0,0,3,0.0,0,Google Ads
2025-01-05,MC014,Direct,0,0,4,0.0,0,CRM
2025-01-06,MC014,Direct,0,0,9,0.0,0,Manual
2025-01-07,MC014,Direct,0,0,13,0.0,1,GA4
2025-01-08,MC014,Direct,0,0,11,0.0,0,Google Ads
2025-01-09,MC014,Direct,0,0,13,0.0,0,CRM
2025-01-10,MC014,Direct,0,0,12,0.0,0,GA4
2025-01-11,MC014,Direct,0,0,0,0.0,0,Meta
2025-01-12,MC014,Direct,0,0,9,0.0,1,Google Ads
2025-01-13,MC014,Direct,0,0,9,0.0,0,Manual
2025-01-14,MC014,Direct,0,0,11,0.0,0,GA4
2025-01-15,MC014,Direct,0,0,10,0.0,0,Meta
2025-01-16,MC014,Direct,0,0,13,0.0,1,CRM
2025-01-17,MC014,Direct,0,0,9,0.0,0,CRM
2025-01-18,MC014,Direct Traffic,0,0,6,0.0,0,CRM
2025-01-19,MC014,Direct,0,0,4,0.0,0,Google Ads
2025-01-20,MC014,Direct,0,0,18,0.0,0,Manual
2025-01-21,MC014,Direct,0,0,9,0.0,0,Meta
2025-01-22,MC014,Direct,0,0,14,0.0,0,Google Ads
2025-01-23,MC014,Direct,0,0,15,0.0,0,GA4
2025-01-24,MC014,Direct,0,0,14,0.0,2,CRM
2025-01-25,MC014,Direct,0,0,5,0.0,0,Manual
2025-01-26,MC014,Direct,0,0,5,0.0,0,Manual
2025-01-27,MC014,Direct,0,0,11,0.0,0,Google Ads
2025-01-28,MC014,Direct,0,0,11,0.0,0,Google Ads
2025-01-29,MC014,Direct,0,0,10,0.0,0,CRM
2025-01-30,MC014,Direct,0,0,11,0.0,0,Manual
2025-01-31,MC014,Direct,0,0,13,0.0,0,Google Ads
2025-02-01,MC014,Direct,0,0,4,0.0,0,Google Ads
2025-02-02,MC014,Direct,0,0,3,0.0,0,GA4
2025-02-03,MC014,Direct,0,0,8,0.0,0,Meta
2025-02-04,MC014,Direct,0,0,3,0.0,0,Google Ads
2025-02-05,MC014,Direct,0,0,8,0.0,0,GA4
2025-02-06,MC014,Direct,0,0,6,0.0,1,Manual
2025-02-07,MC014,Direct,0,0,8,0.0,0,Manual
2025-02-08,MC014,Direct,0,0,5,0.0,1,Google Ads
2025-02-09,MC014,Direct,0,0,2,0.0,1,GA4
2025-02-10,MC014,Direct,0,0,9,0.0,0,GA4
2025-02-11,MC014,Direct,0,0,5,0.0,0,GA4
2025-02-12,MC014,direct,0,0,12,0.0,1,CRM
2025-02-13,MC014,Direct,0,0,10,0.0,0,Google Ads
2025-02-14,MC014,Direct,0,0,10,0.0,0,CRM
2025-02-15,MC014,Direct,0,0,3,0.0,0,CRM
2025-02-16,MC014,Direct,0,0,2,0.0,0,Manual
02-17-2025,MC014,Direct,0,0,9,0.0,0,Meta
2025-02-18,MC014,Direct,0,0,8,0.0,1,GA4
2025-02-19,MC014,Direct,0,0,4,0.0,0,GA4
2025-02-20,MC014,Direct,0,0,7,0.0,0,CRM
2025-02-21,MC014,Direct,0,0,7,0.0,0,Manual
2025-02-22,MC014,Direct,0,0,1,0.0,0,Google Ads
2025-02-23,MC014,Direct,0,0,4,0.0,0,CRM
2025-02-24,MC014,Direct,0,0,8,0.0,0,GA4
2025-02-25,MC014,Direct,0,0,4,0.0,1,GA4
2025-02-26,MC014,Direct,0,0,10,0.0,0,GA4
2025-02-27,MC014,Direct,0,0,4,0.0,0,Manual
2025-02-28,MC014,Direct,0,0,8,0.0,1,Google Ads
2025-03-01,MC014,direct,0,0,4,0.0,0,GA4
2025-03-02,MC014,Direct,0,0,1,0.0,1,CRM
2025-03-03,MC014,Direct,0,0,10,0.0,0,GA4
2025-03-04,MC014,Direct,0,0,7,0.0,0,Google Ads
2025-03-05,MC014,direct,0,0,8,0.0,0,GA4
2025-03-06,MC014,Direct,0,0,7,0.0,0,GA4
2025-03-07,MC014,Direct,0,0,14,0.0,0,Google Ads
2025-03-08,MC014,Direct,0,0,8,0.0,0,Manual
2025-03-09,MC014,Direct,0,0,6,0.0,0,Manual
2025-03-10,MC014,Direct,0,0,12,0.0,1,CRM
2025-03-11,MC014,Direct,0,0,11,0.0,0,CRM
2025-03-12,MC014,Direct,0,0,9,0.0,0,Google Ads
2025-03-13,MC014,Direct,0,0,8,0.0,0,Google Ads
2025-03-14,MC014,Direct,0,0,8,0.0,0,GA4
2025-03-15,MC014,direct,0,0,6,0.0,0,Meta
2025-03-16,MC014,Direct,0,0,9,0.0,0,Meta
2025-03-17,MC014,Direct,0,0,6,0.0,0,GA4
2025-03-18,MC014,Direct Traffic,0,0,10,0.0,1,Meta
2025-03-19,MC014,Direct Traffic,0,0,11,0.0,1,Manual
2025-03-20,MC014,Direct,0,0,19,0.0,0,GA4
2025-03-21,MC014,Direct,0,0,10,0.0,0,GA4
2025-03-22,MC014,Direct,0,0,4,0.0,1,GA4
2025-03-23,MC014,Direct,0,0,6,0.0,0,GA4
2025-03-24,MC014,Direct,0,0,13,0.0,0,CRM
2025-03-25,MC014,Direct,0,0,11,0.0,0,CRM
2025-03-26,MC014,Direct,0,0,17,0.0,0,GA4
2025-03-27,MC014,Direct,0,0,8,0.0,0,GA4
2025-03-28,MC014,Direct,0,0,13,0.0,0,CRM
2025-03-29,MC014,Direct,0,0,3,0.0,1,GA4
2025-03-30,MC014,Direct,0,0,3,0.0,0,Meta
2025-03-31,MC014,Direct,0,0,6,0.0,2,GA4
2025-04-01,MC014,Direct,0,0,8,0.0,0,GA4
2025-04-02,MC014,Direct,0,0,17,0.0,0,GA4
2025-04-03,MC014,Direct,0,0,8,0.0,0,GA4
2025-04-04,MC014,Direct,0,0,11,0.0,0,GA4
2025-04-05,MC014,Direct,0,0,7,0.0,0,GA4
2025-04-06,MC014,Direct,0,0,2,0.0,0,CRM
2025-04-07,MC014,Direct,0,0,10,0.0,0,CRM
2025-04-08,MC014,Direct,0,0,9,0.0,0,Meta
2025-04-09,MC014,Direct,0,0,10,0.0,0,GA4
2025-04-10,MC014,Direct,0,0,14,0.0,1,Google Ads
2025-04-11,MC014,Direct,0,0,12,0.0,0,Google Ads
2025-04-12,MC014,Direct,0,0,4,0.0,1,Google Ads
2025-04-13,MC014,Direct,0,0,4,0.0,0,Google Ads
2025-04-14,MC014,Direct,0,0,12,0.0,0,Google Ads
2025-04-15,MC014,Direct,0,0,9,0.0,0,CRM
2025-04-16,MC014,direct,0,0,7,0.0,0,GA4
2025-04-17,MC014,Direct,0,0,12,0.0,1,Meta
2025-04-18,MC014,Direct,0,0,8,0.0,0,GA4
2025-04-19,MC014,Direct,0,0,5,0.0,1,CRM
2025-04-20,MC014,Direct,0,0,6,0.0,0,GA4
2025-04-21,MC014,Direct,0,0,14,0.0,0,CRM
2025-04-22,MC014,Direct,0,0,9,0.0,0,CRM
2025-04-23,MC014,Direct,0,0,20,0.0,1,CRM
2025-04-24,MC014,Direct,0,0,8,0.0,0,Manual
2025-04-25,MC014,Direct,0,0,8,0.0,0,GA4
2025-04-26,MC014,Direct Traffic,0,0,4,0.0,0,GA4
2025-04-27,MC014,Direct,0,0,6,0.0,0,Google Ads
2025-04-28,MC014,Direct,0,0,12,0.0,0,Manual
2025-04-29,MC014,Direct,0,0,11,0.0,0,GA4
2025-04-30,MC014,Direct,0,0,6,0.0,1,Google Ads
2025-05-01,MC014,Direct,0,0,9,0.0,0,Meta
2025-05-02,MC014,Direct,0,0,16,0.0,0,CRM
2025-05-03,MC014,Direct,0,0,9,0.0,0,GA4
2025-05-04,MC014,Direct,0,0,2,0.0,0,CRM
2025-05-05,MC014,Direct,0,0,6,0.0,0,Google Ads
2025-05-06,MC014,Direct,0,0,10,0.0,1,Manual
2025-05-07,MC014,Direct,0,0,14,0.0,1,CRM
2025-05-08,MC014,Direct,0,0,8,0.0,1,CRM
2025-05-09,MC014,Direct,0,0,13,0.0,0,CRM
2025-05-10,MC014,Direct,0,0,2,0.0,0,GA4
2025-05-11,MC014,Direct,0,0,3,0.0,0,GA4
2025-05-12,MC014,direct,0,0,16,0.0,0,CRM
2025-05-13,MC014,Direct Traffic,0,0,12,0.0,1,CRM
2025-05-14,MC014,Direct,0,0,14,0.0,0,Google Ads
2025-05-15,MC014,Direct,0,0,12,0.0,0,GA4
2025-05-16,MC014,Direct,0,0,9,0.0,0,GA4
2025-05-17,MC014,direct,0,0,2,0.0,1,Meta
2025-05-18,MC014,Direct,0,0,7,0.0,0,Manual
2025-05-19,MC014,Direct,0,0,7,0.0,0,Manual
2025-05-20,MC014,Direct,0,0,13,0.0,0,Google Ads
2025-05-21,MC014,Direct,0,0,8,0.0,1,Google Ads
2025-05-22,MC014,Direct,0,0,8,0.0,1,GA4
2025-05-23,MC014,Direct,0,0,7,0.0,0,CRM
2025-05-24,MC014,Direct,0,0,8,0.0,0,CRM
2025-05-25,MC014,Direct,0,0,3,0.0,0,GA4
2025-05-26,MC014,Direct,0,0,14,0.0,1,Manual
2025-05-27,MC014,Direct,0,0,7,0.0,2,Manual
2025-05-28,MC014,Direct,0,0,8,0.0,0,GA4
2025-05-29,MC014,Direct,0,0,12,0.0,0,GA4
2025-05-30,MC014,Direct,0,0,15,0.0,0,Meta
2025-05-31,MC014,Direct,0,0,3,0.0,1,Manual
2025-06-01,MC014,Direct,0,0,3,0.0,0,Manual
2025-06-02,MC014,Direct,0,0,5,0.0,0,CRM
2025-06-03,MC014,Direct,0,0,9,0.0,0,GA4
2025-06-04,MC014,Direct,0,0,7,0.0,0,Google Ads
2025-06-05,MC014,Direct,0,0,9,0.0,0,GA4
2025-06-06,MC014,Direct,0,0,13,0.0,1,Meta
2025-06-07,MC014,Direct,0,0,3,0.0,0,GA4
2025-06-08,MC014,Direct,0,0,5,0.0,1,Google Ads
2025-06-09,MC014,Direct,0,0,11,0.0,0,GA4
2025-06-10,MC014,Direct,0,0,10,0.0,0,GA4
2025-06-11,MC014,Direct,0,0,10,0.0,0,Manual
2025-06-12,MC014,Direct,0,0,8,0.0,0,GA4
2025-06-13,MC014,Direct,0,0,6,0.0,0,Google Ads
2025-06-14,MC014,Direct,0,0,5,0.0,0,GA4
2025-06-15,MC014,Direct,0,0,4,0.0,0,GA4
2025-06-16,MC014,Direct,0,0,10,0.0,1,CRM
2025-06-17,MC014,Direct,0,0,10,0.0,0,CRM
2025-06-18,MC014,Direct,0,0,15,0.0,0,GA4
2025-06-19,MC014,Direct,0,0,9,0.0,0,CRM
2025-06-20,MC014,Direct,0,0,9,0.0,1,Manual
2025-06-21,MC014,Direct,0,0,6,0.0,0,CRM
2025-06-22,MC014,Direct,0,0,4,0.0,0,Google Ads
2025-06-23,MC014,Direct,0,0,12,0.0,0,CRM
2025-06-24,MC014,Direct,0,0,11,0.0,0,Meta
2025-06-25,MC014,Direct,0,0,13,0.0,0,GA4
2025-06-26,MC014,Direct,0,0,10,0.0,0,Google Ads
2025-06-27,MC014,Direct,0,0,10,0.0,0,CRM
2025-06-28,MC014,Direct,0,0,6,0.0,1,GA4
2025-06-29,MC014,Direct,0,0,6,0.0,0,Manual
2025-06-30,MC014,Direct,0,0,9,0.0,1,CRM
2025-07-01,MC014,Direct,0,0,10,0.0,1,CRM
2025-07-02,MC014,Direct,0,0,12,0.0,1,GA4
2025-07-03,MC014,Direct,0,0,14,0.0,0,Google Ads
2025-07-04,MC014,Direct,0,0,12,0.0,1,Google Ads
2025-07-05,MC014,Direct,0,0,3,0.0,0,Google Ads
2025-07-06,MC014,Direct,0,0,0,0.0,1,Manual
2025-07-07,MC014,Direct,0,0,16,0.0,0,Meta
2025-07-08,MC014,Direct,0,0,12,0.0,0,Google Ads
2025-07-09,MC014,Direct,0,0,9,0.0,0,Manual
2025-07-10,MC014,Direct,0,0,7,0.0,1,CRM
2025-07-11,MC014,Direct,0,0,12,0.0,0,GA4
2025-07-12,MC014,Direct,0,0,3,0.0,0,GA4
2025-07-13,MC014,Direct,0,0,7,0.0,1,GA4
2025-07-14,MC014,Direct,0,0,12,0.0,0,CRM
2025-07-15,MC014,Direct,0,0,7,0.0,0,CRM
2025-07-16,MC014,Direct,0,0,11,0.0,0,GA4
2025-07-17,MC014,Direct,0,0,13,0.0,0,Google Ads
2025-07-18,MC014,Direct,0,0,16,0.0,1,GA4
2025-07-19,MC014,Direct,0,0,4,0.0,0,GA4
2025-07-20,MC014,Direct,0,0,3,0.0,0,Manual
2025-07-21,MC014,Direct,0,0,9,0.0,0,Manual
2025-07-22,MC014,Direct,0,0,13,0.0,0,Manual
2025-07-23,MC014,Direct,0,0,15,0.0,1,Manual
2025-07-24,MC014,Direct,0,0,12,0.0,1,Google Ads
2025-07-25,MC014,Direct,0,0,8,0.0,0,GA4
2025-07-26,MC014,Direct,0,0,5,0.0,0,GA4
2025-07-27,MC014,Direct Traffic,0,0,6,0.0,0,GA4
2025-07-28,MC014,Direct,0,0,10,0.0,0,GA4
2025-07-29,MC014,Direct,0,0,13,0.0,0,Google Ads
2025-07-30,MC014,Direct,0,0,11,0.0,2,GA4
2025-07-31,MC014,Direct,0,0,14,0.0,1,Manual
2025-08-01,MC014,Direct,0,0,11,0.0,0,GA4
2025-08-02,MC014,Direct,0,0,2,0.0,1,GA4
2025-08-03,MC014,Direct,0,0,4,0.0,0,Manual
2025-08-04,MC014,Direct,0,0,12,0.0,0,Google Ads
2025-08-05,MC014,Direct,0,0,7,0.0,1,CRM
2025-08-06,MC014,Direct,0,0,10,0.0,0,GA4
2025-08-07,MC014,Direct,0,0,8,0.0,1,Google Ads
2025-08-08,MC014,Direct,0,0,13,0.0,1,CRM
2025-08-09,MC014,Direct,0,0,6,0.0,0,GA4
2025-08-10,MC014,Direct,0,0,4,0.0,0,GA4
2025-08-11,MC014,direct,0,0,13,0.0,0,Google Ads
2025-08-12,MC014,Direct,0,0,8,0.0,1,GA4
2025-08-13,MC014,Direct Traffic,0,0,7,0.0,1,Manual
2025-08-14,MC014,Direct,0,0,11,0.0,1,CRM
2025-08-15,MC014,Direct,0,0,11,0.0,1,CRM
2025-08-16,MC014,Direct,0,0,4,0.0,0,CRM
2025-08-17,MC014,direct,0,0,3,0.0,0,Manual
2025-08-18,MC014,Direct,0,0,10,0.0,0,GA4
2025-08-19,MC014,Direct,0,0,12,0.0,0,CRM
2025-08-20,MC014,Direct,0,0,14,0.0,0,CRM
2025-08-21,MC014,Direct,0,0,18,0.0,0,Google Ads
2025-08-22,MC014,Direct,0,0,15,0.0,0,GA4
2025-08-23,MC014,Direct Traffic,0,0,3,0.0,0,GA4
2025-08-24,MC014,Direct,0,0,9,0.0,0,GA4
2025-08-25,MC014,Direct,0,0,13,0.0,1,Google Ads
2025-08-26,MC014,Direct,0,0,6,0.0,1,CRM
2025-08-27,MC014,Direct,0,0,11,0.0,0,CRM
2025-08-28,MC014,Direct,0,0,10,0.0,0,Meta
2025-08-29,MC014,direct,0,0,16,0.0,0,GA4
2025-08-30,MC014,Direct,0,0,5,0.0,0,CRM
2025-08-31,MC014,Direct,0,0,2,0.0,1,Meta
2025-09-01,MC014,Direct,0,0,16,0.0,0,CRM
2025-09-02,MC014,Direct,0,0,8,0.0,0,CRM
2025-09-03,MC014,Direct,0,0,18,0.0,0,Meta
2025-09-04,MC014,Direct,0,0,12,0.0,1,GA4
2025-09-05,MC014,Direct,0,0,13,0.0,0,CRM
2025-09-06,MC014,Direct,0,0,4,0.0,0,Meta
2025-09-07,MC014,Direct,0,0,4,0.0,0,Meta
2025-09-08,MC014,Direct,0,0,8,0.0,0,Manual
2025-09-09,MC014,Direct,0,0,11,0.0,0,CRM
2025-09-10,MC014,Direct Traffic,0,0,10,0.0,0,CRM
2025-09-11,MC014,Direct,0,0,9,0.0,0,CRM
2025-09-12,MC014,Direct,0,0,10,0.0,1,CRM
2025-09-13,MC014,Direct,0,0,3,0.0,0,GA4
2025-09-14,MC014,Direct Traffic,0,0,1,0.0,0,GA4
2025-09-15,MC014,Direct,0,0,10,0.0,0,Manual
2025-09-16,MC014,Direct,0,0,11,0.0,2,GA4
2025-09-17,MC014,Direct,0,0,13,0.0,1,Manual
2025-09-18,MC014,Direct,0,0,9,0.0,0,GA4
2025-09-19,MC014,Direct,0,0,14,0.0,0,Meta
2025-09-20,MC014,Direct,0,0,5,0.0,1,Manual
2025-09-21,MC014,Direct,0,0,11,0.0,0,GA4
2025-09-22,MC014,Direct,0,0,11,0.0,0,Manual
2025-09-23,MC014,Direct,0,0,11,0.0,0,GA4
2025-09-24,MC014,Direct,0,0,10,0.0,0,Google Ads
2025-09-25,MC014,Direct,0,0,9,0.0,0,CRM
2025-09-26,MC014,Direct,0,0,11,0.0,1,GA4
2025-09-27,MC014,Direct,0,0,6,0.0,0,GA4
2025-09-28,MC014,Direct,0,0,9,0.0,1,GA4
2025-09-29,MC014,Direct,0,0,13,0.0,0,Meta
2025-09-30,MC014,Direct,0,0,9,0.0,0,Meta
2025-10-01,MC014,Direct,0,0,10,0.0,1,Google Ads
2025-10-02,MC014,Direct,0,0,18,0.0,1,Google Ads
2025-10-03,MC014,Direct,0,0,17,0.0,1,GA4
2025-10-04,MC014,Direct,0,0,7,0.0,0,Google Ads
2025-10-05,MC014,Direct,0,0,3,0.0,0,CRM
2025-10-06,MC014,Direct,0,0,11,0.0,0,CRM
2025-10-07,MC014,Direct,0,0,13,0.0,0,GA4
2025-10-08,MC014,Direct,0,0,17,0.0,1,CRM
2025-10-09,MC014,Direct,0,0,14,0.0,1,CRM
2025-10-10,MC014,Direct,0,0,9,0.0,1,GA4
2025-10-11,MC014,Direct,0,0,5,0.0,0,GA4
2025-10-12,MC014,Direct,0,0,4,0.0,0,Google Ads
2025-10-13,MC014,Direct,0,0,11,0.0,0,CRM
2025-10-14,MC014,direct,0,0,23,0.0,0,GA4
2025-10-15,MC014,Direct,0,0,12,0.0,0,CRM
2025-10-16,MC014,Direct,0,0,11,0.0,0,Manual
2025-10-17,MC014,Direct,0,0,13,0.0,0,GA4
2025-10-18,MC014,Direct,0,0,2,0.0,0,Google Ads
2025-10-19,MC014,Direct,0,0,2,0.0,0,GA4
2025-10-20,MC014,Direct,0,0,17,0.0,0,GA4
2025-10-21,MC014,Direct,0,0,16,0.0,1,GA4
2025-10-22,MC014,Direct,0,0,9,0.0,0,Google Ads
2025-10-23,MC014,Direct,0,0,16,0.0,0,Meta
2025-10-24,MC014,Direct,0,0,5,0.0,0,CRM
2025-10-25,MC014,Direct,0,0,6,0.0,1,CRM
2025-10-26,MC014,Direct,0,0,6,0.0,0,Meta
2025-10-27,MC014,Direct,0,0,12,0.0,0,CRM
2025-10-28,MC014,Direct,0,0,10,0.0,0,Google Ads
2025-10-29,MC014,Direct,0,0,11,0.0,1,CRM
2025-10-30,MC014,Direct,0,0,11,0.0,0,GA4
2025-10-31,MC014,Direct,0,0,16,0.0,1,Google Ads
2025-11-01,MC014,Direct,0,0,7,0.0,0,Meta
2025-11-02,MC014,Direct,0,0,6,0.0,0,Google Ads
2025-11-03,MC014,Direct,0,0,11,0.0,0,GA4
2025-11-04,MC014,Direct,0,0,10,0.0,1,GA4
2025-11-05,MC014,Direct,0,0,12,0.0,0,GA4
2025-11-06,MC014,Direct,0,0,17,0.0,0,Meta
2025-11-07,MC014,Direct,0,0,10,0.0,0,Meta
2025-11-08,MC014,Direct,0,0,4,0.0,1,CRM
2025-11-09,MC014,Direct,0,0,6,0.0,0,GA4
2025-11-10,MC014,Direct,0,0,14,0.0,0,Google Ads
2025-11-11,MC014,Direct,0,0,7,0.0,0,CRM
2025-11-12,MC014,Direct,0,0,9,0.0,0,GA4
2025-11-13,MC014,Direct,0,0,12,0.0,0,Google Ads
2025-11-14,MC014,Direct,0,0,17,0.0,0,GA4
2025-11-15,MC014,Direct,0,0,4,0.0,0,GA4
2025-11-16,MC014,Direct Traffic,0,0,5,0.0,0,CRM
2025-11-17,MC014,Direct,0,0,11,0.0,1,GA4
2025-11-18,MC014,Direct,0,0,17,0.0,0,Meta
2025-11-19,MC014,Direct,0,0,18,0.0,1,CRM
2025-11-20,MC014,Direct,0,0,13,0.0,1,GA4
2025-11-21,MC014,Direct,0,0,19,0.0,0,CRM
2025-11-22,MC014,Direct,0,0,4,0.0,0,Google Ads
2025-11-23,MC014,Direct,0,0,3,0.0,0,Meta
2025-11-24,MC014,Direct,0,0,8,0.0,0,GA4
2025-11-25,MC014,Direct,0,0,14,0.0,0,CRM
2025-11-26,MC014,Direct,0,0,18,0.0,0,GA4
2025-11-27,MC014,Direct,0,0,11,0.0,0,CRM
2025-11-28,MC014,Direct,0,0,12,0.0,0,GA4
2025-11-29,MC014,Direct,0,0,8,0.0,0,GA4
2025-11-30,MC014,Direct,0,0,3,0.0,0,Google Ads
2025-12-01,MC014,Direct,0,0,12,0.0,0,CRM
2025-12-02,MC014,Direct,0,0,12,0.0,0,Meta
2025-12-03,MC014,Direct,0,0,12,0.0,1,GA4
2025-12-04,MC014,Direct,0,0,16,0.0,1,Google Ads
2025-12-05,MC014,Direct,0,0,17,0.0,0,CRM
2025-12-06,MC014,Direct,0,0,5,0.0,1,CRM
2025-12-07,MC014,Direct,0,0,6,0.0,2,Manual
2025-12-08,MC014,Direct,0,0,12,0.0,1,GA4
2025-12-09,MC014,Direct,0,0,13,0.0,0,CRM
2025-12-10,MC014,Direct,0,0,7,0.0,0,GA4
2025-12-11,MC014,Direct,0,0,13,0.0,0,Meta
2025-12-12,MC014,Direct,0,0,9,0.0,0,CRM
2025-12-13,MC014,Direct,0,0,5,0.0,1,Meta
2025-12-14,MC014,Direct,0,0,8,0.0,0,CRM
2025-12-15,MC014,Direct,0,0,18,0.0,1,CRM
2025-12-16,MC014,Direct Traffic,0,0,14,0.0,0,GA4
2025-12-17,MC014,Direct,0,0,7,0.0,0,Google Ads
2025-12-18,MC014,Direct,0,0,16,0.0,1,GA4
2025-12-19,MC014,Direct,0,0,14,0.0,0,GA4
2025-12-20,MC014,Direct,0,0,4,0.0,1,GA4
2025-12-21,MC014,Direct,0,0,5,0.0,0,GA4
2025-12-22,MC014,Direct,0,0,15,0.0,0,CRM
2025-12-23,MC014,Direct,0,0,20,0.0,0,GA4
2025-12-24,MC014,Direct,0,0,10,0.0,0,Manual
2025-12-25,MC014,Direct,0,0,12,0.0,1,GA4
2025-12-26,MC014,Direct,0,0,21,0.0,0,Meta
2025-12-27,MC014,Direct,0,0,1,0.0,0,Google Ads
12-28-2025,MC014,Direct Traffic,0,0,9,0.0,2,CRM
2025-12-29,MC014,Direct,0,0,15,0.0,0,Google Ads
2025-12-30,MC014,Direct,0,0,20,0.0,0,GA4
2025-12-31,MC014,Direct,0,0,9,0.0,0,CRM
2026-01-01,MC014,Direct,0,0,21,0.0,0,Google Ads
2026-01-02,MC014,Direct,0,0,18,0.0,0,Manual
2026-01-03,MC014,Direct,0,0,4,0.0,0,GA4
2026-01-04,MC014,Direct,0,0,3,0.0,0,CRM
2026-01-05,MC014,Direct,0,0,7,0.0,0,GA4
2026-01-06,MC014,Direct,0,0,10,0.0,1,CRM
2026-01-07,MC014,Direct,0,0,11,0.0,0,Manual
2026-01-08,MC014,Direct,0,0,9,0.0,0,CRM
2026-01-09,MC014,Direct,0,0,15,0.0,0,GA4
2026-01-10,MC014,Direct Traffic,0,0,1,0.0,0,GA4
2026-01-11,MC014,Direct,0,0,1,0.0,0,Google Ads
2026-01-12,MC014,Direct,0,0,14,0.0,1,Google Ads
2026-01-13,MC014,Direct,0,0,15,0.0,0,Manual
2026-01-14,MC014,direct,0,0,5,0.0,1,CRM
2026-01-15,MC014,Direct,0,0,9,0.0,0,CRM
16/01/2026,MC014,Direct,0,0,19,0.0,0,GA4
2026-01-17,MC014,Direct,0,0,5,0.0,0,GA4
2026-01-18,MC014,Direct,0,0,9,0.0,1,CRM
2026-01-19,MC014,Direct,0,0,13,0.0,1,Google Ads
2026-01-20,MC014,Direct,0,0,10,0.0,0,GA4
2026-01-21,MC014,Direct,0,0,15,0.0,1,GA4
2026-01-22,MC014,Direct,0,0,10,0.0,0,CRM
2026-01-23,MC014,Direct,0,0,11,0.0,0,Meta
2026-01-24,MC014,Direct,0,0,5,0.0,0,GA4
2026-01-25,MC014,Direct,0,0,3,0.0,1,CRM
2026-01-26,MC014,Direct,0,0,14,0.0,0,CRM
2026-01-27,MC014,Direct,0,0,9,0.0,0,Meta
2026-01-28,MC014,Direct,0,0,20,0.0,0,Google Ads
2026-01-29,MC014,Direct,0,0,11,0.0,0,Google Ads
2026-01-30,MC014,Direct,0,0,12,0.0,1,CRM
2026-01-31,MC014,Direct,0,0,2,0.0,0,Manual
2026-02-01,MC014,Direct,0,0,2,0.0,0,Google Ads
2026-02-02,MC014,Direct,0,0,6,0.0,1,CRM
2026-02-03,MC014,Direct,0,0,8,0.0,0,Manual
2026-02-04,MC014,Direct,0,0,11,0.0,1,CRM
2026-02-05,MC014,Direct,0,0,13,0.0,0,GA4
2026-02-06,MC014,Direct,0,0,8,0.0,0,GA4
2026-02-07,MC014,Direct,0,0,2,0.0,0,GA4
2026-02-08,MC014,Direct,0,0,4,0.0,0,GA4
2026-02-09,MC014,Direct,0,0,9,0.0,0,GA4
2026-02-10,MC014,Direct,0,0,12,0.0,0,GA4
2026-02-11,MC014,Direct,0,0,9,0.0,0,Manual
2026-02-12,MC014,Direct,0,0,9,0.0,2,Google Ads
2026-02-13,MC014,Direct,0,0,4,0.0,0,Meta
14/02/2026,MC014,Direct,0,0,4,0.0,0,GA4
2026-02-15,MC014,Direct,0,0,2,0.0,0,CRM
2026-02-16,MC014,Direct,0,0,7,0.0,0,Google Ads
2026-02-17,MC014,Direct,0,0,9,0.0,0,Manual
2026-02-18,MC014,Direct,0,0,7,0.0,0,Meta
2026-02-19,MC014,Direct,0,0,11,0.0,1,CRM
2026-02-20,MC014,Direct,0,0,9,0.0,0,GA4
2026-02-21,MC014,Direct,0,0,3,0.0,0,GA4
2026-02-22,MC014,Direct,0,0,0,0.0,0,Google Ads
2026-02-23,MC014,Direct,0,0,10,0.0,0,Manual
2026-02-24,MC014,Direct,0,0,9,0.0,0,GA4
2026-02-25,MC014,Direct,0,0,9,0.0,0,CRM
2026-02-26,MC014,Direct,0,0,11,0.0,0,CRM
2026-02-27,MC014,Direct,0,0,7,0.0,0,Meta
2026-02-28,MC014,Direct,0,0,4,0.0,0,Meta
2026-03-01,MC014,Direct,0,0,5,0.0,0,GA4
2026-03-02,MC014,Direct,0,0,11,0.0,0,GA4
2026-03-03,MC014,direct,0,0,7,0.0,0,CRM
2026-03-04,MC014,Direct,0,0,13,0.0,0,GA4
2026-03-05,MC014,Direct,0,0,11,0.0,0,Manual
2026-03-06,MC014,Direct,0,0,11,0.0,1,Meta
2026-03-07,MC014,Direct,0,0,7,0.0,0,Google Ads
2026-03-08,MC014,Direct,0,0,6,0.0,0,Manual
2026-03-09,MC014,Direct,0,0,14,0.0,2,Manual
2026-03-10,MC014,Direct,0,0,10,0.0,0,Meta
2026-03-11,MC014,Direct,0,0,9,0.0,0,CRM
2026-03-12,MC014,Direct,0,0,11,0.0,1,Google Ads
2026-03-13,MC014,Direct,0,0,10,0.0,2,Google Ads
2026-03-14,MC014,Direct,0,0,1,0.0,0,Google Ads
2026-03-15,MC014,Direct,0,0,4,0.0,0,GA4
2026-03-16,MC014,Direct,0,0,6,0.0,0,GA4
2026-03-17,MC014,Direct,0,0,12,0.0,0,GA4
2026-03-18,MC014,Direct,0,0,8,0.0,0,GA4
2026-03-19,MC014,Direct Traffic,0,0,8,0.0,0,GA4
2026-03-20,MC014,Direct,0,0,8,0.0,0,Meta
2026-03-21,MC014,Direct,0,0,5,0.0,0,Manual
2026-03-22,MC014,Direct,0,0,5,0.0,1,Manual
2026-03-23,MC014,Direct,0,0,6,0.0,0,CRM
2026-03-24,MC014,Direct,0,0,19,0.0,0,CRM
2026-03-25,MC014,Direct,0,0,12,0.0,0,GA4
2026-03-26,MC014,Direct,0,0,9,0.0,0,GA4
2026-03-27,MC014,Direct,0,0,12,0.0,0,GA4
2026-03-28,MC014,Direct,0,0,1,0.0,0,CRM
2026-03-29,MC014,Direct,0,0,3,0.0,0,Google Ads
2026-03-30,MC014,Direct,0,0,16,0.0,1,CRM
2026-03-31,MC014,Direct,0,0,11,0.0,1,GA4
2026-04-01,MC014,Direct,0,0,9,0.0,0,GA4
2026-04-02,MC014,Direct,0,0,14,0.0,0,Meta
2026-04-03,MC014,Direct,0,0,16,0.0,0,CRM
2026-04-04,MC014,Direct,0,0,1,0.0,0,Manual
2026-04-05,MC014,Direct,0,0,6,0.0,0,GA4
2026-04-06,MC014,Direct,0,0,13,0.0,0,GA4
2026-04-07,MC014,Direct,0,0,9,0.0,0,GA4
2026-04-08,MC014,Direct,0,0,10,0.0,0,GA4
2026-04-09,MC014,Direct,0,0,11,0.0,0,CRM
2026-04-10,MC014,Direct Traffic,0,0,7,0.0,0,Meta
2026-04-11,MC014,Direct,0,0,2,0.0,0,Manual
2026-04-12,MC014,Direct,0,0,3,0.0,0,Manual
2026-04-13,MC014,Direct,0,0,8,0.0,2,CRM
2026-04-14,MC014,Direct,0,0,12,0.0,0,Manual
2026-04-15,MC014,Direct,0,0,13,0.0,0,Google Ads
2026-04-16,MC014,Direct,0,0,9,0.0,0,Manual
2026-04-17,MC014,Direct,0,0,12,0.0,0,CRM
2026-04-18,MC014,Direct,0,0,5,0.0,1,GA4
2026-04-19,MC014,Direct,0,0,4,0.0,0,GA4
2026-04-20,MC014,Direct,0,0,10,0.0,0,Google Ads
2026-04-21,MC014,Direct,0,0,6,0.0,0,CRM
2026-04-22,MC014,Direct,0,0,10,0.0,1,GA4
2026-04-23,MC014,Direct,0,0,9,0.0,0,GA4
2026-04-24,MC014,Direct,0,0,7,0.0,0,CRM
2026-04-25,MC014,Direct,0,0,7,0.0,0,GA4
2026-04-26,MC014,Direct,0,0,2,0.0,1,GA4
2026-04-27,MC014,Direct,0,0,12,0.0,0,Google Ads
2026-04-28,MC014,direct,0,0,6,0.0,0,Meta
2026-04-29,MC014,Direct,0,0,9,0.0,1,Manual
2026-04-30,MC014,Direct,0,0,6,0.0,1,GA4
2026-05-01,MC014,Direct,0,0,7,0.0,0,GA4
2026-05-02,MC014,Direct,0,0,5,0.0,0,Manual
2026-05-03,MC014,Direct,0,0,3,0.0,0,GA4
2026-05-04,MC014,Direct,0,0,14,0.0,0,Manual
2026-05-05,MC014,Direct,0,0,10,0.0,0,GA4
2026-05-06,MC014,Direct,0,0,10,0.0,0,Manual
2026-05-07,MC014,Direct,0,0,9,0.0,0,GA4
2026-05-08,MC014,Direct,0,0,6,0.0,0,CRM
2026-05-09,MC014,Direct,0,0,6,0.0,0,CRM
2026-05-10,MC014,Direct,0,0,5,0.0,1,Google Ads
2026-05-11,MC014,Direct,0,0,12,0.0,1,GA4
2026-05-12,MC014,Direct,0,0,8,0.0,1,Meta
2026-05-13,MC014,Direct,0,0,9,0.0,1,Manual
2026-05-14,MC014,Direct,0,0,12,0.0,1,GA4
2026-05-15,MC014,Direct,0,0,13,0.0,1,Google Ads
2026-05-16,MC014,direct,0,0,5,0.0,0,Manual
2026-05-17,MC014,Direct,0,0,6,0.0,1,GA4
2026-05-18,MC014,Direct,0,0,5,0.0,1,Meta
2026-05-19,MC014,Direct,0,0,11,0.0,0,GA4
2026-05-20,MC014,Direct,0,0,15,0.0,1,GA4
2026-05-21,MC014,Direct,0,0,11,0.0,0,Google Ads
2026-05-22,MC014,Direct,0,0,15,0.0,0,GA4
2026-05-23,MC014,Direct,0,0,3,0.0,0,GA4
2026-05-24,MC014,Direct,0,0,6,0.0,0,Manual
2026-05-25,MC014,Direct,0,0,15,0.0,1,GA4
05-26-2026,MC014,Direct,0,0,11,0.0,0,Meta
2026-05-27,MC014,Direct,0,0,12,0.0,0,Meta
2026-05-28,MC014,Direct,0,0,7,0.0,0,GA4
29/05/2026,MC014,Direct,0,0,12,0.0,0,GA4
2026-05-30,MC014,Direct,0,0,3,0.0,0,Google Ads
2026-05-31,MC014,Direct,0,0,8,0.0,0,GA4
2026-06-01,MC014,Direct,0,0,7,0.0,0,GA4
2026-06-02,MC014,Direct,0,0,5,0.0,0,Meta
2026-06-03,MC014,Direct,0,0,10,0.0,1,GA4
2026-06-04,MC014,Direct,0,0,7,0.0,0,GA4
2026-06-05,MC014,Direct,0,0,13,0.0,0,CRM
2026-06-06,MC014,Direct,0,0,2,0.0,0,CRM
2026-06-07,MC014,Direct,0,0,6,0.0,1,Meta
2026-06-08,MC014,Direct,0,0,11,0.0,1,Google Ads
2026-06-09,MC014,Direct,0,0,17,0.0,0,Meta
2026-06-10,MC014,Direct,0,0,11,0.0,1,Google Ads
2026-06-11,MC014,Direct,0,0,11,0.0,0,Meta
2026-06-12,MC014,Direct,0,0,6,0.0,1,GA4
2026-06-13,MC014,Direct,0,0,6,0.0,0,Google Ads
2026-06-14,MC014,Direct,0,0,7,0.0,0,GA4
2026-06-15,MC014,Direct,0,0,10,0.0,1,GA4
2026-06-16,MC014,Direct,0,0,7,0.0,0,Meta
2026-06-17,MC014,Direct,0,0,6,0.0,0,CRM
2026-06-18,MC014,Direct,0,0,10,0.0,0,CRM
2026-06-19,MC014,Direct,0,0,11,0.0,1,Manual
2026-06-20,MC014,Direct,0,0,4,0.0,1,GA4
2026-06-21,MC014,Direct,0,0,8,0.0,1,Meta
2026-06-22,MC014,Direct,0,0,11,0.0,1,Manual
2026-06-23,MC014,Direct Traffic,0,0,6,0.0,0,Manual
2026-06-24,MC014,Direct,0,0,7,0.0,1,Meta
2026-06-25,MC014,Direct,0,0,12,0.0,0,Google Ads
2026-06-26,MC014,Direct,0,0,12,0.0,0,CRM
2026-06-27,MC014,Direct,0,0,2,0.0,0,Manual
2026-06-28,MC014,Direct,0,0,3,0.0,0,CRM
2026-06-29,MC014,Direct,0,0,6,0.0,0,Manual
2026-06-30,MC014,Direct,0,0,10,0.0,0,Google Ads
2026-07-01,MC014,Direct,0,0,10,0.0,1,GA4
2026-07-02,MC014,Direct,0,0,12,0.0,0,GA4
2026-07-03,MC014,Direct,0,0,9,0.0,0,Meta
2026-07-04,MC014,Direct,0,0,3,0.0,1,GA4
2026-07-05,MC014,Direct,0,0,4,0.0,1,CRM
2026-07-06,MC014,Direct,0,0,6,0.0,1,Manual
2026-07-07,MC014,Direct Traffic,0,0,15,0.0,1,CRM
2026-07-08,MC014,Direct,0,0,9,0.0,2,Meta
2026-07-09,MC014,Direct,0,0,8,0.0,0,CRM
2026-07-10,MC014,Direct,0,0,12,0.0,0,Google Ads
2026-07-11,MC014,Direct,0,0,9,0.0,0,CRM
2026-07-12,MC014,Direct,0,0,2,0.0,0,CRM
2026-07-13,MC014,Direct,0,0,10,0.0,1,Google Ads
2026-07-14,MC014,Direct,0,0,9,0.0,0,Manual
2026-07-15,MC014,Direct,0,0,15,0.0,0,GA4
2026-07-16,MC014,Direct,0,0,7,0.0,2,GA4
2026-07-17,MC014,Direct,0,0,12,0.0,1,Google Ads
2026-07-18,MC014,Direct,0,0,7,0.0,1,Google Ads
2026-07-19,MC014,Direct,0,0,7,0.0,0,Meta
2026-07-20,MC014,Direct,0,0,14,0.0,1,GA4
2026-07-21,MC014,Direct,0,0,7,0.0,0,GA4
2026-07-22,MC014,Direct,0,0,10,0.0,0,Google Ads
2026-07-23,MC014,Direct,0,0,7,0.0,0,GA4
2026-07-24,MC014,direct,0,0,13,0.0,1,GA4
2026-07-25,MC014,Direct,0,0,6,0.0,0,Manual
2026-07-26,MC014,Direct,0,0,4,0.0,0,CRM
2026-07-27,MC014,Direct,0,0,14,0.0,0,GA4
2026-07-28,MC014,Direct,0,0,8,0.0,1,Meta
2026-07-29,MC014,Direct Traffic,0,0,9,0.0,0,Manual
2026-07-30,MC014,Direct,0,0,13,0.0,0,Google Ads
2026-07-31,MC014,Direct,0,0,6,0.0,0,GA4
2026-08-01,MC014,Direct,0,0,7,0.0,0,Manual
2026-08-02,MC014,Direct,0,0,5,0.0,0,CRM
2026-08-03,MC014,Direct,0,0,14,0.0,0,CRM
2026-08-04,MC014,Direct,0,0,17,0.0,0,Manual
2026-08-05,MC014,Direct,0,0,11,0.0,0,GA4
2026-08-06,MC014,Direct,0,0,14,0.0,0,CRM
2026-08-07,MC014,Direct,0,0,7,0.0,1,GA4
2026-08-08,MC014,Direct,0,0,7,0.0,0,GA4
2026-08-09,MC014,Direct,0,0,5,0.0,1,Meta
2026-08-10,MC014,Direct,0,0,9,0.0,0,CRM
2026-08-11,MC014,Direct,0,0,15,0.0,0,CRM
2026-08-12,MC014,Direct,0,0,7,0.0,1,GA4
2026-08-13,MC014,Direct,0,0,11,0.0,1,GA4
2026-08-14,MC014,Direct,0,0,11,0.0,1,Meta
2026-08-15,MC014,Direct,0,0,2,0.0,0,Google Ads
2026-08-16,MC014,Direct,0,0,3,0.0,0,Meta
2026-08-17,MC014,Direct,0,0,10,0.0,0,GA4
2026-08-18,MC014,Direct,0,0,13,0.0,0,Google Ads
2026-08-19,MC014,Direct,0,0,5,0.0,0,GA4
2026-08-20,MC014,Direct,0,0,14,0.0,1,Manual
2026-08-21,MC014,Direct,0,0,7,0.0,0,Manual
2026-08-22,MC014,Direct,0,0,6,0.0,1,GA4
2026-08-23,MC014,Direct,0,0,1,0.0,0,GA4
2026-08-24,MC014,Direct,0,0,14,0.0,0,GA4
2026-08-25,MC014,Direct,0,0,13,0.0,0,Google Ads
2026-08-26,MC014,Direct,0,0,18,0.0,0,GA4
2026-08-27,MC014,Direct,0,0,9,0.0,0,Google Ads
2026-08-28,MC014,direct,0,0,8,0.0,0,GA4
2026-08-29,MC014,Direct,0,0,5,0.0,0,CRM
2026-08-30,MC014,Direct,0,0,5,0.0,0,GA4
2026-08-31,MC014,Direct,0,0,10,0.0,0,Meta
2025-05-21,MC015,Direct,0,0,13,0.0,0,Google Ads
2025-05-22,MC015,Direct,0,0,6,0.0,1,CRM
2025-05-23,MC015,Direct,0,0,13,0.0,0,GA4
2025-05-24,MC015,Direct,0,0,7,0.0,0,GA4
2025-05-25,MC015,Direct,0,0,4,0.0,0,CRM
2025-05-26,MC015,Direct,0,0,13,0.0,2,CRM
2025-05-27,MC015,Direct,0,0,9,0.0,0,Google Ads
2025-05-28,MC015,Direct,0,0,13,0.0,0,CRM
2025-05-29,MC015,Direct,0,0,10,0.0,0,GA4
2025-05-30,MC015,Direct,0,0,7,0.0,1,CRM
2025-05-31,MC015,Direct,0,0,5,0.0,0,Google Ads
2025-06-01,MC015,Direct,0,0,6,0.0,0,CRM
2025-06-02,MC015,Direct,0,0,5,0.0,1,CRM
2025-06-03,MC015,Direct,0,0,8,0.0,0,CRM
2025-06-04,MC015,Direct,0,0,12,0.0,0,Google Ads
2025-06-05,MC015,Direct,0,0,12,0.0,0,GA4
2025-06-06,MC015,Direct,0,0,14,0.0,0,GA4
2025-06-07,MC015,Direct,0,0,1,0.0,0,CRM
2025-06-08,MC015,Direct,0,0,4,0.0,1,GA4
2025-06-09,MC015,Direct,0,0,9,0.0,0,Google Ads
2025-06-10,MC015,Direct,0,0,10,0.0,0,CRM
2025-06-11,MC015,Direct,0,0,12,0.0,0,Meta
2025-06-12,MC015,Direct,0,0,9,0.0,0,Meta
2025-06-13,MC015,Direct,0,0,9,0.0,1,GA4
2025-06-14,MC015,Direct,0,0,3,0.0,0,Google Ads
2025-06-15,MC015,Direct,0,0,9,0.0,0,CRM
2025-06-16,MC015,Direct,0,0,10,0.0,1,Google Ads
2025-06-17,MC015,Direct,0,0,8,0.0,0,GA4
2025-06-18,MC015,Direct,0,0,11,0.0,1,Meta
2025-06-19,MC015,Direct Traffic,0,0,8,0.0,0,GA4
2025-06-20,MC015,Direct,0,0,7,0.0,0,Google Ads
2025-06-21,MC015,Direct,0,0,4,0.0,1,Google Ads
2025-06-22,MC015,Direct,0,0,3,0.0,0,GA4
2025-06-23,MC015,Direct,0,0,16,0.0,2,Meta
06-24-2025,MC015,Direct,0,0,14,0.0,0,Manual
2025-06-25,MC015,Direct,0,0,16,0.0,0,GA4
2025-06-26,MC015,Direct,0,0,4,0.0,1,Meta
2025-06-27,MC015,Direct,0,0,12,0.0,0,GA4
2025-06-28,MC015,Direct,0,0,1,0.0,1,GA4
2025-06-29,MC015,Direct,0,0,2,0.0,0,Google Ads
2025-06-30,MC015,Direct,0,0,9,0.0,0,CRM
2025-07-01,MC015,Direct,0,0,12,0.0,0,Google Ads
2025-07-02,MC015,Direct,0,0,13,0.0,1,Google Ads
2025-07-03,MC015,Direct,0,0,13,0.0,1,Meta
2025-07-04,MC015,Direct,0,0,11,0.0,0,GA4
05/07/2025,MC015,Direct,0,0,5,0.0,1,Manual
2025-07-06,MC015,Direct,0,0,2,0.0,0,CRM
2025-07-07,MC015,Direct,0,0,7,0.0,1,Manual
2025-07-08,MC015,Direct,0,0,14,0.0,0,CRM
2025-07-09,MC015,Direct,0,0,16,0.0,0,Google Ads
2025-07-10,MC015,Direct,0,0,8,0.0,1,CRM
2025-07-11,MC015,Direct,0,0,14,0.0,0,CRM
2025-07-12,MC015,Direct,0,0,3,0.0,0,GA4
2025-07-13,MC015,Direct Traffic,0,0,4,0.0,0,Manual
2025-07-14,MC015,Direct,0,0,13,0.0,0,CRM
2025-07-15,MC015,Direct,0,0,17,0.0,1,Meta
2025-07-16,MC015,Direct,0,0,6,0.0,0,CRM
2025-07-17,MC015,Direct,0,0,13,0.0,0,GA4
2025-07-18,MC015,Direct,0,0,8,0.0,0,Google Ads
2025-07-19,MC015,Direct,0,0,4,0.0,1,Google Ads
2025-07-20,MC015,Direct,0,0,9,0.0,1,CRM
2025-07-21,MC015,Direct,0,0,8,0.0,0,GA4
2025-07-22,MC015,Direct,0,0,7,0.0,0,Google Ads
2025-07-23,MC015,Direct,0,0,12,0.0,1,GA4
2025-07-24,MC015,Direct,0,0,8,0.0,1,CRM
2025-07-25,MC015,Direct,0,0,13,0.0,0,CRM
2025-07-26,MC015,Direct,0,0,7,0.0,0,Google Ads
2025-07-27,MC015,Direct,0,0,5,0.0,0,Google Ads
2025-07-28,MC015,Direct,0,0,13,0.0,1,Meta
2025-07-29,MC015,Direct,0,0,15,0.0,0,CRM
2025-07-30,MC015,Direct Traffic,0,0,7,0.0,0,Manual
2025-07-31,MC015,Direct,0,0,15,0.0,0,Manual
2025-08-01,MC015,Direct,0,0,12,0.0,1,GA4
2025-08-02,MC015,Direct,0,0,6,0.0,0,Manual
2025-08-03,MC015,Direct,0,0,4,0.0,0,GA4
2025-08-04,MC015,Direct,0,0,9,0.0,0,CRM
2025-08-05,MC015,Direct,0,0,10,0.0,0,Manual
2025-08-06,MC015,Direct,0,0,12,0.0,0,Google Ads
2025-08-07,MC015,Direct,0,0,11,0.0,0,GA4
2025-08-08,MC015,Direct,0,0,12,0.0,0,Google Ads
2025-08-09,MC015,Direct,0,0,3,0.0,0,GA4
2025-08-10,MC015,Direct,0,0,6,0.0,0,GA4
2025-08-11,MC015,Direct,0,0,16,0.0,0,Google Ads
2025-08-12,MC015,Direct,0,0,11,0.0,0,CRM
2025-08-13,MC015,Direct,0,0,15,0.0,0,CRM
2025-08-14,MC015,Direct,0,0,8,0.0,0,GA4
2025-08-15,MC015,Direct,0,0,14,0.0,0,GA4
2025-08-16,MC015,Direct,0,0,2,0.0,0,Meta
2025-08-17,MC015,Direct,0,0,4,0.0,0,GA4
2025-08-18,MC015,Direct,0,0,10,0.0,0,Google Ads
2025-08-19,MC015,Direct,0,0,11,0.0,0,GA4
2025-08-20,MC015,Direct,0,0,13,0.0,0,Google Ads
2025-08-21,MC015,Direct,0,0,14,0.0,0,Meta
2025-08-22,MC015,Direct,0,0,10,0.0,0,Manual
2025-08-23,MC015,Direct,0,0,5,0.0,0,GA4
2025-08-24,MC015,Direct,0,0,4,0.0,0,Meta
2025-08-25,MC015,Direct,0,0,11,0.0,1,GA4
2025-08-26,MC015,direct,0,0,12,0.0,0,Google Ads
2025-08-27,MC015,Direct,0,0,9,0.0,0,Manual
2025-08-28,MC015,Direct,0,0,9,0.0,1,GA4
2025-08-29,MC015,Direct,0,0,18,0.0,0,Manual
2025-08-30,MC015,Direct,0,0,4,0.0,0,GA4
2025-08-31,MC015,Direct,0,0,5,0.0,1,Meta
2025-09-01,MC015,Direct,0,0,13,0.0,0,GA4
2025-09-02,MC015,Direct,0,0,12,0.0,0,Manual
2025-09-03,MC015,Direct,0,0,9,0.0,0,GA4
2025-09-04,MC015,Direct,0,0,6,0.0,0,CRM
2025-09-05,MC015,Direct,0,0,7,0.0,1,Meta
2025-09-06,MC015,Direct,0,0,5,0.0,0,Manual
2025-09-07,MC015,Direct,0,0,3,0.0,0,GA4
2025-09-08,MC015,Direct,0,0,11,0.0,1,GA4
2025-09-09,MC015,Direct,0,0,6,0.0,0,Manual
2025-09-10,MC015,Direct,0,0,11,0.0,0,GA4
2025-09-11,MC015,Direct,0,0,8,0.0,1,GA4
2025-09-12,MC015,Direct,0,0,9,0.0,0,CRM
2025-09-13,MC015,Direct,0,0,7,0.0,0,GA4
2025-09-14,MC015,Direct,0,0,3,0.0,0,Google Ads
2025-09-15,MC015,Direct,0,0,4,0.0,1,Meta
2025-09-16,MC015,Direct,0,0,14,0.0,0,Google Ads
2025-09-17,MC015,Direct,0,0,14,0.0,0,CRM
2025-09-18,MC015,Direct,0,0,9,0.0,0,GA4
2025-09-19,MC015,Direct,0,0,14,0.0,2,CRM
2025-09-20,MC015,Direct,0,0,4,0.0,0,CRM
2025-09-21,MC015,Direct,0,0,3,0.0,0,GA4
2025-09-22,MC015,Direct,0,0,7,0.0,2,GA4
2025-09-23,MC015,Direct,0,0,6,0.0,0,GA4
2025-09-24,MC015,Direct,0,0,11,0.0,0,GA4
2025-09-25,MC015,Direct,0,0,14,0.0,0,CRM
2025-09-26,MC015,Direct,0,0,8,0.0,0,Google Ads
2025-09-27,MC015,Direct,0,0,10,0.0,1,GA4
2025-09-28,MC015,Direct,0,0,6,0.0,0,Manual
2025-09-29,MC015,Direct,0,0,11,0.0,1,Google Ads
2025-09-30,MC015,Direct,0,0,14,0.0,0,Meta
2025-10-01,MC015,Direct,0,0,20,0.0,0,CRM
2025-10-02,MC015,Direct,0,0,15,0.0,0,GA4
2025-10-03,MC015,Direct,0,0,10,0.0,0,Meta
2025-10-04,MC015,Direct,0,0,5,0.0,1,Manual
2025-10-05,MC015,Direct,0,0,7,0.0,1,Meta
2025-10-06,MC015,Direct,0,0,16,0.0,0,Manual
2025-10-07,MC015,direct,0,0,11,0.0,0,CRM
2025-10-08,MC015,Direct Traffic,0,0,6,0.0,1,GA4
2025-10-09,MC015,Direct,0,0,12,0.0,0,GA4
2025-10-10,MC015,Direct,0,0,13,0.0,0,CRM
2025-10-11,MC015,Direct,0,0,7,0.0,1,CRM
2025-10-12,MC015,direct,0,0,10,0.0,0,GA4
2025-10-13,MC015,Direct,0,0,8,0.0,0,Meta
2025-10-14,MC015,Direct,0,0,12,0.0,0,GA4
2025-10-15,MC015,Direct,0,0,19,0.0,0,GA4
2025-10-16,MC015,Direct,0,0,16,0.0,0,GA4
2025-10-17,MC015,Direct,0,0,11,0.0,1,CRM
2025-10-18,MC015,Direct,0,0,5,0.0,1,GA4
2025-10-19,MC015,Direct,0,0,8,0.0,1,CRM
2025-10-20,MC015,Direct,0,0,9,0.0,0,GA4
2025-10-21,MC015,Direct,0,0,15,0.0,0,Manual
2025-10-22,MC015,Direct,0,0,10,0.0,0,Meta
2025-10-23,MC015,Direct,0,0,12,0.0,0,Google Ads
2025-10-24,MC015,Direct Traffic,0,0,12,0.0,0,GA4
2025-10-25,MC015,Direct,0,0,6,0.0,0,CRM
2025-10-26,MC015,Direct,0,0,5,0.0,0,Manual
2025-10-27,MC015,Direct,0,0,15,0.0,0,Meta
2025-10-28,MC015,Direct,0,0,14,0.0,0,CRM
2025-10-29,MC015,Direct,0,0,13,0.0,0,GA4
2025-10-30,MC015,Direct,0,0,8,0.0,1,GA4
2025-10-31,MC015,Direct,0,0,9,0.0,1,CRM
2025-11-01,MC015,Direct,0,0,3,0.0,0,GA4
2025-11-02,MC015,Direct,0,0,5,0.0,0,CRM
2025-11-03,MC015,direct,0,0,13,0.0,0,Meta
2025-11-04,MC015,direct,0,0,16,0.0,1,CRM
2025-11-05,MC015,Direct,0,0,18,0.0,0,CRM
2025-11-06,MC015,Direct,0,0,25,0.0,0,CRM
2025-11-07,MC015,Direct,0,0,13,0.0,1,GA4
2025-11-08,MC015,Direct,0,0,7,0.0,0,Meta
2025-11-09,MC015,Direct,0,0,3,0.0,0,Meta
2025-11-10,MC015,Direct,0,0,17,0.0,0,Google Ads
2025-11-11,MC015,Direct,0,0,12,0.0,0,CRM
2025-11-12,MC015,Direct,0,0,17,0.0,0,GA4
2025-11-13,MC015,direct,0,0,17,0.0,0,Meta
2025-11-14,MC015,Direct,0,0,14,0.0,0,Google Ads
2025-11-15,MC015,Direct,0,0,2,0.0,0,CRM
2025-11-16,MC015,Direct,0,0,4,0.0,1,GA4
2025-11-17,MC015,Direct,0,0,12,0.0,0,GA4
2025-11-18,MC015,Direct,0,0,16,0.0,0,GA4
2025-11-19,MC015,Direct,0,0,14,0.0,0,Google Ads
2025-11-20,MC015,direct,0,0,18,0.0,0,Google Ads
2025-11-21,MC015,Direct,0,0,14,0.0,1,Google Ads
2025-11-22,MC015,Direct,0,0,8,0.0,0,GA4
2025-11-23,MC015,Direct,0,0,5,0.0,0,Manual
2025-11-24,MC015,Direct,0,0,14,0.0,0,CRM
2025-11-25,MC015,Direct,0,0,8,0.0,2,CRM
2025-11-26,MC015,Direct,0,0,14,0.0,1,Google Ads
2025-11-27,MC015,Direct,0,0,4,0.0,0,GA4
2025-11-28,MC015,Direct,0,0,17,0.0,1,Google Ads
2025-11-29,MC015,Direct,0,0,6,0.0,0,Google Ads
2025-11-30,MC015,Direct,0,0,5,0.0,0,Google Ads
2025-12-01,MC015,Direct,0,0,16,0.0,0,GA4
2025-12-02,MC015,Direct,0,0,13,0.0,0,Google Ads
2025-12-03,MC015,direct,0,0,15,0.0,1,CRM
2025-12-04,MC015,Direct,0,0,14,0.0,0,CRM
2025-12-05,MC015,Direct,0,0,15,0.0,0,Meta
2025-12-06,MC015,Direct,0,0,7,0.0,1,GA4
2025-12-07,MC015,Direct,0,0,4,0.0,1,CRM
2025-12-08,MC015,Direct,0,0,21,0.0,0,GA4
2025-12-09,MC015,Direct,0,0,9,0.0,1,GA4
2025-12-10,MC015,Direct,0,0,16,0.0,0,Google Ads
2025-12-11,MC015,Direct,0,0,11,0.0,0,Google Ads
2025-12-12,MC015,Direct,0,0,11,0.0,0,Manual
2025-12-13,MC015,Direct,0,0,4,0.0,0,Manual
2025-12-14,MC015,Direct,0,0,9,0.0,0,GA4
2025-12-15,MC015,Direct,0,0,11,0.0,0,GA4
2025-12-16,MC015,Direct,0,0,13,0.0,0,CRM
17/12/2025,MC015,Direct,0,0,10,0.0,0,Manual
2025-12-18,MC015,Direct,0,0,15,0.0,1,GA4
2025-12-19,MC015,Direct,0,0,11,0.0,1,Google Ads
2025-12-20,MC015,Direct,0,0,2,0.0,0,GA4
2025-12-21,MC015,Direct,0,0,9,0.0,1,GA4
2025-12-22,MC015,Direct,0,0,14,0.0,0,Google Ads
2025-12-23,MC015,Direct,0,0,16,0.0,0,Manual
2025-12-24,MC015,Direct,0,0,14,0.0,0,Google Ads
2025-12-25,MC015,Direct,0,0,17,0.0,1,Meta
2025-12-26,MC015,Direct,0,0,11,0.0,1,Google Ads
2025-12-27,MC015,Direct,0,0,6,0.0,0,Meta
2025-12-28,MC015,Direct,0,0,5,0.0,0,GA4
2025-12-29,MC015,Direct,0,0,10,0.0,1,Meta
2025-12-30,MC015,Direct,0,0,13,0.0,0,Google Ads
2025-12-31,MC015,Direct,0,0,11,0.0,1,Meta
2026-01-01,MC015,Direct,0,0,13,0.0,0,Manual
2026-01-02,MC015,Direct,0,0,12,0.0,0,Meta
2026-01-03,MC015,Direct,0,0,4,0.0,1,GA4
2026-01-04,MC015,Direct Traffic,0,0,7,0.0,1,GA4
2026-01-05,MC015,Direct,0,0,9,0.0,0,Manual
2026-01-06,MC015,direct,0,0,13,0.0,0,CRM
2026-01-07,MC015,Direct,0,0,12,0.0,0,Meta
2026-01-08,MC015,Direct,0,0,16,0.0,0,GA4
2026-01-09,MC015,Direct,0,0,8,0.0,0,GA4
2026-01-10,MC015,Direct,0,0,3,0.0,0,GA4
2026-01-11,MC015,Direct,0,0,4,0.0,0,Meta
2026-01-12,MC015,Direct,0,0,12,0.0,0,Manual
01-13-2026,MC015,Direct,0,0,3,0.0,0,GA4
2026-01-14,MC015,Direct,0,0,8,0.0,0,GA4
2026-01-15,MC015,Direct,0,0,11,0.0,1,GA4
2026-01-16,MC015,Direct,0,0,14,0.0,0,Google Ads
2026-01-17,MC015,Direct,0,0,7,0.0,0,CRM
2026-01-18,MC015,Direct,0,0,9,0.0,1,GA4
2026-01-19,MC015,Direct,0,0,10,0.0,0,CRM
2026-01-20,MC015,direct,0,0,8,0.0,0,GA4
2026-01-21,MC015,Direct,0,0,5,0.0,0,GA4
2026-01-22,MC015,direct,0,0,11,0.0,0,GA4
2026-01-23,MC015,Direct,0,0,15,0.0,0,Meta
2026-01-24,MC015,Direct,0,0,7,0.0,1,GA4
2026-01-25,MC015,Direct,0,0,1,0.0,0,Meta
2026-01-26,MC015,Direct,0,0,14,0.0,0,GA4
2026-01-27,MC015,Direct,0,0,21,0.0,0,GA4
2026-01-28,MC015,Direct,0,0,16,0.0,1,CRM
2026-01-29,MC015,Direct,0,0,12,0.0,0,CRM
2026-01-30,MC015,Direct,0,0,7,0.0,1,GA4
2026-01-31,MC015,Direct,0,0,5,0.0,0,CRM
2026-02-01,MC015,Direct,0,0,5,0.0,0,Meta
2026-02-02,MC015,Direct,0,0,11,0.0,0,Google Ads
2026-02-03,MC015,Direct,0,0,8,0.0,0,Manual
2026-02-04,MC015,Direct,0,0,10,0.0,0,Manual
2026-02-05,MC015,Direct,0,0,5,0.0,0,Meta
2026-02-06,MC015,Direct,0,0,7,0.0,0,GA4
2026-02-07,MC015,Direct,0,0,2,0.0,0,GA4
2026-02-08,MC015,Direct,0,0,2,0.0,0,GA4
2026-02-09,MC015,Direct,0,0,3,0.0,0,Manual
2026-02-10,MC015,Direct,0,0,10,0.0,1,Manual
2026-02-11,MC015,Direct,0,0,10,0.0,0,GA4
2026-02-12,MC015,Direct,0,0,7,0.0,0,GA4
2026-02-13,MC015,Direct,0,0,6,0.0,0,Meta
2026-02-14,MC015,Direct,0,0,3,0.0,1,GA4
2026-02-15,MC015,Direct,0,0,8,0.0,0,Manual
2026-02-16,MC015,Direct,0,0,12,0.0,0,GA4
2026-02-17,MC015,Direct,0,0,9,0.0,0,GA4
2026-02-18,MC015,Direct,0,0,11,0.0,0,Manual
2026-02-19,MC015,Direct,0,0,4,0.0,0,Manual
2026-02-20,MC015,Direct,0,0,10,0.0,0,GA4
2026-02-21,MC015,Direct,0,0,5,0.0,0,Manual
2026-02-22,MC015,Direct,0,0,3,0.0,0,Manual
2026-02-23,MC015,Direct,0,0,9,0.0,0,CRM
2026-02-24,MC015,Direct,0,0,10,0.0,0,CRM
2026-02-25,MC015,Direct,0,0,6,0.0,0,GA4
2026-02-26,MC015,Direct,0,0,9,0.0,0,GA4
2026-02-27,MC015,Direct,0,0,13,0.0,0,GA4
2026-02-28,MC015,Direct,0,0,2,0.0,0,Google Ads
2026-03-01,MC015,Direct,0,0,4,0.0,0,Meta
2026-03-02,MC015,Direct,0,0,5,0.0,1,CRM
2026-03-03,MC015,Direct,0,0,6,0.0,0,Google Ads
2026-03-04,MC015,Direct,0,0,7,0.0,0,GA4
2026-03-05,MC015,Direct,0,0,15,0.0,0,Google Ads
2026-03-06,MC015,Direct,0,0,8,0.0,0,Meta
2026-03-07,MC015,Direct,0,0,3,0.0,0,Meta
2026-03-08,MC015,Direct,0,0,3,0.0,0,Google Ads
2026-03-09,MC015,Direct,0,0,8,0.0,0,GA4
2026-03-10,MC015,Direct,0,0,14,0.0,0,Manual
2026-03-11,MC015,Direct,0,0,12,0.0,0,GA4
2026-03-12,MC015,Direct,0,0,10,0.0,0,Meta
2026-03-13,MC015,Direct,0,0,12,0.0,0,CRM
2026-03-14,MC015,Direct,0,0,12,0.0,0,GA4
2026-03-15,MC015,Direct,0,0,5,0.0,1,Google Ads
2026-03-16,MC015,Direct,0,0,11,0.0,0,Meta
2026-03-17,MC015,Direct,0,0,9,0.0,0,Meta
2026-03-18,MC015,Direct,0,0,16,0.0,0,Meta
2026-03-19,MC015,Direct,0,0,10,0.0,0,CRM
2026-03-20,MC015,Direct,0,0,15,0.0,0,Manual
2026-03-21,MC015,Direct,0,0,2,0.0,0,Google Ads
2026-03-22,MC015,Direct,0,0,4,0.0,0,CRM
2026-03-23,MC015,Direct,0,0,8,0.0,1,Manual
2026-03-24,MC015,direct,0,0,16,0.0,0,GA4
2026-03-25,MC015,Direct,0,0,6,0.0,0,Meta
2026-03-26,MC015,Direct,0,0,9,0.0,0,Manual
2026-03-27,MC015,Direct,0,0,6,0.0,0,Manual
2026-03-28,MC015,Direct,0,0,5,0.0,0,Google Ads
2026-03-29,MC015,Direct,0,0,5,0.0,1,GA4
2026-03-30,MC015,Direct,0,0,9,0.0,0,Google Ads
2026-03-31,MC015,Direct,0,0,11,0.0,1,Manual
2026-04-01,MC015,Direct,0,0,15,0.0,1,GA4
2026-04-02,MC015,Direct,0,0,8,0.0,0,Google Ads
2026-04-03,MC015,Direct,0,0,9,0.0,0,GA4
2026-04-04,MC015,Direct,0,0,7,0.0,0,Manual
2026-04-05,MC015,Direct,0,0,2,0.0,0,Google Ads
2026-04-06,MC015,Direct,0,0,7,0.0,0,Meta
2026-04-07,MC015,Direct,0,0,10,0.0,0,Meta
2026-04-08,MC015,Direct,0,0,12,0.0,0,CRM
2026-04-09,MC015,Direct,0,0,14,0.0,0,Google Ads
2026-04-10,MC015,Direct,0,0,13,0.0,0,Meta
2026-04-11,MC015,direct,0,0,3,0.0,1,GA4
2026-04-12,MC015,Direct,0,0,6,0.0,0,Manual
2026-04-13,MC015,Direct,0,0,17,0.0,1,CRM
2026-04-14,MC015,Direct,0,0,9,0.0,1,Meta
2026-04-15,MC015,Direct,0,0,12,0.0,0,CRM
2026-04-16,MC015,Direct,0,0,5,0.0,0,GA4
2026-04-17,MC015,Direct,0,0,12,0.0,0,GA4
2026-04-18,MC015,Direct,0,0,4,0.0,0,Google Ads
2026-04-19,MC015,Direct,0,0,5,0.0,0,GA4
2026-04-20,MC015,Direct,0,0,5,0.0,0,Google Ads
2026-04-21,MC015,Direct,0,0,17,0.0,0,Google Ads
2026-04-22,MC015,Direct,0,0,8,0.0,0,CRM
2026-04-23,MC015,Direct,0,0,13,0.0,0,GA4
2026-04-24,MC015,Direct,0,0,7,0.0,0,Meta
2026-04-25,MC015,Direct Traffic,0,0,6,0.0,1,CRM
2026-04-26,MC015,Direct,0,0,5,0.0,0,Google Ads
2026-04-27,MC015,Direct,0,0,8,0.0,0,GA4
2026-04-28,MC015,Direct,0,0,7,0.0,1,GA4
2026-04-29,MC015,Direct,0,0,18,0.0,0,GA4
2026-04-30,MC015,Direct,0,0,11,0.0,0,Manual
2026-05-01,MC015,Direct,0,0,8,0.0,0,CRM
2026-05-02,MC015,Direct,0,0,4,0.0,0,Google Ads
2026-05-03,MC015,Direct,0,0,8,0.0,0,CRM
2026-05-04,MC015,Direct,0,0,14,0.0,0,Manual
2026-05-05,MC015,Direct,0,0,11,0.0,0,Manual
2026-05-06,MC015,Direct,0,0,8,0.0,0,GA4
2026-05-07,MC015,Direct,0,0,14,0.0,0,CRM
2026-05-08,MC015,Direct,0,0,5,0.0,0,Manual
2026-05-09,MC015,Direct,0,0,7,0.0,0,Google Ads
2026-05-10,MC015,Direct,0,0,4,0.0,0,GA4
2026-05-11,MC015,Direct,0,0,9,0.0,0,GA4
2026-05-12,MC015,Direct,0,0,14,0.0,0,CRM
2026-05-13,MC015,Direct,0,0,11,0.0,0,CRM
2026-05-14,MC015,Direct,0,0,10,0.0,1,Google Ads
2026-05-15,MC015,Direct,0,0,17,0.0,1,Google Ads
2026-05-16,MC015,Direct,0,0,5,0.0,0,Google Ads
2026-05-17,MC015,Direct,0,0,2,0.0,1,GA4
2026-05-18,MC015,Direct,0,0,10,0.0,1,CRM
2026-05-19,MC015,Direct,0,0,20,0.0,0,Manual
2026-05-20,MC015,Direct,0,0,9,0.0,0,GA4
2026-05-21,MC015,Direct,0,0,10,0.0,1,Manual
2026-05-22,MC015,Direct,0,0,10,0.0,0,GA4
2026-05-23,MC015,Direct,0,0,7,0.0,0,CRM
2026-05-24,MC015,Direct,0,0,6,0.0,0,Manual
2026-05-25,MC015,Direct,0,0,6,0.0,0,GA4
2026-05-26,MC015,Direct,0,0,8,0.0,0,Manual
2026-05-27,MC015,Direct,0,0,9,0.0,0,CRM
2026-05-28,MC015,Direct,0,0,6,0.0,0,GA4
2026-05-29,MC015,Direct,0,0,10,0.0,0,CRM
2026-05-30,MC015,Direct,0,0,6,0.0,0,Meta
2026-05-31,MC015,Direct,0,0,4,0.0,0,Google Ads
2026-06-01,MC015,Direct,0,0,7,0.0,0,Manual
2026-06-02,MC015,Direct,0,0,11,0.0,0,CRM
2026-06-03,MC015,Direct,0,0,3,0.0,0,Google Ads
2026-06-04,MC015,Direct,0,0,11,0.0,0,GA4
2026-06-05,MC015,Direct,0,0,12,0.0,1,GA4
2026-06-06,MC015,direct,0,0,7,0.0,0,CRM
2026-06-07,MC015,Direct,0,0,4,0.0,0,CRM
2026-06-08,MC015,Direct,0,0,11,0.0,0,CRM
2026-06-09,MC015,Direct,0,0,14,0.0,0,CRM
2026-06-10,MC015,Direct,0,0,5,0.0,1,GA4
2026-06-11,MC015,Direct,0,0,8,0.0,0,GA4
2026-06-12,MC015,Direct,0,0,12,0.0,0,Meta
2026-06-13,MC015,Direct,0,0,3,0.0,0,CRM
06-14-2026,MC015,Direct,0,0,3,0.0,0,GA4
2026-06-15,MC015,Direct,0,0,6,0.0,1,Manual
2026-06-16,MC015,Direct,0,0,12,0.0,0,Meta
2026-06-17,MC015,Direct,0,0,8,0.0,0,GA4
2026-06-18,MC015,Direct,0,0,8,0.0,0,GA4
06-19-2026,MC015,Direct,0,0,14,0.0,0,GA4
2026-06-20,MC015,Direct,0,0,2,0.0,0,GA4
2026-06-21,MC015,Direct,0,0,8,0.0,1,CRM
2026-06-22,MC015,Direct,0,0,17,0.0,1,GA4
2026-06-23,MC015,Direct,0,0,10,0.0,1,CRM
2026-06-24,MC015,Direct,0,0,6,0.0,1,GA4
2026-06-25,MC015,Direct,0,0,15,0.0,1,CRM
2026-06-26,MC015,Direct,0,0,7,0.0,1,GA4
2026-06-27,MC015,Direct,0,0,5,0.0,0,Meta
2026-06-28,MC015,Direct,0,0,3,0.0,1,GA4
2026-06-29,MC015,Direct,0,0,8,0.0,1,Google Ads
2026-06-30,MC015,Direct,0,0,13,0.0,2,CRM
2026-07-01,MC015,Direct,0,0,11,0.0,0,GA4
2026-07-02,MC015,Direct,0,0,10,0.0,1,GA4
2026-07-03,MC015,Direct,0,0,9,0.0,1,GA4
2026-07-04,MC015,Direct,0,0,8,0.0,0,Google Ads
2026-07-05,MC015,Direct,0,0,3,0.0,0,GA4
2026-07-06,MC015,Direct,0,0,8,0.0,0,Meta
2026-07-07,MC015,Direct,0,0,13,0.0,0,Google Ads
2026-07-08,MC015,Direct,0,0,11,0.0,1,GA4
2026-07-09,MC015,Direct,0,0,14,0.0,0,Meta
2026-07-10,MC015,Direct,0,0,13,0.0,0,GA4
2026-07-11,MC015,Direct,0,0,3,0.0,1,CRM
2026-07-12,MC015,Direct,0,0,6,0.0,1,Google Ads
2026-07-13,MC015,Direct,0,0,12,0.0,1,Manual
2026-07-14,MC015,Direct,0,0,9,0.0,1,GA4
2026-07-15,MC015,Direct,0,0,11,0.0,1,Google Ads
2026-07-16,MC015,Direct,0,0,4,0.0,1,GA4
2026-07-17,MC015,Direct,0,0,9,0.0,0,Manual
07-18-2026,MC015,Direct,0,0,6,0.0,0,GA4
2026-07-19,MC015,Direct,0,0,5,0.0,0,GA4
2026-07-20,MC015,Direct,0,0,13,0.0,0,Meta
2026-07-21,MC015,Direct,0,0,8,0.0,1,GA4
2026-07-22,MC015,Direct,0,0,10,0.0,0,GA4
2026-07-23,MC015,Direct,0,0,7,0.0,0,Manual
2026-07-24,MC015,Direct,0,0,12,0.0,0,GA4
2026-07-25,MC015,Direct,0,0,4,0.0,1,Google Ads
2026-07-26,MC015,Direct,0,0,7,0.0,1,Google Ads
2026-07-27,MC015,Direct,0,0,11,0.0,0,CRM
2026-07-28,MC015,Direct,0,0,7,0.0,0,Meta
2026-07-29,MC015,Direct,0,0,4,0.0,0,CRM
2026-07-30,MC015,Direct,0,0,7,0.0,0,GA4
2026-07-31,MC015,Direct,0,0,16,0.0,0,CRM
2026-08-01,MC015,Direct,0,0,4,0.0,0,Google Ads
2026-08-02,MC015,direct,0,0,3,0.0,0,GA4
2026-08-03,MC015,direct,0,0,14,0.0,0,Google Ads
2026-08-04,MC015,Direct,0,0,13,0.0,0,CRM
2026-08-05,MC015,Direct,0,0,13,0.0,0,Manual
2026-08-06,MC015,Direct,0,0,7,0.0,0,Manual
2026-08-07,MC015,Direct,0,0,11,0.0,0,GA4
2026-08-08,MC015,Direct,0,0,3,0.0,1,GA4
2026-08-09,MC015,Direct,0,0,5,0.0,1,Manual
2026-08-10,MC015,Direct,0,0,14,0.0,0,GA4
2026-08-11,MC015,Direct,0,0,9,0.0,1,Manual
2026-08-12,MC015,Direct,0,0,9,0.0,1,Google Ads
2026-08-13,MC015,Direct,0,0,12,0.0,1,Google Ads
2026-08-14,MC015,Direct,0,0,13,0.0,0,Google Ads
2026-08-15,MC015,Direct,0,0,7,0.0,0,Google Ads
2026-08-16,MC015,Direct,0,0,8,0.0,0,CRM
2026-08-17,MC015,Direct,0,0,14,0.0,1,CRM
2026-08-18,MC015,Direct,0,0,16,0.0,1,GA4
2026-08-19,MC015,Direct,0,0,11,0.0,0,CRM
2026-08-20,MC015,Direct,0,0,11,0.0,0,Manual
2026-08-21,MC015,Direct,0,0,10,0.0,0,Google Ads
2026-08-22,MC015,Direct,0,0,9,0.0,0,GA4
2026-08-23,MC015,Direct,0,0,6,0.0,0,GA4
2026-08-24,MC015,Direct,0,0,17,0.0,0,GA4
2026-08-25,MC015,Direct,0,0,7,0.0,1,CRM
2026-08-26,MC015,Direct,0,0,6,0.0,0,GA4
2026-08-27,MC015,Direct,0,0,13,0.0,0,GA4
2026-08-28,MC015,Direct,0,0,11,0.0,0,Manual
2026-08-29,MC015,Direct,0,0,3,0.0,0,CRM
2026-08-30,MC015,Direct,0,0,5,0.0,0,CRM
2026-08-31,MC015,Direct,0,0,10,0.0,1,CRM
2025-09-04,MC013,Email,14,8,8,0.0,0,Google Ads
2025-09-22,MC015,Direct,0,0,7,0.0,2,GA4
2025-05-09,MC012,Email,24,10,10,0.0,1,Meta
2025-11-28,MC013,Email,21,9,9,0.0,0,Google Ads
2026-07-02,MC004,Organic Search,0,0,20,0.0,0,Google Ads
2025-05-21,MC003,Google Ads,313,17,18,218000.0,0,GA4
2026-02-18,MC014,Direct,0,0,7,0.0,0,Meta
2026-02-18,MC009,Facebook Ads,942,20,19,149000.0,0,Manual
2026-01-29,MC006,Organic Search,0,0,22,0.0,0,CRM
2026-07-20,MC007,Facebook Ads,1509,25,25,189000.0,0,GA4
2025-02-25,MC011,Referral,0,0,2,0.0,0,CRM
2025-02-18,MC012,Email,12,5,5,0.0,0,CRM
2025-08-25,MC001,Google Ads,428,19,21,304000.0,0,GA4
2025-01-24,MC007,Facebook Ads,1145,22,22,146000.0,0,GA4
2025-08-19,MC014,Direct,0,0,12,0.0,0,CRM
2025-06-10,MC005,Organic Search,0,0,19,0.0,0,CRM
2025-04-23,MC006,Organic Search,0,0,19,0.0,0,CRM
2025-08-31,MC002,Google Ads,213,11,10,146000.0,0,Google Ads
2025-03-12,MC006,Organic Search,0,0,22,0.0,1,CRM
2026-02-27,MC005,Organic Search,0,0,11,0.0,0,Meta
2025-02-28,MC014,Direct,0,0,8,0.0,1,Google Ads
2025-07-09,MC004,Organic Search,0,0,18,0.0,0,CRM
2025-03-16,MC006,Organic Search,0,0,7,0.0,0,Google Ads
2025-05-24,MC012,Email,9,4,4,0.0,0,Manual
2025-04-20,MC001,Google Ads,93,5,5,72000.0,0,CRM
2025-11-01,MC001,Google Ads,245,13,12,186000.0,0,Meta
2026-04-23,MC003,Google Ads,755,30,29,414000.0,1,GA4
2025-04-10,MC001,Google Ads,654,32,32,457000.0,0,Manual
2025-06-13,MC006,Organic Search,0,0,15,0.0,0,CRM
2025-08-07,MC013,Email,18,9,9,0.0,0,GA4
