activity_id,lead_id,employee_id,activity_datetime,activity_type_raw,outcome_raw,next_followup_date,data_entry_source
A0000001,L000001,E101,2025-01-07 07:57:26,Zalo,No Answer,2025-01-09,Manual
A0000002,L000001,E101,2025-01-11 11:57:26,Email,,2025-01-15,Manual
A0000003,L000001,E101,2025-01-15 14:57:26,Email,Connected,2025-01-21,CRM
A0000004,L000002,E103,2025-01-09 22:46:12,Email,Connected,2025-01-12,Email Sync
A0000005,L000003,E102,2025-01-19 12:10:07,Email,Connected,2025-01-21,Email Sync
A0000006,L000003,E102,2025-01-21 14:10:07,Email,No Answer,2025-01-29,CRM
A0000007,L000004,E103,2025-01-19 23:48:57,Phone,Connected,2025-01-22,Manual
A0000008,L000004,E103,2025-01-21 23:48:57,Phone,Requested Quote,2025-01-29,Manual
A0000009,L000004,E103,2025-01-26 03:48:57,Zalo,Connected,,Manual
A0000010,L000005,E102,2025-01-23 13:58:16,Phone,No Answer,2025-01-27,Manual
A0000011,L000005,E102,2025-01-28 16:58:16,Email,No Answer,2025-02-03,Email Sync
A0000012,L000005,E102,2025-02-03 21:58:16,Zalo,Connected,2025-02-11,Email Sync
A0000013,L000006,E103,2025-01-30 13:07:02,Email,Connected,2025-02-02,CRM
A0000014,L000006,E103,2025-02-03 18:07:02,Phone,Technical Review,2025-02-10,CRM
A0000015,L000006,E103,2025-02-08 21:07:02,Email,Connected,,Email Sync
A0000016,L000007,E102,2025-01-31 05:25:46,Phone,No Answer,2025-02-01,Email Sync
A0000017,L000007,E102,2025-02-05 05:25:46,Zalo,Follow-up Later,2025-02-07,CRM
A0000018,L000007,E102,2025-02-09 06:25:46,Email,No Answer,2025-02-16,Email Sync
A0000019,L000008,E103,2025-02-01 00:51:26,Email,Connected,2025-02-02,CRM
A0000020,L000008,E103,2025-02-02 03:51:26,Zalo,Requested Quote,2025-02-11,Manual
A0000021,L000009,E103,2025-02-02 19:08:03,Phone,Connected,2025-02-06,Email Sync
A0000022,L000010,E102,2025-10-03 06:31:13,Zalo,Connected,2025-10-05,CRM
A0000023,L000010,E102,2025-10-08 08:31:13,Phone,Connected,2025-10-15,Email Sync
A0000024,L000010,E102,2025-10-13 09:31:13,Meeting,Sample Requested,2025-10-22,CRM
A0000025,L000010,E102,2025/10/18 10:31,Email,Sample Requested,2025-10-26,Email Sync
A0000026,L000011,E102,2025-02-14 05:04:58,Email,Connected,2025-02-18,CRM
A0000027,L000012,E101,2025-02-19 23:25:53,Zalo,Invalid Contact,2025-02-20,CRM
A0000028,L000012,E101,2025-02-24 03:25:53,Email,Technical Review,2025-03-03,Manual
A0000029,L000013,E101,2025-03-08 13:54:00,Email,Connected,2025-03-11,CRM
A0000030,L000014,E103,2025-03-06 18:20:37,Email,No Answer,2025-03-10,Email Sync
A0000031,L000014,E103,2025-03-07 22:20:37,Phone,Requested Quote,2025-03-09,Email Sync
A0000032,L000015,E103,2025-03-11 15:02:36,Zalo,No Answer,2025-03-12,CRM
A0000033,L000015,E103,2025-03-14 20:02:36,Email,No Answer,,Email Sync
A0000034,L000016,E102,2025-03-12 17:32:27,Phone,Connected,2025-03-16,Manual
A0000035,L000016,E102,2025-03-19 22:32:27,Email,Technical Review,2025-03-21,Manual
A0000036,L000016,E102,2025-03-24 02:32:27,Email,Connected,2025-03-29,Manual
A0000037,L000017,E102,2025-03-17 22:26:41,Phone,Connected,2025-03-19,CRM
A0000038,L000017,E102,2025-03-24 03:26:41,Email,No Answer,2025-03-27,Manual
A0000039,L000017,E102,2025-03-28 07:26:41,Phone,Technical Review,2025-04-01,Email Sync
A0000040,L000018,E102,2025-03-19 21:48:02,Email,,2025-03-22,CRM
A0000041,L000019,E101,2025-03-21 09:22:14,Zalo,Connected,2025-03-22,Email Sync
A0000042,L000020,E103,2025-03-25 15:18:23,Zalo,Connected,2025-03-26,Manual
A0000043,L000020,E103,2025-03-28 19:18:23,Zalo,Requested Quote,2025-04-05,Manual
A0000044,L000020,E103,2025-04-04 23:18:23,Email,Requested Quote,2025-04-07,Manual
A0000045,L000021,E101,2025-04-02 04:12:38,Email,Voicemail,2025-04-04,Manual
A0000046,L000022,E103,2025-04-04 00:52:35,Zalo,,2025-04-06,Manual
A0000047,L000022,E103,2025-04-06 02:52:35,Meeting,No Answer,2025-04-12,Email Sync
A0000048,L000022,E103,2025-04-13 04:52:35,Zalo,Requested Quote,2025-04-17,CRM
A0000049,L000023,E101,2025-04-03 20:39:32,Phone,Connected,2025-04-05,Email Sync
A0000050,L000023,E101,2025-04-08 20:39:32,Phone,Connected,2025-04-17,CRM
A0000051,L000023,E101,2025-04-09 22:39:32,Meeting,No Answer,2025-04-18,CRM
A0000052,L000024,E102,2025-04-04 01:49:11,Email,Connected,2025-04-08,Manual
A0000053,L000024,E102,2025-04-05 06:49:11,Email,No Answer,2025-04-11,Manual
A0000054,L000024,E102,2025-04-10 07:49:11,Meeting,Follow-up Later,2025-04-18,CRM
A0000055,L000024,E102,2025-04-17 12:49:11,Meeting,Sample Requested,,CRM
A0000056,L000024,E102,2025-04-21 15:49:11,Meeting,Follow-up Later,2025-04-25,CRM
A0000057,L000025,E102,2025-04-10 05:15:16,Phone,Connected,2025-04-13,Manual
A0000058,L000025,E102,2025-04-11 10:15:16,Email,Technical Review,2025-04-16,CRM
A0000059,L000026,E101,2025-04-10 03:18:47,Phone,Connected,2025-04-11,Manual
A0000060,L000027,E103,2025-04-22 03:38:17,Zalo,Connected,2025-04-24,Manual
A0000061,L000028,E101,2025-04-23 00:07:24,Phone,Connected,2025-04-27,Email Sync
A0000062,L000028,E101,2025-04-28 00:07:24,Zalo,Follow-up Later,2025-05-01,CRM
A0000063,L000028,E101,2025-05-03 04:07:24,Phone,Connected,2025-05-05,CRM
A0000064,L000029,E102,2025-04-24 16:18:40,Email,Connected,2025-04-27,Email Sync
A0000065,L000029,E102,2025-04-26 17:18:40,Email,No Answer,2025-05-05,Manual
A0000066,L000029,E102,2025-04-29 17:18:40,Phone,Requested Quote,,CRM
A0000067,L000030,E102,2025-04-29 08:22:21,Email,Connected,2025-05-01,Manual
A0000068,L000030,E102,2025-05-03 12:22:21,Phone,Requested Quote,2025-05-07,Manual
A0000069,L000030,E102,2025-05-09 13:22:21,Phone,Requested Quote,2025-05-14,Manual
A0000070,L000030,E102,2025-05-13 14:22:21,Email,Connected,2025-05-18,Manual
A0000071,L000031,E102,2025-04-30 22:00:11,Phone,Voicemail,2025-05-03,Email Sync
A0000072,L000031,E102,2025-05-01 23:00:11,Meeting,No Answer,2025-05-03,CRM
A0000073,L000031,E102,2025-05-04 04:00:11,Meeting,No Answer,2025-05-07,Email Sync
A0000074,L000032,E103,2025-05-01 18:34:38,Email,Connected,2025-05-03,CRM
A0000075,L000032,E103,2025-05-08 21:34:38,Meeting,Sample Requested,2025-05-13,Manual
A0000076,L000032,E103,2025-05-13 23:34:38,Zalo,Connected,2025-05-20,Manual
A0000077,L000032,E103,2025-05-15 00:34:38,Phone,No Answer,2025-05-22,Manual
A0000078,L000033,E102,2025-05-05 17:32:15,Phone,Connected,2025-05-09,CRM
A0000079,L000033,E102,2025-05-08 17:32:15,Phone,Technical Review,2025-05-15,Email Sync
A0000080,L000034,E101,2025-05-05 17:39:01,Phone,Connected,2025-05-06,Email Sync
A0000081,L000034,E101,2025-05-08 18:39:01,Phone,,2025-05-17,Manual
A0000082,L000035,E103,2025-05-11 17:21:03,Phone,Connected,2025-05-13,CRM
A0000083,L000035,E103,2025-05-18 22:21:03,Email,Connected,2025-05-24,Email Sync
A0000084,L000036,E103,2025-05-16 20:34:46,Email,Connected,2025-05-17,Manual
A0000085,L000036,E103,2025-05-21 01:34:46,Email,Closed Lost,,Email Sync
A0000086,L000036,E103,2025-05-26 01:34:46,Email,Technical Review,2025-06-03,Email Sync
A0000087,L000037,E101,2025-06-03 18:21:18,Email,Connected,2025-06-04,Manual
A0000088,L000037,E101,2025-06-07 18:21:18,Zalo,No Answer,2025-06-09,Manual
A0000089,L000037,E101,2025-06-14 22:21:18,Phone,Connected,2025-06-18,CRM
A0000090,L000038,E101,2025-06-05 18:33:06,Email,No Answer,2025-06-09,Email Sync
A0000091,L000038,E101,2025-06-11 23:33:06,Email,Requested Quote,2025-06-19,Email Sync
A0000092,L000038,E101,2025-06-16 23:33:06,Email,Sample Requested,2025-06-22,Email Sync
A0000093,L000039,E103,2025-06-07 22:59:37,Email,Connected,2025-06-09,Email Sync
A0000094,L000039,E103,2025-06-11 03:59:37,Zalo,Technical Review,2025-06-16,Manual
A0000095,L000040,E101,2025-06-14 09:47:19,Email,Connected,2025-06-15,CRM
A0000096,L000041,E101,2025-06-23 03:41:01,Zalo,Connected,2025-06-24,CRM
A0000097,L000041,E101,2025-06-25 07:41:01,Meeting,No Answer,2025-07-01,Manual
A0000098,L000041,E101,2025-06-30 12:41:01,Email,Follow-up Later,2025-07-02,CRM
A0000099,L000042,E103,2025-06-25 04:33:16,Email,No Answer,2025-06-27,Email Sync
A0000100,L000042,E103,2025-06-26 06:33:16,Email,Follow-up Later,,Manual
A0000101,L000042,E103,2025-06-28 10:33:16,Meeting,Connected,2025-06-30,Email Sync
A0000102,L000043,E102,2025-06-29 03:04:34,Email,Connected,2025-07-01,Manual
A0000103,L000043,E102,2025-07-01 08:04:34,Phone,,2025-07-10,CRM
A0000104,L000043,E102,2025-07-04 08:04:34,Zalo,Requested Quote,2025-07-07,Email Sync
A0000105,L000044,E103,2025-07-03 03:11:58,Zalo,Connected,2025-07-06,CRM
A0000106,L000044,E103,2025-07-04 04:11:58,Zalo,Connected,2025-07-11,Manual
A0000107,L000045,E102,2025-07-22 08:53:42,Email,Connected,2025-07-26,Manual
A0000108,L000045,E102,2025-07-29 08:53:42,Zalo,Sample Requested,2025-08-07,CRM
A0000109,L000045,E102,2025-08-04 11:53:42,Phone,Follow-up Later,2025-08-11,Manual
A0000110,L000046,E102,2025-08-18 14:43:26,Email,Connected,2025-08-19,Manual
A0000111,L000046,E102,2025/08/23 16:43,Email,No Answer,,Email Sync
A0000112,L000046,E102,2025-08-24 16:43:26,Phone,Sample Requested,2025-08-31,Email Sync
A0000113,L000046,E102,2025-08-26 17:43:26,Phone,Connected,2025-08-28,CRM
A0000114,L000046,E102,2025-08-31 21:43:26,Email,Follow-up Later,2025-09-06,Manual
A0000115,L000047,E101,2025-08-27 15:44:52,Phone,Connected,2025-08-29,Manual
A0000116,L000048,E101,2025-09-01 20:54:17,Zalo,Connected,2025-09-04,CRM
A0000117,L000048,E101,2025-09-04 23:54:17,Email,Technical Review,,Email Sync
A0000118,L000048,E101,2025-09-11 03:54:17,Zalo,Connected,2025-09-14,Manual
A0000119,L000049,E102,2025-09-10 02:54:53,Phone,Connected,2025-09-12,CRM
A0000120,L000050,E102,2025-09-09 18:34:17,Email,Voicemail,2025-09-10,CRM
A0000121,L000050,E102,2025-09-11 19:34:17,Email,Closed Lost,2025-09-18,Manual
A0000122,L000050,E102,2025-09-16 19:34:17,Zalo,Connected,2025-09-19,CRM
A0000123,L000050,E102,2025-09-23 00:34:17,Phone,Sample Requested,2025-09-27,Manual
A0000124,L000051,E103,2025-09-14 13:06:00,Email,No Answer,2025-09-17,Manual
A0000125,L000051,E103,2025-09-20 13:06:00,Email,,2025-09-26,Email Sync
A0000126,L000051,E103,2025-09-25 17:06:00,Email,Connected,2025-09-30,Email Sync
A0000127,L000051,E103,2025-10-01 20:06:00,Zalo,Connected,2025-10-07,Manual
A0000128,L000051,E103,2025-10-06 20:06:00,Phone,Connected,2025-10-15,CRM
A0000129,L000052,E102,2025-09-29 20:25:21,Email,Connected,2025-10-03,CRM
A0000130,L000052,E102,2025-10-06 23:25:21,Email,Follow-up Later,,Manual
A0000131,L000052,E102,2025-10-07 23:25:21,Meeting,Requested Quote,2025-10-15,Email Sync
A0000132,L000053,E102,2025-10-05 06:05:16,Phone,Connected,2025-10-07,Manual
A0000133,L000053,E102,2025-10-11 08:05:16,Email,Technical Review,2025-10-14,Manual
A0000134,L000053,E102,2025-10-14 11:05:16,Zalo,No Answer,2025-10-16,Manual
A0000135,L000053,E102,20/10/2025 14:05,Meeting,Technical Review,,Email Sync
A0000136,L000054,E102,2025-10-07 11:15:21,Phone,Connected,2025-10-09,Manual
A0000137,L000055,E103,2025-10-09 02:00:29,Phone,Voicemail,2025-10-12,Email Sync
A0000138,L000055,E103,2025-10-12 06:00:29,Email,Technical Review,,Manual
A0000139,L000055,E103,2025-10-19 08:00:29,Phone,Follow-up Later,2025-10-23,Email Sync
A0000140,L000056,E101,2025-10-10 13:55:18,Email,Connected,2025-10-11,Manual
A0000141,L000056,E101,2025-10-17 15:55:18,Zalo,No Answer,2025-10-24,CRM
A0000142,L000056,E101,2025-10-23 19:55:18,Email,Technical Review,2025-10-28,CRM
A0000143,L000057,E101,2025-10-10 09:29:21,Zalo,Connected,2025-10-14,Email Sync
A0000144,L000057,E101,2025-10-12 10:29:21,Phone,,2025-10-17,Email Sync
A0000145,L000058,E102,2025-10-10 21:56:02,Email,Connected,2025-10-14,Email Sync
A0000146,L000058,E102,2025-10-18 01:56:02,Email,Connected,2025-10-24,Manual
A0000147,L000058,E102,2025-10-21 05:56:02,Meeting,Requested Quote,2025-10-25,Manual
A0000148,L000058,E102,2025-10-25 10:56:02,Phone,Technical Review,2025-10-28,Manual
A0000149,L000058,E102,2025-10-31 13:56:02,Meeting,Follow-up Later,2025-11-05,Manual
A0000150,L000059,E102,2025-10-15 02:51:21,Zalo,Connected,2025-10-16,CRM
A0000151,L000059,E102,2025-10-16 04:51:21,Meeting,Connected,2025-10-19,CRM
A0000152,L000059,E102,2025-10-19 05:51:21,Phone,Technical Review,2025-10-22,Manual
A0000153,L000060,E102,2025-10-21 12:04:10,Email,Invalid Contact,2025-10-23,CRM
A0000154,L000060,E102,2025-10-23 14:04:10,Email,Follow-up Later,2025-10-29,Email Sync
A0000155,L000060,E102,2025-10-28 17:04:10,Zalo,Connected,2025-11-01,Email Sync
A0000156,L000061,E103,2025-10-24 18:42:38,Phone,No Answer,2025-10-26,Email Sync
A0000157,L000061,E103,2025-10-27 20:42:38,Zalo,Sample Requested,2025-10-31,CRM
A0000158,L000062,E101,2025-10-24 22:20:32,Phone,,2025-10-25,Manual
A0000159,L000062,E101,2025-10-30 00:20:32,Zalo,Closed Lost,2025-11-02,CRM
A0000160,L000062,E101,2025-11-03 04:20:32,Email,Closed Lost,2025-11-06,Manual
A0000161,L000062,E101,2025-11-04 08:20:32,Email,Connected,2025-11-08,CRM
A0000162,L000062,E101,2025-11-06 08:20:32,Phone,Connected,2025-11-15,CRM
A0000163,L000063,E102,2025-10-28 06:13:27,Phone,Connected,2025-10-29,Email Sync
A0000164,L000063,E102,2025-11-04 09:13:27,Email,Connected,,Email Sync
A0000165,L000064,E101,2025-10-27 04:09:34,Phone,Connected,2025-10-31,CRM
A0000166,L000064,E101,2025-11-03 08:09:34,Email,Technical Review,2025-11-08,Manual
A0000167,L000064,E101,2025-11-04 13:09:34,Meeting,No Answer,2025-11-11,CRM
A0000168,L000064,E101,2025-11-06 14:09:34,Meeting,Connected,2025-11-12,Email Sync
A0000169,L000064,E101,2025-11-13 19:09:34,Zalo,Requested Quote,2025-11-18,CRM
A0000170,L000065,E102,2025-10-29 02:51:26,Email,No Answer,2025-10-31,Email Sync
A0000171,L000065,E102,2025-11-04 02:51:26,Zalo,Connected,,Manual
A0000172,L000065,E102,2025-11-06 05:51:26,Phone,Closed Lost,2025-11-09,CRM
A0000173,L000065,E102,2025-11-13 05:51:26,Zalo,Connected,2025-11-16,CRM
A0000174,L000065,E102,2025-11-16 06:51:26,Meeting,No Answer,,Email Sync
A0000175,L000066,E101,2025-10-29 20:07:03,Phone,No Answer,2025-11-02,Email Sync
A0000176,L000066,E101,2025-10-31 20:07:03,Phone,Sample Requested,2025-11-02,Manual
A0000177,L000067,E102,2025-10-31 05:00:33,Email,Connected,2025-11-02,CRM
A0000178,L000068,E102,2025-11-10 17:19:08,Phone,Connected,2025-11-13,Manual
A0000179,L000068,E102,2025-11-11 22:19:08,Zalo,No Answer,2025-11-17,Manual
A0000180,L000068,E102,2025-11-18 02:19:08,Email,Follow-up Later,2025-11-26,CRM
A0000181,L000068,E102,2025-11-20 02:19:08,Meeting,Technical Review,2025-11-26,CRM
A0000182,L000068,E102,2025-11-22 03:19:08,Email,Follow-up Later,2025-11-25,Manual
A0000183,L000069,E103,2025-11-15 01:27:44,Email,Connected,2025-11-18,Email Sync
A0000184,L000069,E103,2025-11-20 01:27:44,Meeting,No Answer,2025-11-28,Manual
A0000185,L000070,E102,2025-11-17 10:56:59,Email,Connected,2025-11-21,Manual
A0000186,L000070,E102,2025-11-20 14:56:59,Phone,Connected,2025-11-25,CRM
A0000187,L000070,E102,2025-11-27 16:56:59,Phone,No Answer,,Email Sync
A0000188,L000070,E102,2025-11-28 18:56:59,Meeting,Technical Review,,Manual
A0000189,L000071,E101,2025-11-17 19:07:59,Zalo,Connected,2025-11-18,CRM
A0000190,L000071,E101,2025-11-24 19:07:59,Zalo,No Answer,2025-11-26,CRM
A0000191,L000072,E101,2025-11-19 19:43:55,Phone,Voicemail,2025-11-20,CRM
A0000192,L000072,E101,2025-11-25 23:43:55,Email,Connected,2025-11-27,Manual
A0000193,L000072,E101,2025-11-30 00:43:55,Phone,Technical Review,2025-12-08,Email Sync
A0000194,L000073,E102,2025-11-18 23:56:03,Email,Connected,2025-11-19,Manual
A0000195,L000073,E102,2025-11-23 01:56:03,Email,Closed Lost,2025-12-01,Manual
A0000196,L000073,E102,2025-11-29 04:56:03,Email,Connected,2025-12-04,Email Sync
A0000197,L000074,E102,2025-11-24 12:37:38,Zalo,Connected,2025-11-27,CRM
A0000198,L000074,E102,2025-11-25 15:37:38,Phone,Connected,2025-11-28,Email Sync
A0000199,L000074,E102,2025-12-01 19:37:38,Email,Connected,2025-12-05,Email Sync
A0000200,L000075,E101,2025-11-26 03:10:31,Email,Voicemail,2025-11-27,Manual
A0000201,L000075,E101,2025-12-03 07:10:31,Phone,Technical Review,2025-12-05,CRM
A0000202,L000076,E101,2025-12-01 20:56:46,Email,Connected,2025-12-03,Email Sync
A0000203,L000076,E101,2025-12-02 21:56:46,Phone,Technical Review,2025-12-11,Manual
A0000204,L000076,E101,2025-12-08 02:56:46,Meeting,Technical Review,2025-12-17,Manual
A0000205,L000077,E102,2025-12-13 22:41:25,Zalo,No Answer,2025-12-17,Email Sync
A0000206,L000077,E102,2025-12-21 03:41:25,Phone,Connected,2025-12-24,CRM
A0000207,L000078,E103,2025-12-23 15:12:20,Phone,Connected,2025-12-26,Manual
A0000208,L000078,E103,2025-12-30 19:12:20,Email,Connected,2026-01-05,Email Sync
A0000209,L000078,E103,2026-01-06 00:12:20,Phone,Connected,2026-01-12,Email Sync
A0000210,L000079,E101,2025-12-22 20:49:28,Phone,Connected,2025-12-24,Manual
A0000211,L000079,E101,2025-12-23 22:49:28,Meeting,Closed Lost,2025-12-27,Manual
A0000212,L000079,E101,2025-12-29 22:49:28,Zalo,Follow-up Later,2026-01-05,Email Sync
A0000213,L000080,E102,2025-12-22 17:28:45,Email,Connected,2025-12-26,Email Sync
A0000214,L000081,E101,2025-12-26 00:21:41,Email,Connected,2025-12-27,Email Sync
A0000215,L000081,E101,2025-12-31 05:21:41,Zalo,Follow-up Later,2026-01-08,CRM
A0000216,L000082,E101,10/01/2026 03:56,Email,Connected,2026-01-11,CRM
A0000217,L000082,E101,2026-01-15 04:56:21,Meeting,Connected,2026-01-23,Manual
A0000218,L000082,E101,2026-01-22 06:56:21,Zalo,Technical Review,2026-01-25,Manual
A0000219,L000083,E101,2026-01-15 07:06:37,Zalo,No Answer,2026-01-17,Manual
A0000220,L000083,E101,2026-01-16 09:06:37,Phone,No Answer,,Email Sync
A0000221,L000084,E102,2026-01-18 09:32:21,Zalo,Connected,2026-01-22,Manual
A0000222,L000085,E101,2026-01-19 18:51:59,Email,Connected,2026-01-21,CRM
A0000223,L000086,E102,2026-02-06 13:15:02,Phone,Connected,2026-02-07,Email Sync
A0000224,L000087,E101,2026-02-24 11:20:30,Email,Voicemail,2026-02-25,Manual
A0000225,L000087,E101,2026-02-26 16:20:30,Email,Sample Requested,2026-03-03,CRM
A0000226,L000087,E101,2026-02-27 17:20:30,Email,Technical Review,2026-03-06,CRM
A0000227,L000088,E102,2026-02-24 06:07:41,Phone,Connected,2026-02-26,Email Sync
A0000228,L000088,E102,2026-02-27 11:07:41,Phone,Follow-up Later,2026-03-03,Manual
A0000229,L000089,E102,2026-02-25 18:34:52,Zalo,Connected,2026-02-27,CRM
A0000230,L000089,E102,2026-03-04 23:34:52,Phone,Follow-up Later,2026-03-06,Manual
A0000231,L000090,E101,2026-02-28 10:36:23,Zalo,,2026-03-01,Manual
A0000232,L000091,E102,2026-03-07 04:59:49,Phone,No Answer,2026-03-10,Manual
A0000233,L000091,E102,2026-03-11 07:59:49,Zalo,Follow-up Later,2026-03-17,Email Sync
A0000234,L000091,E102,2026-03-15 10:59:49,Zalo,Connected,2026-03-24,Email Sync
A0000235,L000092,E101,2026-03-14 00:50:14,Email,Connected,2026-03-16,Manual
A0000236,L000092,E101,2026-03-20 04:50:14,Meeting,Technical Review,2026-03-22,Email Sync
A0000237,L000093,E102,2026-03-19 04:54:26,Phone,,2026-03-23,Email Sync
A0000238,L000093,E102,2026-03-25 08:54:26,Phone,Follow-up Later,2026-03-30,Email Sync
A0000239,L000094,E102,2026-03-25 04:19:56,Email,No Answer,2026-03-28,Manual
A0000240,L000094,E102,2026-03-28 08:19:56,Email,Connected,2026-04-05,Manual
A0000241,L000095,E103,2026-03-26 02:08:15,Email,Connected,2026-03-27,Manual
A0000242,L000096,E101,2026-03-29 21:17:30,Email,Connected,2026-03-30,Manual
A0000243,L000096,E101,2026-04-03 01:17:30,Email,Connected,2026-04-10,Email Sync
A0000244,L000097,E102,2026-03-29 13:52:28,Email,Connected,2026-03-31,Email Sync
A0000245,L000098,E102,2026-03-30 06:16:14,Email,Connected,2026-03-31,Manual
A0000246,L000098,E102,2026-04-01 10:16:14,Email,Technical Review,2026-04-09,Manual
A0000247,L000098,E102,2026-04-03 13:16:14,Phone,Connected,,Email Sync
A0000248,L000099,E103,2026-04-01 09:05:02,Zalo,Connected,2026-04-05,Manual
A0000249,L000099,E103,2026-04-05 13:05:02,Meeting,Connected,2026-04-08,Manual
A0000250,L000099,E103,2026-04-10 14:05:02,Phone,No Answer,2026-04-18,CRM
A0000251,L000100,E103,2026-04-15 00:27:53,Phone,Connected,2026-04-18,CRM
A0000252,L000100,E103,2026-04-18 05:27:53,Email,Closed Lost,2026-04-22,Email Sync
A0000253,L000101,E101,2026-04-16 22:58:05,Zalo,Invalid Contact,2026-04-20,Manual
A0000254,L000102,E103,2026-04-29 22:19:14,Phone,Voicemail,2026-05-02,CRM
A0000255,L000103,E103,2026-05-06 22:34:47,Phone,Connected,2026-05-08,Email Sync
A0000256,L000103,E103,2026-05-10 23:34:47,Email,,2026-05-13,CRM
A0000257,L000103,E103,2026-05-17 04:34:47,Email,Connected,2026-05-21,CRM
A0000258,L000104,E103,2026-05-09 21:18:46,Phone,Connected,2026-05-10,Manual
A0000259,L000104,E103,2026-05-15 21:18:46,Phone,Connected,2026-05-22,CRM
A0000260,L000104,E103,2026-05-18 21:18:46,Email,No Answer,2026-05-24,CRM
A0000261,L000105,E102,2026-05-12 00:27:09,Email,Connected,2026-05-14,Email Sync
A0000262,L000105,E102,2026-05-17 04:27:09,Phone,Technical Review,2026-05-22,Manual
A0000263,L000106,E101,2026-05-14 20:29:50,Phone,Connected,2026-05-16,Email Sync
A0000264,L000107,E101,2026-05-14 21:20:00,Phone,Connected,2026-05-18,Manual
A0000265,L000107,E101,2026-05-22 00:20:00,Zalo,No Answer,2026-05-29,Email Sync
A0000266,L000107,E101,2026-05-25 05:20:00,Meeting,Connected,2026-05-31,Manual
A0000267,L000108,E103,2026-05-21 03:41:01,Email,Connected,2026-05-23,Manual
A0000268,L000108,E103,2026-05-22 07:41:01,Meeting,Connected,2026-05-25,Manual
A0000269,L000108,E103,2026-05-26 11:41:01,Phone,Requested Quote,2026-05-28,Email Sync
A0000270,L000108,E103,2026-05-27 12:41:01,Phone,Requested Quote,2026-06-03,Manual
A0000271,L000109,E102,2026-05-22 22:02:13,Email,Connected,2026-05-23,CRM
A0000272,L000109,E102,2026-05-26 03:02:13,Phone,Follow-up Later,2026-06-01,CRM
A0000273,L000109,E102,2026-05-30 08:02:13,Email,Requested Quote,2026-06-08,Email Sync
A0000274,L000109,E102,2026-06-01 11:02:13,Zalo,Connected,2026-06-10,CRM
A0000275,L000109,E102,2026-06-03 13:02:13,Phone,Connected,,Email Sync
A0000276,L000110,E103,2026-05-25 17:24:48,Email,Connected,2026-05-28,CRM
A0000277,L000111,E103,2026-05-27 02:17:30,Phone,Connected,2026-05-29,Manual
A0000278,L000111,E103,2026-06-01 06:17:30,Meeting,Requested Quote,2026-06-03,Email Sync
A0000279,L000112,E101,2026-05-29 22:24:43,Email,Connected,2026-05-31,Email Sync
A0000280,L000112,E101,2026-05-31 02:24:43,Phone,Connected,,Manual
A0000281,L000112,E101,2026-06-02 03:24:43,Email,Sample Requested,2026-06-05,CRM
A0000282,L000112,E101,2026-06-07 03:24:43,Email,Requested Quote,2026-06-09,CRM
A0000283,L000113,E101,2026-05-29 23:34:58,Phone,Connected,2026-06-02,CRM
A0000284,L000113,E101,2026-06-04 23:34:58,Meeting,Follow-up Later,,CRM
A0000285,L000113,E101,2026-06-06 23:34:58,Email,Follow-up Later,2026-06-08,Manual
A0000286,L000113,E101,2026-06-09 00:34:58,Phone,Closed Lost,,CRM
A0000287,L000113,E101,2026-06-12 00:34:58,Zalo,No Answer,2026-06-15,Email Sync
A0000288,L000114,E102,2026-05-30 03:59:59,Zalo,Connected,2026-05-31,Manual
A0000289,L000114,E102,2026-05-31 06:59:59,Zalo,Technical Review,2026-06-06,CRM
A0000290,L000115,E102,2026-06-04 17:12:28,Phone,Connected,2026-06-05,Email Sync
A0000291,L000115,E102,2026-06-11 22:12:28,Meeting,Technical Review,2026-06-17,CRM
A0000292,L000116,E103,2026-06-08 19:07:08,Email,Connected,2026-06-09,Manual
A0000293,L000116,E103,2026-06-11 19:07:08,Meeting,Connected,2026-06-17,CRM
A0000294,L000117,E101,2026-06-13 00:16:00,Phone,Connected,2026-06-17,Email Sync
A0000295,L000117,E101,2026-06-15 02:16:00,Meeting,,2026-06-20,Email Sync
A0000296,L000117,E101,2026-06-22 07:16:00,Zalo,Technical Review,2026-06-24,CRM
A0000297,L000117,E101,2026-06-23 10:16:00,Email,Follow-up Later,2026-06-27,Email Sync
A0000298,L000117,E101,2026-06-30 12:16:00,Meeting,Closed Lost,2026-07-07,Email Sync
A0000299,L000118,E103,2026-06-12 20:10:46,Email,No Answer,2026-06-16,Email Sync
A0000300,L000118,E103,2026-06-19 21:10:46,Email,Follow-up Later,2026-06-27,Manual
A0000301,L000119,E103,2026-06-18 05:18:47,Zalo,Connected,2026-06-22,Email Sync
A0000302,L000119,E103,2026-06-25 05:18:47,Email,Connected,2026-07-04,Email Sync
A0000303,L000120,E103,2026-06-30 16:06:56,Phone,Connected,2026-07-04,Email Sync
A0000304,L000121,E101,2025-03-30 12:49:27,Phone,Connected,2025-04-03,Email Sync
A0000305,L000121,E101,2025-04-05 16:49:27,Email,Technical Review,2025-04-13,CRM
A0000306,L000121,E101,2025-04-06 19:49:27,Meeting,Requested Quote,2025-04-11,CRM
A0000307,L000121,E101,2025-04-08 21:49:27,Phone,Technical Review,,CRM
A0000308,L000122,E101,2025-04-14 23:04:50,Email,Connected,2025-04-16,CRM
A0000309,L000122,E101,2025-04-16 02:04:50,Zalo,Technical Review,2025-04-21,Email Sync
A0000310,L000122,E101,2025-04-20 03:04:50,Email,Requested Quote,2025-04-27,Email Sync
A0000311,L000123,E102,2025-04-18 12:17:17,Email,Connected,2025-04-22,Email Sync
A0000312,L000123,E102,2025-04-20 15:17:17,Email,Requested Quote,2025-04-28,Email Sync
A0000313,L000123,E102,2025-04-25 17:17:17,Email,Closed Lost,,CRM
A0000314,L000124,E103,2025-04-20 03:25:42,Phone,Connected,2025-04-22,CRM
A0000315,L000125,E101,2025-04-21 10:03:55,Email,Connected,2025-04-25,Email Sync
A0000316,L000125,E101,2025-04-27 15:03:55,Phone,Follow-up Later,2025-05-01,Manual
A0000317,L000126,E101,2025-05-02 05:30:47,Phone,Voicemail,2025-05-05,CRM
A0000318,L000126,E101,2025-05-07 05:30:47,Email,Connected,2025-05-15,CRM
A0000319,L000126,E101,2025-05-08 07:30:47,Phone,Follow-up Later,,Email Sync
A0000320,L000126,E101,2025-05-14 09:30:47,Phone,Technical Review,2025-05-17,CRM
A0000321,L000126,E101,2025-05-18 10:30:47,Zalo,Follow-up Later,2025-05-27,CRM
A0000322,L000127,E101,2025-05-05 10:51:29,Email,Connected,2025-05-08,Manual
A0000323,L000127,E101,2025-05-11 14:51:29,Email,Connected,2025-05-19,Manual
A0000324,L000127,E101,2025-05-18 16:51:29,Email,Follow-up Later,2025-05-26,CRM
A0000325,L000128,E103,2025-05-10 05:13:43,Phone,Invalid Contact,2025-05-12,CRM
A0000326,L000128,E103,2025-05-11 09:13:43,Email,Connected,2025-05-18,CRM
A0000327,L000129,E103,2025-05-11 19:19:48,Email,Connected,2025-05-12,CRM
A0000328,L000129,E103,2025-05-17 22:19:48,Zalo,Sample Requested,,Manual
A0000329,L000129,E103,2025-05-23 00:19:48,Email,Connected,2025-05-25,Manual
A0000330,L000130,E103,2025-05-13 10:57:43,Phone,Connected,2025-05-14,Manual
A0000331,L000130,E103,2025-05-14 14:57:43,Zalo,Requested Quote,2025-05-23,Manual
A0000332,L000130,E103,2025-05-16 14:57:43,Meeting,No Answer,2025-05-18,Manual
A0000333,L000130,E103,2025-05-21 17:57:43,Email,Technical Review,2025-05-30,Manual
A0000334,L000130,E103,2025-05-25 19:57:43,Zalo,Closed Lost,2025-05-27,Manual
A0000335,L000131,E101,2025-05-20 23:21:05,Zalo,No Answer,2025-05-24,CRM
A0000336,L000131,E101,2025-05-21 23:21:05,Phone,Requested Quote,2025-05-24,Email Sync
A0000337,L000132,E103,2025-05-23 16:25:36,Phone,Voicemail,2025-05-24,Email Sync
A0000338,L000132,E103,2025-05-30 21:25:36,Meeting,No Answer,2025-06-07,CRM
A0000339,L000133,E101,2025-05-28 03:56:09,Zalo,Connected,2025-05-29,Manual
A0000340,L000133,E101,2025-05-31 05:56:09,Email,Requested Quote,2025-06-05,Email Sync
A0000341,L000133,E101,2025-06-04 07:56:09,Phone,Sample Requested,2025-06-11,Manual
A0000342,L000133,E101,2025-06-07 12:56:09,Email,Follow-up Later,2025-06-11,Email Sync
A0000343,L000134,E103,2025-05-27 19:49:35,Phone,Voicemail,2025-05-29,CRM
A0000344,L000134,E103,2025-05-31 21:49:35,Meeting,Connected,,Manual
A0000345,L000134,E103,2025-06-05 21:49:35,Email,Connected,2025-06-08,Manual
A0000346,L000134,E103,2025-06-09 23:49:35,Meeting,Follow-up Later,2025-06-13,Manual
A0000347,L000135,E102,2025-06-06 03:02:55,Email,Connected,2025-06-09,CRM
A0000348,L000136,E101,2025-06-05 21:34:27,Phone,Connected,2025-06-07,Email Sync
A0000349,L000136,E101,2025-06-12 22:34:27,Phone,Closed Lost,2025-06-21,Manual
A0000350,L000136,E101,2025-06-16 01:34:27,Meeting,No Answer,,CRM
A0000351,L000136,E101,2025-06-18 02:34:27,Phone,No Answer,2025-06-20,Email Sync
A0000352,L000136,E101,2025-06-19 06:34:27,Zalo,Follow-up Later,2025-06-25,Manual
A0000353,L000137,E102,2025-06-10 00:16:53,Phone,Connected,2025-06-13,Email Sync
A0000354,L000138,E101,2025-06-10 20:56:49,Email,Connected,2025-06-11,Email Sync
A0000355,L000139,E101,2025-06-22 08:44:10,Email,Connected,2025-06-24,Manual
A0000356,L000140,E101,2025-07-12 00:36:34,Email,No Answer,2025-07-13,Manual
A0000357,L000140,E101,2025-07-15 03:36:34,Email,Sample Requested,2025-07-24,CRM
A0000358,L000140,E101,2025-07-20 06:36:34,Meeting,Closed Lost,2025-07-26,CRM
A0000359,L000141,E103,2025-07-16 07:28:52,Email,Connected,2025-07-20,Manual
A0000360,L000141,E103,2025-07-17 11:28:52,Email,Connected,,Manual
A0000361,L000141,E103,2025-07-23 14:28:52,Meeting,Connected,2025-08-01,Email Sync
A0000362,L000142,E102,2025-07-16 15:58:11,Phone,Connected,2025-07-18,Manual
A0000363,L000142,E102,2025-07-18 19:58:11,Meeting,Connected,2025-07-23,Email Sync
A0000364,L000142,E102,2025-07-21 20:58:11,Meeting,Follow-up Later,2025-07-28,Email Sync
A0000365,L000143,E101,2025-07-22 01:50:44,Email,Connected,2025-07-26,Email Sync
A0000366,L000144,E103,2025-07-22 18:51:58,Zalo,Connected,2025-07-25,CRM
A0000367,L000144,E103,2025-07-29 20:51:58,Meeting,No Answer,2025-08-07,CRM
A0000368,L000144,E103,2025-07-31 01:51:58,Meeting,Closed Lost,,Manual
A0000369,L000144,E103,2025-08-03 01:51:58,Meeting,No Answer,2025-08-09,Email Sync
A0000370,L000144,E103,2025-08-07 04:51:58,Email,No Answer,2025-08-16,CRM
A0000371,L000145,E103,2025-07-22 21:58:03,Phone,Connected,2025-07-23,Manual
A0000372,L000146,E103,2025-07-23 22:23:59,Phone,Connected,2025-07-26,CRM
A0000373,L000146,E103,2025-07-30 22:23:59,Email,Technical Review,,Email Sync
A0000374,L000146,E103,2025-08-02 02:23:59,Zalo,Follow-up Later,2025-08-04,CRM
A0000375,L000147,E102,2025-08-02 05:40:23,Email,Connected,2025-08-06,CRM
A0000376,L000147,E102,2025-08-06 05:40:23,Meeting,Requested Quote,,Email Sync
A0000377,L000147,E102,2025-08-10 10:40:23,Zalo,No Answer,2025-08-14,Manual
A0000378,L000148,E102,2025-08-06 01:52:26,Zalo,Connected,2025-08-08,CRM
A0000379,L000148,E102,2025-08-09 03:52:26,Email,Requested Quote,2025-08-16,CRM
A0000380,L000149,E102,2025-08-05 18:09:53,Email,Connected,2025-08-06,Manual
A0000381,L000150,E103,2025-08-05 19:44:09,Zalo,Invalid Contact,2025-08-06,Manual
A0000382,L000150,E103,2025/08/12 23:44,Zalo,Connected,2025-08-21,CRM
A0000383,L000151,E101,2025-08-11 13:14:07,Phone,No Answer,2025-08-14,Email Sync
A0000384,L000151,E101,2025-08-18 15:14:07,Email,,2025-08-27,Manual
A0000385,L000151,E101,2025-08-24 19:14:07,Email,Technical Review,2025-08-31,Email Sync
A0000386,L000151,E101,2025-08-26 21:14:07,Phone,Closed Lost,2025-09-02,Manual
A0000387,L000152,E102,2025-08-14 21:02:17,Phone,No Answer,2025-08-16,Manual
A0000388,L000152,E102,2025-08-20 23:02:17,Zalo,,2025-08-24,Manual
A0000389,L000152,E102,2025-08-26 03:02:17,Email,Connected,2025-09-04,Email Sync
A0000390,L000152,E102,2025-08-29 08:02:17,Email,No Answer,2025-09-06,Manual
A0000391,L000153,E103,2025-08-16 10:29:13,Email,Connected,2025-08-18,Email Sync
A0000392,L000154,E102,2025-08-18 03:50:17,Phone,Connected,2025-08-20,Email Sync
A0000393,L000154,E102,2025-08-22 08:50:17,Meeting,No Answer,2025-08-25,Email Sync
A0000394,L000154,E102,2025-08-24 13:50:17,Zalo,Technical Review,2025-08-26,Manual
A0000395,L000154,E102,2025-08-28 15:50:17,Phone,Technical Review,2025-09-03,Manual
A0000396,L000154,E102,2025-09-02 16:50:17,Zalo,Follow-up Later,2025-09-07,Manual
A0000397,L000155,E103,2025-08-20 11:20:29,Zalo,No Answer,2025-08-21,Email Sync
A0000398,L000155,E103,2025-08-22 11:20:29,Zalo,Follow-up Later,2025-08-29,Manual
A0000399,L000155,E103,2025-08-24 11:20:29,Email,Technical Review,,Email Sync
A0000400,L000156,E102,2025-09-01 19:42:47,Phone,Connected,2025-09-02,Manual
A0000401,L000156,E102,2025-09-05 19:42:47,Phone,Requested Quote,2025-09-10,Email Sync
A0000402,L000157,E102,2025-09-15 00:18:41,Zalo,Connected,2025-09-18,CRM
A0000403,L000157,E102,2025-09-22 05:18:41,Email,Connected,,Email Sync
A0000404,L000157,E102,2025-09-26 10:18:41,Phone,Technical Review,,Manual
A0000405,L000157,E102,2025-10-01 14:18:41,Phone,Connected,2025-10-08,CRM
A0000406,L000157,E102,2025-10-02 17:18:41,Zalo,Technical Review,2025-10-04,CRM
A0000407,L000158,E103,2025-09-17 00:42:08,Phone,Connected,2025-09-20,Email Sync
A0000408,L000158,E103,2025-09-18 04:42:08,Zalo,No Answer,2025-09-24,Manual
A0000409,L000159,E102,2025-09-27 07:55:50,Email,Connected,2025-09-29,Email Sync
A0000410,L000159,E102,2025-10-03 09:55:50,Email,Follow-up Later,2025-10-10,CRM
A0000411,L000159,E102,2025-10-06 11:55:50,Meeting,Follow-up Later,2025-10-15,Email Sync
A0000412,L000159,E102,2025-10-09 13:55:50,Email,Requested Quote,2025-10-14,Manual
A0000413,L000160,E102,2025-10-02 23:38:54,Phone,Connected,2025-10-04,CRM
A0000414,L000160,E102,2025-10-04 01:38:54,Zalo,Connected,2025-10-06,Email Sync
A0000415,L000160,E102,2025-10-10 06:38:54,Phone,Connected,2025-10-16,CRM
A0000416,L000160,E102,2025-10-13 06:38:54,Email,,2025-10-18,CRM
A0000417,L000160,E102,2025-10-17 08:38:54,Meeting,Connected,2025-10-26,CRM
A0000418,L000161,E101,2025-10-28 08:26:58,Phone,Connected,2025-10-29,CRM
A0000419,L000162,E101,2025-10-28 16:30:50,Email,Connected,2025-10-31,CRM
A0000420,L000162,E101,2025-11-02 20:30:50,Email,Follow-up Later,,CRM
A0000421,L000163,E103,2025-11-05 06:13:41,Phone,Voicemail,2025-11-08,Manual
A0000422,L000163,E103,2025-11-08 06:13:41,Email,Connected,2025-11-13,CRM
A0000423,L000163,E103,2025-11-11 08:13:41,Phone,Requested Quote,2025-11-15,CRM
A0000424,L000164,E101,05/11/2025 14:21,Zalo,Connected,2025-11-09,Manual
A0000425,L000164,E101,2025-11-09 15:21:32,Email,No Answer,2025-11-14,CRM
A0000426,L000164,E101,2025-11-13 15:21:32,Email,Follow-up Later,2025-11-22,Email Sync
A0000427,L000165,E102,2025-11-14 02:50:06,Email,Connected,2025-11-15,Email Sync
A0000428,L000165,E102,2025-11-18 02:50:06,Phone,Technical Review,2025-11-25,Manual
A0000429,L000166,E102,2025-11-15 19:42:07,Phone,No Answer,2025-11-16,CRM
A0000430,L000167,E101,2025-11-17 02:50:26,Phone,Connected,2025-11-19,Email Sync
A0000431,L000167,E101,2025/11/21 04:50,Email,Connected,2025-11-29,Email Sync
A0000432,L000167,E101,2025-11-22 07:50:26,Meeting,No Answer,2025-11-24,Email Sync
A0000433,L000168,E101,2025-11-21 13:35:25,Email,,2025-11-24,CRM
A0000434,L000168,E101,2025-11-22 16:35:25,Email,Requested Quote,2025-11-28,Email Sync
A0000435,L000168,E101,2025-11-23 21:35:25,Meeting,Follow-up Later,2025-11-25,Email Sync
A0000436,L000168,E101,2025-11-26 01:35:25,Phone,Follow-up Later,,Manual
A0000437,L000168,E101,2025-11-27 03:35:25,Meeting,Requested Quote,2025-12-03,Email Sync
A0000438,L000169,E101,2025-11-21 01:59:56,Phone,Connected,2025-11-22,Email Sync
A0000439,L000169,E101,2025-11-23 01:59:56,Zalo,Connected,2025-11-25,CRM
A0000440,L000170,E102,2025-12-04 15:56:34,Zalo,No Answer,2025-12-05,Manual
A0000441,L000170,E102,2025-12-08 19:56:34,Email,Connected,,CRM
A0000442,L000170,E102,2025-12-13 23:56:34,Email,Connected,2025-12-16,Manual
A0000443,L000170,E102,2025-12-15 03:56:34,Email,Requested Quote,2025-12-18,Manual
A0000444,L000170,E102,2025-12-20 08:56:34,Zalo,Follow-up Later,2025-12-28,CRM
A0000445,L000171,E102,2025-12-03 01:30:02,Zalo,Connected,2025-12-06,Manual
A0000446,L000171,E102,2025-12-10 03:30:02,Email,Requested Quote,2025-12-17,Manual
A0000447,L000172,E102,2025-12-05 21:37:34,Email,Connected,2025-12-07,Email Sync
A0000448,L000173,E102,2025-12-04 18:57:08,Phone,Connected,2025-12-08,Email Sync
A0000449,L000174,E103,2025-12-24 00:47:33,Phone,No Answer,2025-12-27,Email Sync
A0000450,L000174,E103,2025-12-31 03:47:33,Email,No Answer,,Email Sync
A0000451,L000174,E103,2026-01-03 04:47:33,Email,Follow-up Later,,Email Sync
A0000452,L000174,E103,2026-01-05 07:47:33,Email,Technical Review,,CRM
A0000453,L000175,E101,2025-12-25 20:32:37,Phone,Invalid Contact,2025-12-28,Email Sync
A0000454,L000175,E101,2025-12-31 21:32:37,Phone,Connected,,Email Sync
A0000455,L000175,E101,2026-01-06 00:32:37,Meeting,Requested Quote,2026-01-08,Manual
A0000456,L000176,E102,2025-12-27 17:47:13,Phone,No Answer,2025-12-29,Manual
A0000457,L000176,E102,2026-01-02 19:47:13,Email,Connected,2026-01-11,Manual
A0000458,L000176,E102,2026-01-04 23:47:13,Zalo,Closed Lost,2026-01-13,Email Sync
A0000459,L000177,E103,2025-12-30 05:58:58,Phone,Connected,2025-12-31,CRM
A0000460,L000178,E103,2026-01-01 05:44:53,Phone,,2026-01-02,Manual
A0000461,L000178,E103,2026-01-04 08:44:53,Phone,Closed Lost,2026-01-10,CRM
A0000462,L000178,E103,2026-01-05 11:44:53,Phone,Technical Review,2026-01-12,Manual
A0000463,L000178,E103,2026-01-12 11:44:53,Email,Requested Quote,2026-01-16,Manual
A0000464,L000179,E101,2026-01-03 21:31:31,Phone,Connected,2026-01-04,Email Sync
A0000465,L000180,E102,16/01/2026 06:33,Email,Connected,2026-01-18,Email Sync
A0000466,L000181,E101,2026-02-06 22:54:56,Phone,Connected,2026-02-07,Manual
A0000467,L000181,E101,2026-02-10 23:54:56,Zalo,No Answer,2026-02-17,CRM
A0000468,L000181,E101,2026-02-17 02:54:56,Email,Connected,2026-02-24,CRM
A0000469,L000181,E101,2026-02-20 05:54:56,Phone,Closed Lost,2026-03-01,Manual
A0000470,L000182,E102,2026-02-08 13:38:47,Phone,Voicemail,2026-02-12,Email Sync
A0000471,L000182,E102,2026-02-11 18:38:47,Zalo,No Answer,2026-02-17,Email Sync
A0000472,L000183,E101,2026-02-14 00:09:00,Email,Connected,2026-02-18,CRM
A0000473,L000184,E102,2026-02-15 08:23:45,Email,Connected,2026-02-17,Email Sync
A0000474,L000184,E102,2026-02-20 09:23:45,Email,No Answer,2026-02-23,Manual
A0000475,L000184,E102,2026-02-26 11:23:45,Zalo,Sample Requested,2026-03-04,Manual
A0000476,L000185,E102,2026-02-16 08:54:14,Phone,No Answer,2026-02-19,CRM
A0000477,L000185,E102,2026-02-19 08:54:14,Phone,Connected,2026-02-22,Email Sync
A0000478,L000185,E102,2026-02-22 09:54:14,Email,Sample Requested,2026-02-26,Email Sync
A0000479,L000185,E102,2026-03-01 14:54:14,Email,Sample Requested,2026-03-05,Manual
A0000480,L000185,E102,2026-03-04 17:54:14,Email,Requested Quote,,CRM
A0000481,L000186,E101,2026-02-16 04:17:33,Email,Connected,2026-02-19,Manual
A0000482,L000186,E101,2026-02-21 09:17:33,Email,Technical Review,2026-03-02,Manual
A0000483,L000186,E101,2026-02-24 11:17:33,Email,Follow-up Later,2026-02-27,Manual
A0000484,L000186,E101,2026-03-01 15:17:33,Email,Follow-up Later,2026-03-04,Email Sync
A0000485,L000186,E101,2026-03-06 16:17:33,Email,No Answer,2026-03-10,Email Sync
A0000486,L000187,E101,2026-02-24 19:16:11,Email,Connected,2026-02-25,Manual
A0000487,L000187,E101,2026-03-01 00:16:11,Email,Follow-up Later,2026-03-09,Manual
A0000488,L000188,E103,2026-03-07 01:07:14,Phone,Connected,2026-03-10,Email Sync
A0000489,L000189,E103,2026-03-12 14:37:44,Email,Connected,2026-03-14,CRM
A0000490,L000189,E103,2026-03-18 14:37:44,Meeting,Requested Quote,2026-03-21,CRM
A0000491,L000189,E103,2026-03-21 16:37:44,Email,Closed Lost,2026-03-24,CRM
A0000492,L000190,E101,2026-03-15 17:43:39,Email,Connected,2026-03-17,Email Sync
A0000493,L000190,E101,2026-03-16 21:43:39,Email,Follow-up Later,,Email Sync
A0000494,L000191,E102,2026-03-20 07:39:15,Email,Connected,2026-03-24,Manual
A0000495,L000191,E102,2026-03-24 11:39:15,Email,Requested Quote,,Email Sync
A0000496,L000192,E102,2026-03-21 03:11:22,Phone,Connected,2026-03-25,Manual
A0000497,L000192,E102,2026-03-24 08:11:22,Email,Closed Lost,2026-03-31,CRM
A0000498,L000192,E102,2026-03-26 08:11:22,Meeting,Follow-up Later,,Email Sync
A0000499,L000192,E102,2026-03-31 08:11:22,Email,Requested Quote,2026-04-09,Email Sync
A0000500,L000193,E101,2026-03-26 06:02:25,Email,Connected,2026-03-28,Email Sync
A0000501,L000193,E101,2026-03-31 11:02:25,Phone,Technical Review,2026-04-03,Manual
A0000502,L000193,E101,2026-04-07 13:02:25,Phone,Sample Requested,2026-04-10,Manual
A0000503,L000194,E101,2026-03-26 09:09:16,Phone,Connected,2026-03-29,CRM
A0000504,L000194,E101,2026-03-27 12:09:16,Zalo,Sample Requested,2026-03-30,CRM
A0000505,L000195,E102,2026-03-26 17:44:17,Phone,Connected,2026-03-30,Email Sync
A0000506,L000195,E102,2026-03-31 20:44:17,Meeting,Closed Lost,,Email Sync
A0000507,L000196,E102,2026-03-26 23:18:25,Email,Connected,2026-03-30,Email Sync
A0000508,L000196,E102,2026-03-29 03:18:25,Email,Follow-up Later,2026-03-31,CRM
A0000509,L000197,E102,2026-04-03 18:26:26,Zalo,Connected,2026-04-07,Email Sync
A0000510,L000197,E102,2026-04-06 21:26:26,Phone,Requested Quote,2026-04-11,CRM
A0000511,L000197,E102,2026-04-11 22:26:26,Phone,Closed Lost,2026-04-17,CRM
A0000512,L000198,E101,2026-04-08 01:06:17,Email,Connected,2026-04-11,Manual
A0000513,L000199,E102,2026-04-11 17:00:29,Email,Connected,2026-04-14,Email Sync
A0000514,L000200,E103,2026-04-11 08:34:54,Email,No Answer,2026-04-12,CRM
A0000515,L000200,E103,2026-04-18 11:34:54,Zalo,Follow-up Later,,CRM
A0000516,L000200,E103,2026-04-22 14:34:54,Zalo,Technical Review,2026-04-25,Email Sync
A0000517,L000201,E101,2026-04-18 02:12:57,Phone,Connected,2026-04-19,Manual
A0000518,L000201,E101,2026-04-23 07:12:57,Phone,No Answer,2026-05-02,Manual
A0000519,L000201,E101,2026-04-28 07:12:57,Meeting,Requested Quote,2026-05-06,Email Sync
A0000520,L000201,E101,2026-05-01 10:12:57,Email,Requested Quote,2026-05-03,Manual
A0000521,L000201,E101,2026-05-03 11:12:57,Phone,No Answer,2026-05-11,CRM
A0000522,L000202,E101,2026-04-26 19:16:45,Email,Connected,2026-04-27,Manual
A0000523,L000202,E101,2026-04-29 19:16:45,Zalo,Technical Review,,Email Sync
A0000524,L000203,E103,2026-04-28 20:32:21,Email,Connected,2026-05-01,CRM
A0000525,L000204,E101,2026-04-29 23:54:29,Zalo,Connected,2026-05-02,CRM
A0000526,L000205,E101,2026-04-29 21:08:22,Email,Connected,2026-05-01,Manual
A0000527,L000205,E101,2026-05-05 02:08:22,Phone,Requested Quote,2026-05-12,Manual
A0000528,L000205,E101,2026-05-09 05:08:22,Phone,No Answer,2026-05-15,Manual
A0000529,L000205,E101,2026-05-12 06:08:22,Phone,Requested Quote,2026-05-17,CRM
A0000530,L000206,E103,2026-05-03 05:50:04,Zalo,Connected,2026-05-07,Email Sync
A0000531,L000206,E103,2026-05-09 09:50:04,Zalo,Connected,2026-05-11,CRM
A0000532,L000206,E103,2026-05-10 14:50:04,Email,Follow-up Later,,Email Sync
A0000533,L000207,E101,2026-05-06 08:36:52,Phone,Connected,2026-05-08,Email Sync
A0000534,L000207,E101,2026-05-09 11:36:52,Email,Connected,2026-05-13,Manual
A0000535,L000207,E101,2026-05-14 12:36:52,Email,Connected,2026-05-19,Manual
A0000536,L000208,E101,2026-05-05 18:11:45,Email,Connected,2026-05-08,Email Sync
A0000537,L000209,E102,2026-05-07 22:03:26,Email,Connected,2026-05-10,Manual
A0000538,L000209,E102,2026-05-09 03:03:26,Email,Requested Quote,2026-05-15,CRM
A0000539,L000209,E102,2026-05-16 06:03:26,Email,Requested Quote,2026-05-21,CRM
A0000540,L000210,E103,2026-05-08 16:28:53,Zalo,Connected,2026-05-12,Email Sync
A0000541,L000211,E103,2026-05-09 06:50:57,Email,Connected,2026-05-12,Manual
A0000542,L000211,E103,2026-05-11 09:50:57,Email,Follow-up Later,2026-05-15,Email Sync
A0000543,L000212,E101,2026-05-16 00:07:40,Zalo,Connected,2026-05-20,CRM
A0000544,L000213,E101,2026-05-16 02:43:24,Email,Connected,2026-05-17,Email Sync
A0000545,L000213,E101,2026-05-20 06:43:24,Zalo,Requested Quote,2026-05-23,CRM
A0000546,L000213,E101,2026-05-23 11:43:24,Zalo,Sample Requested,,Email Sync
A0000547,L000213,E101,2026-05-24 15:43:24,Phone,No Answer,2026-05-31,Manual
A0000548,L000213,E101,2026-05-26 17:43:24,Meeting,No Answer,2026-05-30,Manual
A0000549,L000214,E101,2026-05-19 01:03:17,Phone,Connected,2026-05-21,Email Sync
A0000550,L000214,E101,2026-05-22 01:03:17,Meeting,Connected,2026-05-28,CRM
A0000551,L000215,E103,20/05/2026 21:07,Email,Connected,2026-05-23,Manual
A0000552,L000215,E103,2026-05-24 21:07:07,Email,Sample Requested,2026-05-31,Manual
A0000553,L000215,E103,2026-05-29 22:07:07,Email,Sample Requested,,Manual
A0000554,L000215,E103,2026-06-02 23:07:07,Phone,Technical Review,2026-06-10,Email Sync
A0000555,L000216,E101,2026-05-20 21:57:22,Zalo,Connected,2026-05-21,CRM
A0000556,L000216,E101,2026-05-27 02:57:22,Zalo,Closed Lost,2026-06-02,Manual
A0000557,L000216,E101,2026-06-03 02:57:22,Zalo,Follow-up Later,2026-06-07,CRM
A0000558,L000216,E101,2026-06-08 07:57:22,Phone,Technical Review,2026-06-12,Email Sync
A0000559,L000217,E102,2026-05-30 18:49:54,Email,Connected,2026-05-31,Email Sync
A0000560,L000217,E102,2026-06-05 19:49:54,Zalo,Requested Quote,2026-06-10,Manual
A0000561,L000217,E102,2026-06-12 21:49:54,Email,Closed Lost,2026-06-20,CRM
A0000562,L000217,E102,2026-06-16 00:49:54,Email,Follow-up Later,2026-06-23,Email Sync
A0000563,L000218,E102,2026-06-01 16:47:01,Email,Connected,2026-06-04,Email Sync
A0000564,L000218,E102,2026-06-02 19:47:01,Phone,Sample Requested,2026-06-06,Manual
A0000565,L000218,E102,2026-06-05 23:47:01,Email,Connected,2026-06-11,CRM
A0000566,L000218,E102,2026-06-08 00:47:01,Phone,No Answer,2026-06-16,Email Sync
A0000567,L000218,E102,2026-06-10 04:47:01,Email,Connected,2026-06-13,CRM
A0000568,L000219,E101,2026-06-04 21:30:00,Phone,Connected,2026-06-08,Manual
A0000569,L000219,E101,2026-06-08 22:30:00,Email,Technical Review,2026-06-11,Email Sync
A0000570,L000220,E101,2026-06-19 12:37:03,Zalo,Connected,2026-06-20,Email Sync
A0000571,L000220,E101,2026-06-22 14:37:03,Email,No Answer,2026-06-29,CRM
A0000572,L000221,E101,2026-06-25 22:03:13,Email,Connected,2026-06-29,Email Sync
A0000573,L000222,E101,2026-06-25 11:07:47,Phone,Connected,2026-06-26,Email Sync
A0000574,L000222,E101,2026-06-26 11:07:47,Zalo,Technical Review,2026-06-29,CRM
A0000575,L000222,E101,2026-06-29 15:07:47,Email,Technical Review,2026-07-08,CRM
A0000576,L000223,E101,2026-06-26 20:57:32,Zalo,Invalid Contact,2026-06-29,CRM
A0000577,L000223,E101,2026-07-02 22:57:32,Phone,No Answer,2026-07-06,Manual
A0000578,L000223,E101,2026-07-08 22:57:32,Phone,Sample Requested,,CRM
A0000579,L000223,E101,2026-07-11 02:57:32,Zalo,Follow-up Later,2026-07-19,Manual
A0000580,L000223,E101,2026-07-18 03:57:32,Zalo,Requested Quote,2026-07-25,Email Sync
A0000581,L000224,E103,2026-06-30 05:56:41,Phone,Connected,2026-07-01,CRM
A0000582,L000224,E103,2026-07-07 06:56:41,Phone,No Answer,,Email Sync
A0000583,L000224,E103,2026-07-08 10:56:41,Zalo,Requested Quote,,CRM
A0000584,L000224,E103,2026-07-10 14:56:41,Email,Follow-up Later,2026-07-14,CRM
A0000585,L000224,E103,2026-07-11 17:56:41,Zalo,Sample Requested,2026-07-20,Manual
A0000586,L000225,E103,2026-07-03 02:15:07,Email,Connected,2026-07-06,Email Sync
A0000587,L000226,E101,2026-07-06 21:24:31,Phone,No Answer,2026-07-08,Email Sync
A0000588,L000226,E101,2026-07-09 00:24:31,Zalo,Technical Review,2026-07-11,Manual
A0000589,L000226,E101,2026-07-13 00:24:31,Email,Requested Quote,,Manual
A0000590,L000226,E101,2026-07-20 04:24:31,Phone,No Answer,2026-07-25,Manual
A0000591,L000226,E101,2026-07-21 06:24:31,Phone,Technical Review,2026-07-26,Email Sync
A0000592,L000227,E103,2026-07-08 22:17:41,Email,No Answer,2026-07-12,Email Sync
A0000593,L000228,E103,2026-07-13 22:09:39,Phone,Connected,2026-07-14,CRM
A0000594,L000229,E103,2026-07-16 03:08:41,Zalo,,2026-07-20,Manual
A0000595,L000230,E101,2026-07-15 21:32:21,Email,Connected,2026-07-17,Manual
A0000596,L000231,E101,2026-07-22 04:48:37,Phone,No Answer,2026-07-23,CRM
A0000597,L000231,E101,2026-07-27 04:48:37,Meeting,Sample Requested,2026-08-03,CRM
A0000598,L000232,E103,2026-07-21 13:25:14,Phone,No Answer,2026-07-22,CRM
A0000599,L000232,E103,2026-07-25 13:25:14,Zalo,Sample Requested,,Manual
A0000600,L000232,E103,2026-08-01 14:25:14,Zalo,Technical Review,2026-08-09,CRM
A0000601,L000233,E101,2026-07-26 17:40:37,Email,No Answer,2026-07-27,CRM
A0000602,L000233,E101,2026-08-01 21:40:37,Zalo,No Answer,,Email Sync
A0000603,L000233,E101,2026-08-07 21:40:37,Zalo,No Answer,,CRM
A0000604,L000233,E101,2026-08-11 23:40:37,Meeting,Closed Lost,2026-08-20,Email Sync
A0000605,L000233,E101,2026-08-16 02:40:37,Phone,No Answer,2026-08-24,Manual
A0000606,L000234,E101,2026-07-30 04:49:16,Email,Connected,2026-08-01,CRM
A0000607,L000235,E102,2026-07-30 20:26:09,Phone,Connected,2026-08-02,Manual
A0000608,L000236,E103,2026-08-02 00:04:15,Phone,Connected,2026-08-04,Manual
A0000609,L000236,E103,2026-08-04 00:04:15,Phone,Sample Requested,2026-08-06,Manual
A0000610,L000236,E103,2026-08-11 04:04:15,Zalo,Technical Review,2026-08-17,Email Sync
A0000611,L000236,E103,2026-08-17 05:04:15,Zalo,Requested Quote,,Manual
A0000612,L000237,E102,2026-08-03 23:07:25,Email,No Answer,2026-08-07,Email Sync
A0000613,L000237,E102,2026-08-10 04:07:25,Phone,No Answer,2026-08-17,CRM
A0000614,L000238,E101,2026-08-08 21:28:44,Email,Connected,2026-08-11,Manual
A0000615,L000238,E101,2026-08-10 21:28:44,Email,Follow-up Later,2026-08-18,CRM
A0000616,L000238,E101,2026-08-16 01:28:44,Zalo,Connected,2026-08-24,CRM
A0000617,L000239,E102,10/08/2026 22:16,Email,Connected,2026-08-13,Email Sync
A0000618,L000240,E102,2026-08-10 17:24:34,Email,Connected,2026-08-14,Manual
A0000619,L000240,E102,2026-08-13 18:24:34,Email,Technical Review,2026-08-18,CRM
A0000620,L000241,E101,2026-08-25 07:38:28,Email,Connected,2026-08-28,Manual
A0000621,L000241,E101,2026-08-28 09:38:28,Email,No Answer,2026-09-05,Email Sync
A0000622,L000242,E102,2026-08-27 06:10:38,Phone,Connected,2026-08-29,CRM
A0000623,L000243,E103,2025-04-20 17:03:33,Zalo,Connected,2025-04-23,CRM
A0000624,L000244,E103,2025-04-22 03:35:40,Email,Connected,2025-04-24,Email Sync
A0000625,L000244,E103,2025-04-23 05:35:40,Email,Closed Lost,2025-04-26,CRM
A0000626,L000245,E102,2025-04-30 13:25:02,Phone,Connected,2025-05-04,Email Sync
A0000627,L000245,E102,2025-05-05 13:25:02,Phone,Technical Review,2025-05-11,CRM
A0000628,L000245,E102,2025-05-06 14:25:02,Meeting,Technical Review,2025-05-15,Manual
A0000629,L000246,E101,2025-05-01 03:37:05,Email,Connected,2025-05-02,Email Sync
A0000630,L000247,E102,2025-05-04 07:42:00,Zalo,Connected,2025-05-06,Manual
A0000631,L000248,E103,2025-05-07 21:27:46,Zalo,Connected,2025-05-10,CRM
A0000632,L000248,E103,2025-05-11 22:27:46,Zalo,Closed Lost,2025-05-19,Email Sync
A0000633,L000248,E103,2025-05-19 00:27:46,Meeting,Requested Quote,2025-05-24,CRM
A0000634,L000248,E103,2025-05-24 02:27:46,Phone,Technical Review,2025-05-30,CRM
A0000635,L000249,E102,2025-05-19 21:04:43,Zalo,Connected,2025-05-21,Email Sync
A0000636,L000249,E102,2025-05-22 21:04:43,Phone,Closed Lost,2025-05-25,CRM
A0000637,L000249,E102,2025-05-30 00:04:43,Email,No Answer,2025-06-05,Manual
A0000638,L000249,E102,2025-06-01 04:04:43,Email,Connected,2025-06-05,Email Sync
A0000639,L000249,E102,2025-06-06 06:04:43,Zalo,Connected,,Email Sync
A0000640,L000250,E101,2025-05-28 04:31:42,Email,Voicemail,2025-05-30,CRM
A0000641,L000250,E101,2025-05-30 05:31:42,Email,Closed Lost,2025-06-01,Manual
A0000642,L000251,E102,2025-05-30 20:53:43,Phone,No Answer,2025-06-03,Email Sync
A0000643,L000252,E103,2025-06-08 09:18:10,Phone,Connected,2025-06-10,Email Sync
A0000644,L000252,E103,2025-06-10 09:18:10,Email,Closed Lost,2025-06-18,Manual
A0000645,L000252,E103,2025-06-15 13:18:10,Zalo,Connected,2025-06-18,Email Sync
A0000646,L000252,E103,2025-06-16 18:18:10,Email,Closed Lost,,Manual
A0000647,L000253,E101,2025-06-22 23:40:13,Phone,Connected,2025-06-26,Email Sync
A0000648,L000254,E103,2025-06-20 05:04:06,Email,Connected,2025-06-22,Email Sync
A0000649,L000254,E103,2025-06-22 07:04:06,Email,Requested Quote,2025-06-27,CRM
A0000650,L000254,E103,2025-06-23 10:04:06,Email,No Answer,2025-07-01,Email Sync
A0000651,L000254,E103,2025-06-24 12:04:06,Email,Technical Review,2025-07-03,Email Sync
A0000652,L000254,E103,2025-06-29 16:04:06,Phone,Requested Quote,2025-07-08,Email Sync
A0000653,L000255,E102,2025-06-22 05:09:38,Zalo,Connected,2025-06-26,Manual
A0000654,L000255,E102,2025-06-26 09:09:38,Email,Follow-up Later,2025-07-05,Email Sync
A0000655,L000255,E102,2025-06-27 11:09:38,Phone,Connected,2025-07-06,Manual
A0000656,L000256,E101,2025-06-28 11:33:29,Phone,Connected,2025-06-30,CRM
A0000657,L000256,E101,2025-07-04 15:33:29,Email,Sample Requested,2025-07-08,Email Sync
A0000658,L000256,E101,2025-07-09 17:33:29,Email,Follow-up Later,2025-07-13,CRM
A0000659,L000256,E101,2025-07-15 22:33:29,Meeting,Sample Requested,2025-07-18,Manual
A0000660,L000257,E101,2025-07-02 17:41:39,Phone,Connected,2025-07-06,CRM
A0000661,L000257,E101,2025-07-09 18:41:39,Meeting,Connected,2025-07-15,Email Sync
A0000662,L000258,E103,2025-07-08 21:04:08,Phone,Connected,2025-07-12,Email Sync
A0000663,L000259,E102,2025-07-09 12:00:34,Phone,,2025-07-13,Manual
A0000664,L000259,E102,2025-07-12 12:00:34,Meeting,No Answer,2025-07-15,CRM
A0000665,L000259,E102,2025-07-17 15:00:34,Meeting,Connected,2025-07-26,Manual
A0000666,L000260,E102,2025-07-16 18:57:11,Phone,Invalid Contact,2025-07-18,Email Sync
A0000667,L000260,E102,2025/07/18 22:57,Email,Follow-up Later,2025-07-25,CRM
A0000668,L000260,E102,2025-07-25 00:57:11,Email,Technical Review,2025-07-28,Email Sync
A0000669,L000261,E101,2025-07-27 20:37:35,Phone,Connected,2025-07-29,CRM
A0000670,L000262,E101,2025-07-29 21:22:09,Email,Connected,2025-07-31,Email Sync
A0000671,L000262,E101,2025-08-04 22:22:09,Meeting,Connected,,Email Sync
A0000672,L000262,E101,2025-08-08 00:22:09,Meeting,Requested Quote,2025-08-16,Email Sync
A0000673,L000262,E101,2025-08-14 04:22:09,Meeting,No Answer,2025-08-19,Email Sync
A0000674,L000262,E101,2025-08-21 04:22:09,Email,Technical Review,2025-08-27,CRM
A0000675,L000263,E103,2025-08-02 22:13:46,Phone,Connected,2025-08-03,CRM
A0000676,L000263,E103,2025-08-06 23:13:46,Phone,Follow-up Later,2025-08-11,Manual
A0000677,L000263,E103,2025-08-13 02:13:46,Phone,Connected,2025-08-22,Manual
A0000678,L000263,E103,2025-08-19 04:13:46,Email,Requested Quote,,Manual
A0000679,L000264,E103,2025-08-08 14:18:58,Phone,Connected,2025-08-10,Manual
A0000680,L000264,E103,2025-08-09 16:18:58,Meeting,Connected,2025-08-13,CRM
A0000681,L000264,E103,2025-08-15 16:18:58,Zalo,Connected,2025-08-22,Email Sync
A0000682,L000265,E102,2025-08-12 09:50:44,Email,No Answer,2025-08-15,Manual
A0000683,L000265,E102,2025-08-17 09:50:44,Email,Technical Review,2025-08-19,CRM
A0000684,L000266,E101,2025-08-14 01:27:44,Email,Voicemail,2025-08-18,CRM
A0000685,L000267,E103,2025-08-14 19:14:06,Phone,Connected,2025-08-18,Manual
A0000686,L000268,E103,2025-08-18 08:55:20,Email,Connected,2025-08-21,Manual
A0000687,L000269,E101,22/08/2025 19:42,Phone,Voicemail,2025-08-26,Manual
A0000688,L000270,E101,2025-08-23 06:00:24,Phone,Connected,2025-08-25,Manual
A0000689,L000270,E101,2025-08-29 07:00:24,Email,No Answer,2025-09-03,Manual
A0000690,L000270,E101,2025-09-05 09:00:24,Email,Technical Review,2025-09-10,CRM
A0000691,L000270,E101,2025-09-09 10:00:24,Meeting,Requested Quote,2025-09-13,Manual
A0000692,L000270,E101,2025-09-11 15:00:24,Phone,No Answer,2025-09-17,Manual
A0000693,L000271,E103,2025-08-23 03:29:57,Email,Connected,2025-08-27,CRM
A0000694,L000272,E101,2025-08-24 17:40:34,Email,,2025-08-26,Email Sync
A0000695,L000272,E101,2025-08-26 22:40:34,Zalo,Sample Requested,2025-08-28,Email Sync
A0000696,L000272,E101,2025-08-31 22:40:34,Email,No Answer,2025-09-04,Email Sync
A0000697,L000273,E102,2025-08-25 12:17:26,Email,No Answer,2025-08-27,CRM
A0000698,L000273,E102,2025-08-27 12:17:26,Email,No Answer,2025-09-02,CRM
A0000699,L000273,E102,2025-09-02 17:17:26,Email,Connected,2025-09-09,Manual
A0000700,L000273,E102,2025-09-08 20:17:26,Meeting,Connected,2025-09-15,CRM
A0000701,L000274,E101,2025-08-28 01:06:56,Phone,Connected,2025-08-29,Manual
A0000702,L000275,E102,2025-08-28 04:38:21,Phone,Connected,2025-09-01,Manual
A0000703,L000275,E102,2025-09-01 04:38:21,Phone,Closed Lost,,Manual
A0000704,L000275,E102,2025-09-05 09:38:21,Email,Connected,2025-09-12,CRM
A0000705,L000276,E101,2025-09-04 22:12:18,Email,Invalid Contact,2025-09-07,Email Sync
A0000706,L000276,E101,2025-09-12 00:12:18,Email,Connected,2025-09-17,Email Sync
A0000707,L000277,E102,2025-09-04 05:38:26,Phone,Connected,2025-09-05,CRM
A0000708,L000277,E102,2025-09-11 08:38:26,Phone,Connected,2025-09-20,CRM
A0000709,L000278,E102,2025-09-10 01:24:48,Email,Connected,2025-09-13,Email Sync
A0000710,L000278,E102,2025-09-15 03:24:48,Meeting,Sample Requested,2025-09-23,Manual
A0000711,L000279,E103,2025-09-22 15:00:36,Email,Connected,2025-09-23,Manual
A0000712,L000280,E101,2025-10-04 02:15:59,Email,Connected,2025-10-05,Email Sync
A0000713,L000280,E101,2025-10-11 02:15:59,Phone,Requested Quote,2025-10-19,Email Sync
A0000714,L000281,E103,2025-10-07 19:37:35,Phone,Connected,2025-10-11,Email Sync
A0000715,L000281,E103,2025-10-08 20:37:35,Meeting,Follow-up Later,2025-10-12,CRM
A0000716,L000282,E101,2025-10-11 17:31:31,Phone,No Answer,2025-10-12,CRM
A0000717,L000283,E103,2025-10-16 01:49:33,Zalo,No Answer,2025-10-20,Manual
A0000718,L000284,E103,2025-10-22 18:24:53,Phone,Connected,2025-10-26,CRM
A0000719,L000284,E103,2025-10-25 21:24:53,Phone,Sample Requested,2025-10-30,Manual
A0000720,L000284,E103,2025-11-02 00:24:53,Meeting,Sample Requested,2025-11-11,Email Sync
A0000721,L000284,E103,2025-11-07 01:24:53,Email,Connected,2025-11-10,Manual
A0000722,L000284,E103,2025-11-11 06:24:53,Zalo,Connected,2025-11-18,Manual
A0000723,L000285,E101,2025-11-06 22:17:56,Zalo,No Answer,2025-11-08,CRM
A0000724,L000285,E101,2025-11-11 03:17:56,Email,No Answer,2025-11-19,Email Sync
A0000725,L000285,E101,2025-11-13 07:17:56,Meeting,Requested Quote,,Manual
A0000726,L000286,E101,2025-11-11 23:43:47,Phone,Connected,2025-11-14,Email Sync
A0000727,L000286,E101,2025-11-17 02:43:47,Meeting,Follow-up Later,2025-11-22,Manual
A0000728,L000286,E101,2025-11-22 04:43:47,Email,Closed Lost,2025-11-27,Email Sync
A0000729,L000286,E101,2025-11-29 08:43:47,Zalo,Sample Requested,2025-12-06,CRM
A0000730,L000286,E101,2025-11-30 09:43:47,Zalo,Follow-up Later,2025-12-04,Manual
A0000731,L000287,E101,2025-11-14 09:46:16,Phone,No Answer,2025-11-15,Manual
A0000732,L000288,E101,2025-11-27 07:06:24,Email,Connected,2025-12-01,Manual
A0000733,L000288,E101,2025-12-04 10:06:24,Email,Follow-up Later,2025-12-13,Manual
A0000734,L000289,E103,2025-12-02 06:58:39,Phone,Connected,2025-12-05,CRM
A0000735,L000289,E103,2025-12-09 09:58:39,Email,Connected,2025-12-11,Manual
A0000736,L000289,E103,2025-12-12 14:58:39,Phone,Connected,2025-12-15,Manual
A0000737,L000289,E103,2025-12-16 19:58:39,Email,Technical Review,2025-12-22,Email Sync
A0000738,L000290,E101,2025-12-06 08:48:48,Phone,Connected,2025-12-07,Email Sync
A0000739,L000290,E101,2025-12-12 10:48:48,Meeting,Connected,2025-12-19,CRM
A0000740,L000291,E103,2025-12-10 11:35:40,Zalo,Connected,2025-12-13,CRM
A0000741,L000291,E103,2025-12-13 13:35:40,Meeting,Connected,2025-12-16,CRM
A0000742,L000291,E103,2025-12-18 17:35:40,Meeting,Connected,2025-12-27,CRM
A0000743,L000292,E102,2025-12-16 23:34:33,Zalo,Connected,2025-12-17,Email Sync
A0000744,L000292,E102,2025-12-21 04:34:33,Meeting,Connected,2025-12-27,Email Sync
A0000745,L000293,E101,2025-12-15 22:36:41,Email,Connected,2025-12-17,Manual
A0000746,L000294,E102,2025-12-17 12:19:03,Phone,Connected,2025-12-20,CRM
A0000747,L000295,E102,2025-12-21 13:16:13,Email,Connected,2025-12-25,CRM
A0000748,L000295,E102,2025-12-27 16:16:13,Email,Requested Quote,2026-01-01,Manual
A0000749,L000296,E101,2025-12-26 17:47:09,Zalo,Connected,2025-12-29,Email Sync
A0000750,L000296,E101,2026-01-01 19:47:09,Meeting,Connected,2026-01-03,Manual
A0000751,L000296,E101,2026-01-03 19:47:09,Email,No Answer,2026-01-12,CRM
A0000752,L000297,E101,2026-01-01 10:00:24,Phone,Connected,2026-01-05,CRM
A0000753,L000297,E101,2026-01-05 15:00:24,Email,Connected,2026-01-10,CRM
A0000754,L000297,E101,2026-01-06 15:00:24,Zalo,Connected,2026-01-13,Email Sync
A0000755,L000297,E101,2026-01-12 20:00:24,Email,Technical Review,2026-01-20,Email Sync
A0000756,L000297,E101,2026-01-17 23:00:24,Meeting,Connected,2026-01-22,Email Sync
A0000757,L000298,E103,2026-01-12 01:57:57,Zalo,Connected,2026-01-15,Email Sync
A0000758,L000298,E103,2026-01-16 02:57:57,Email,No Answer,2026-01-21,Email Sync
A0000759,L000299,E102,2026-01-13 19:50:03,Phone,Voicemail,2026-01-15,Manual
A0000760,L000300,E102,2026-01-18 07:14:28,Email,Connected,2026-01-20,Manual
A0000761,L000301,E102,2026-01-20 06:46:02,Phone,Connected,2026-01-24,Manual
A0000762,L000301,E102,2026-01-25 09:46:02,Zalo,No Answer,2026-02-02,CRM
A0000763,L000301,E102,2026-01-26 13:46:02,Email,Requested Quote,2026-02-04,Manual
A0000764,L000301,E102,2026-01-30 15:46:02,Email,No Answer,2026-02-06,CRM
A0000765,L000301,E102,2026-02-04 16:46:02,Email,No Answer,2026-02-08,CRM
A0000766,L000302,E101,2026-01-22 22:12:41,Phone,No Answer,2026-01-23,Manual
A0000767,L000302,E101,2026-01-26 00:12:41,Phone,No Answer,,Manual
A0000768,L000302,E101,2026-01-28 03:12:41,Phone,Follow-up Later,,Manual
A0000769,L000303,E102,2026-01-23 17:55:11,Email,Connected,2026-01-24,CRM
A0000770,L000304,E103,2026-02-21 23:20:27,Zalo,Invalid Contact,2026-02-23,CRM
A0000771,L000305,E101,2026-03-10 12:03:34,Zalo,Connected,2026-03-13,Email Sync
A0000772,L000305,E101,2026-03-14 16:03:34,Email,Follow-up Later,,CRM
A0000773,L000306,E101,2026-03-09 18:32:05,Email,Connected,2026-03-10,Manual
A0000774,L000306,E101,2026-03-13 20:32:05,Zalo,Follow-up Later,2026-03-17,CRM
A0000775,L000307,E101,2026-03-10 01:59:51,Email,Connected,2026-03-12,CRM
A0000776,L000308,E101,2026-03-13 10:20:21,Phone,Connected,2026-03-16,Email Sync
A0000777,L000308,E101,2026-03-17 14:20:21,Email,No Answer,2026-03-26,Email Sync
A0000778,L000308,E101,2026-03-20 16:20:21,Email,Connected,2026-03-29,Manual
A0000779,L000308,E101,2026-03-25 20:20:21,Phone,Requested Quote,,Email Sync
A0000780,L000309,E103,2026-03-15 03:09:04,Email,Connected,2026-03-17,Manual
A0000781,L000309,E103,2026-03-21 06:09:04,Meeting,Closed Lost,,Manual
A0000782,L000309,E103,2026-03-28 11:09:04,Phone,Requested Quote,,Manual
A0000783,L000309,E103,2026-04-01 14:09:04,Email,Technical Review,,CRM
A0000784,L000310,E103,2026-03-17 02:55:12,Zalo,No Answer,2026-03-19,CRM
A0000785,L000310,E103,2026-03-24 03:55:12,Phone,Connected,2026-03-30,Email Sync
A0000786,L000311,E102,2026-03-21 04:39:18,Email,Connected,2026-03-23,Email Sync
A0000787,L000312,E102,2026-03-24 17:36:20,Email,Connected,2026-03-25,Manual
A0000788,L000313,E103,2026-03-28 19:54:03,Phone,No Answer,2026-03-30,CRM
A0000789,L000313,E103,2026-03-30 19:54:03,Meeting,Follow-up Later,2026-04-01,Email Sync
A0000790,L000313,E103,2026-04-02 00:54:03,Email,Closed Lost,,CRM
A0000791,L000314,E102,2026-03-30 00:40:23,Zalo,Connected,2026-03-31,CRM
A0000792,L000315,E103,2026-04-05 11:20:29,Phone,Connected,2026-04-08,Email Sync
A0000793,L000315,E103,2026-04-08 12:20:29,Phone,No Answer,2026-04-16,Manual
A0000794,L000316,E103,2026-04-04 04:53:41,Email,Connected,2026-04-06,Email Sync
A0000795,L000316,E103,2026-04-06 07:53:41,Email,Connected,2026-04-09,CRM
A0000796,L000316,E103,2026-04-07 07:53:41,Zalo,No Answer,2026-04-12,Email Sync
A0000797,L000317,E102,2026-04-03 23:09:03,Email,Connected,2026-04-07,Manual
A0000798,L000317,E102,2026-04-09 04:09:03,Email,Sample Requested,2026-04-18,Email Sync
A0000799,L000317,E102,13/04/2026 05:09,Zalo,Requested Quote,2026-04-19,Manual
A0000800,L000317,E102,2026-04-14 05:09:03,Meeting,No Answer,2026-04-19,Manual
A0000801,L000318,E103,2026-04-04 03:37:00,Phone,Connected,2026-04-08,Email Sync
A0000802,L000318,E103,2026-04-10 07:37:00,Email,Technical Review,,Email Sync
A0000803,L000319,E103,2026-04-07 09:56:09,Zalo,Connected,2026-04-10,Manual
A0000804,L000319,E103,2026-04-09 10:56:09,Zalo,Technical Review,2026-04-16,CRM
A0000805,L000320,E102,2026-11-05 08:13:55,Email,No Answer,2026-11-06,Email Sync
A0000806,L000321,E102,2026-04-15 17:04:15,Phone,Connected,2026-04-17,Manual
A0000807,L000321,E102,2026-04-19 22:04:15,Email,Technical Review,2026-04-22,Email Sync
A0000808,L000322,E101,2026-04-18 22:46:24,Phone,Voicemail,2026-04-20,Email Sync
A0000809,L000323,E101,2026-04-21 22:06:27,Zalo,Connected,2026-04-23,Email Sync
A0000810,L000323,E101,2026-04-27 22:06:27,Zalo,Connected,2026-05-06,CRM
A0000811,L000323,E101,2026-05-04 01:06:27,Email,Technical Review,2026-05-08,CRM
A0000812,L000324,E102,2026-04-24 17:03:35,Zalo,Connected,2026-04-26,Email Sync
A0000813,L000324,E102,2026-04-30 17:03:35,Email,Connected,2026-05-05,CRM
A0000814,L000325,E103,2026-04-27 20:26:34,Phone,Voicemail,2026-04-29,CRM
A0000815,L000325,E103,2026-05-02 21:26:34,Zalo,Follow-up Later,2026-05-09,Manual
A0000816,L000325,E103,2026-05-07 23:26:34,Phone,Connected,2026-05-13,Email Sync
A0000817,L000326,E103,2026-05-03 01:50:32,Email,Connected,2026-05-05,CRM
A0000818,L000327,E102,2026-05-14 23:06:03,Zalo,Connected,2026-05-15,CRM
A0000819,L000327,E102,2026-05-17 03:06:03,Email,,2026-05-21,Manual
A0000820,L000327,E102,2026-05-23 03:06:03,Phone,Requested Quote,2026-05-25,Manual
A0000821,L000328,E101,2026-05-17 16:41:50,Email,Invalid Contact,2026-05-20,CRM
A0000822,L000328,E101,2026-05-19 20:41:50,Zalo,No Answer,2026-05-23,Email Sync
A0000823,L000329,E102,2026-05-19 23:31:59,Phone,Connected,2026-05-21,Email Sync
A0000824,L000329,E102,2026-05-25 04:31:59,Phone,Requested Quote,2026-05-31,Email Sync
A0000825,L000330,E102,2026-05-27 14:13:37,Phone,Connected,2026-05-28,Manual
A0000826,L000331,E102,2026-05-28 19:45:01,Email,Connected,2026-05-30,CRM
A0000827,L000331,E102,2026-05-31 20:45:01,Zalo,Follow-up Later,2026-06-04,CRM
A0000828,L000331,E102,2026-06-08 01:45:01,Phone,,,Manual
A0000829,L000331,E102,2026-06-13 06:45:01,Email,Follow-up Later,2026-06-22,CRM
A0000830,L000331,E102,2026-06-15 06:45:01,Email,,2026-06-22,Email Sync
A0000831,L000332,E103,2026-06-04 15:43:57,Phone,Connected,2026-06-08,Manual
A0000832,L000333,E103,2026-06-06 04:10:28,Zalo,Connected,2026-06-09,CRM
A0000833,L000334,E101,2026-06-11 23:44:10,Zalo,No Answer,2026-06-12,Manual
A0000834,L000335,E103,2026-06-12 23:47:01,Phone,Connected,2026-06-13,Manual
A0000835,L000335,E103,2026-06-17 01:47:01,Phone,Requested Quote,2026-06-25,Email Sync
A0000836,L000335,E103,2026-06-22 01:47:01,Email,,2026-06-24,Manual
A0000837,L000336,E101,2026-06-14 01:12:31,Email,Connected,2026-06-18,CRM
A0000838,L000336,E101,2026-06-17 01:12:31,Email,,2026-06-21,Manual
A0000839,L000336,E101,2026-06-22 02:12:31,Email,No Answer,2026-06-27,CRM
A0000840,L000337,E102,2026-06-15 12:43:00,Phone,Connected,2026-06-17,CRM
A0000841,L000337,E102,2026-06-20 15:43:00,Email,Requested Quote,2026-06-22,Email Sync
A0000842,L000337,E102,2026-06-26 20:43:00,Phone,Technical Review,2026-07-05,Email Sync
A0000843,L000337,E102,2026-07-01 21:43:00,Email,Sample Requested,2026-07-08,Manual
A0000844,L000338,E102,2026-06-18 17:00:05,Phone,No Answer,2026-06-20,CRM
A0000845,L000338,E102,2026-06-25 20:00:05,Phone,Sample Requested,2026-06-29,Email Sync
A0000846,L000338,E102,2026-06-29 22:00:05,Phone,,2026-07-03,Manual
A0000847,L000338,E102,2026-07-03 02:00:05,Phone,Requested Quote,2026-07-07,CRM
A0000848,L000338,E102,2026-07-05 05:00:05,Email,Follow-up Later,,Email Sync
A0000849,L000339,E103,2026-06-18 12:37:14,Zalo,Connected,2026-06-20,Manual
A0000850,L000340,E101,2026-06-20 16:02:26,Phone,Voicemail,2026-06-23,CRM
A0000851,L000340,E101,2026-06-25 19:02:26,Email,Connected,2026-06-30,Email Sync
A0000852,L000341,E101,2026-06-24 01:03:14,Email,Connected,2026-06-27,Email Sync
A0000853,L000342,E102,2026-06-24 14:42:47,Zalo,Connected,2026-06-25,Email Sync
A0000854,L000342,E102,2026-06-27 14:42:47,Email,Technical Review,2026-07-03,Email Sync
A0000855,L000343,E101,01/07/2026 20:28,Email,Connected,2026-07-05,Email Sync
A0000856,L000343,E101,2026-07-08 01:28:58,Email,Technical Review,2026-07-17,CRM
A0000857,L000343,E101,2026-07-11 06:28:58,Meeting,Sample Requested,2026-07-13,CRM
A0000858,L000343,E101,2026-07-12 10:28:58,Email,No Answer,2026-07-18,Email Sync
A0000859,L000344,E103,2025-01-06 06:57:55,Email,Connected,2025-01-09,Manual
A0000860,L000344,E103,2025-01-13 07:57:55,Email,Sample Requested,,Email Sync
A0000861,L000344,E103,2025-01-16 08:57:55,Meeting,Closed Lost,2025-01-20,Manual
A0000862,L000345,E103,2025-01-17 03:48:23,Email,Connected,2025-01-18,CRM
A0000863,L000345,E103,2025-01-20 08:48:23,Email,Closed Lost,2025-01-29,CRM
A0000864,L000346,E101,2025-01-29 00:14:21,Email,Connected,2025-01-30,Manual
A0000865,L000346,E101,2025-02-03 03:14:21,Email,No Answer,,Email Sync
A0000866,L000346,E101,2025-02-05 08:14:21,Meeting,Connected,2025-02-13,Manual
A0000867,L000346,E101,2025-02-09 09:14:21,Meeting,Follow-up Later,2025-02-12,Email Sync
A0000868,L000346,E101,2025-02-11 09:14:21,Email,Technical Review,2025-02-14,Manual
A0000869,L000347,E103,2025-01-30 16:12:40,Zalo,,2025-02-02,CRM
A0000870,L000348,E102,2025-01-31 07:08:20,Zalo,Connected,2025-02-03,Email Sync
A0000871,L000348,E102,2025-02-07 11:08:20,Zalo,Connected,2025-02-15,Email Sync
A0000872,L000349,E103,2025-02-21 21:14:35,Email,No Answer,2025-02-25,CRM
A0000873,L000349,E103,2025-02-28 23:14:35,Meeting,Closed Lost,2025-03-02,Email Sync
A0000874,L000349,E103,2025-03-07 00:14:35,Email,Requested Quote,2025-03-12,Manual
A0000875,L000349,E103,2025-03-11 04:14:35,Email,No Answer,2025-03-18,CRM
A0000876,L000350,E103,2025-02-22 20:22:32,Phone,Connected,2025-02-25,Manual
A0000877,L000350,E103,2025-02-23 23:22:32,Meeting,No Answer,2025-02-26,Manual
A0000878,L000351,E101,2025-02-24 18:41:11,Zalo,Connected,2025-02-27,Email Sync
A0000879,L000351,E101,2025-03-01 19:41:11,Phone,Follow-up Later,2025-03-03,Manual
A0000880,L000351,E101,2025-03-04 21:41:11,Meeting,Connected,,Manual
A0000881,L000351,E101,2025-03-10 21:41:11,Email,Closed Lost,2025-03-13,Manual
A0000882,L000351,E101,2025-03-12 21:41:11,Phone,No Answer,2025-03-21,CRM
A0000883,L000352,E103,2025-02-25 23:31:27,Email,Connected,2025-02-27,Email Sync
A0000884,L000352,E103,2025-03-01 00:31:27,Zalo,No Answer,2025-03-10,Email Sync
A0000885,L000352,E103,2025-03-06 02:31:27,Zalo,Sample Requested,2025-03-13,Manual
A0000886,L000352,E103,2025-03-10 04:31:27,Zalo,Requested Quote,2025-03-16,Email Sync
A0000887,L000353,E103,2025-03-04 04:09:21,Zalo,Connected,2025-03-06,Manual
A0000888,L000353,E103,2025-03-10 08:09:21,Meeting,Connected,2025-03-19,Manual
A0000889,L000354,E101,2025-03-22 12:07:01,Phone,No Answer,2025-03-25,Manual
A0000890,L000354,E101,2025-03-25 17:07:01,Email,No Answer,2025-03-29,CRM
A0000891,L000354,E101,2025-03-29 22:07:01,Zalo,No Answer,2025-04-07,CRM
A0000892,L000355,E101,2025-03-22 04:29:35,Zalo,Connected,2025-03-24,Email Sync
A0000893,L000355,E101,2025-03-23 08:29:35,Zalo,Sample Requested,,Email Sync
A0000894,L000356,E103,2025-03-27 04:00:38,Email,Connected,2025-03-30,Manual
A0000895,L000357,E103,2025-04-04 00:55:32,Zalo,Connected,2025-04-08,Email Sync
A0000896,L000357,E103,2025-04-08 01:55:32,Meeting,Requested Quote,2025-04-11,Email Sync
A0000897,L000357,E103,2025-04-10 02:55:32,Meeting,Technical Review,2025-04-13,Email Sync
A0000898,L000358,E102,2025-04-21 08:29:18,Email,Connected,2025-04-22,Manual
A0000899,L000358,E102,2025-04-24 13:29:18,Email,Connected,2025-04-28,Email Sync
A0000900,L000359,E103,2025-06-28 07:21:46,Zalo,,2025-07-02,Manual
A0000901,L000360,E102,2025-07-16 20:02:14,Phone,Connected,2025-07-17,Manual
A0000902,L000360,E102,2025-07-18 01:02:14,Phone,Sample Requested,2025-07-24,CRM
A0000903,L000360,E102,2025-07-25 03:02:14,Email,Requested Quote,2025-08-01,Manual
A0000904,L000360,E102,2025-07-27 07:02:14,Zalo,Connected,,Email Sync
A0000905,L000360,E102,2025-07-28 12:02:14,Email,No Answer,2025-08-01,Email Sync
A0000906,L000361,E103,2025-08-12 13:19:53,Phone,Connected,2025-08-14,Email Sync
A0000907,L000362,E101,2025-08-17 18:14:32,Email,Connected,2025-08-19,Email Sync
A0000908,L000362,E101,2025-08-22 21:14:32,Email,No Answer,2025-08-31,CRM
A0000909,L000362,E101,2025-08-27 22:14:32,Phone,Technical Review,2025-08-31,Manual
A0000910,L000362,E101,2025-09-03 02:14:32,Zalo,,2025-09-05,Manual
A0000911,L000362,E101,2025-09-09 03:14:32,Zalo,No Answer,2025-09-17,Manual
A0000912,L000363,E101,2025-08-21 21:31:54,Email,Connected,2025-08-23,CRM
A0000913,L000364,E102,2025-08-28 11:52:28,Zalo,Connected,2025-08-30,CRM
A0000914,L000364,E102,2025-09-04 12:52:28,Phone,No Answer,2025-09-09,Manual
A0000915,L000365,E101,2025-08-28 06:55:47,Phone,Voicemail,2025-09-01,CRM
A0000916,L000365,E101,2025-09-01 10:55:47,Zalo,Connected,2025-09-08,Manual
A0000917,L000366,E103,2025-09-08 12:51:42,Email,Connected,2025-09-09,Manual
A0000918,L000366,E103,2025-09-14 14:51:42,Meeting,Connected,2025-09-16,CRM
A0000919,L000366,E103,2025-09-16 14:51:42,Email,No Answer,2025-09-23,CRM
A0000920,L000366,E103,2025-09-21 15:51:42,Email,Connected,2025-09-24,Email Sync
A0000921,L000367,E102,2025-09-12 02:49:06,Phone,Connected,2025-09-14,CRM
A0000922,L000367,E102,2025-09-13 03:49:06,Email,Connected,2025-09-17,CRM
A0000923,L000367,E102,2025-09-15 04:49:06,Zalo,Sample Requested,2025-09-20,Email Sync
A0000924,L000367,E102,2025-09-19 08:49:06,Email,No Answer,,CRM
A0000925,L000367,E102,2025-09-24 10:49:06,Meeting,No Answer,2025-09-26,CRM
A0000926,L000368,E101,2025-09-19 08:09:06,Zalo,No Answer,2025-09-23,Email Sync
A0000927,L000368,E101,2025-09-26 10:09:06,Email,Connected,2025-10-05,CRM
A0000928,L000369,E103,2025-09-23 22:00:11,Phone,Connected,2025-09-26,Manual
A0000929,L000369,E103,2025-09-29 02:00:11,Meeting,Follow-up Later,2025-10-01,Manual
A0000930,L000369,E103,2025-10-06 05:00:11,Meeting,Sample Requested,2025-10-12,Email Sync
A0000931,L000370,E103,2025-10-17 21:32:06,Phone,Connected,2025-10-20,CRM
A0000932,L000371,E103,2025-10-22 11:15:25,Phone,Connected,2025-10-23,CRM
A0000933,L000371,E103,2025-10-29 15:15:25,Zalo,Follow-up Later,2025-11-07,CRM
A0000934,L000371,E103,2025-11-03 18:15:25,Email,No Answer,2025-11-12,CRM
A0000935,L000372,E103,2025-11-07 04:24:31,Phone,Connected,2025-11-09,Manual
A0000936,L000373,E103,2025-11-13 18:27:23,Email,Connected,2025-11-14,Email Sync
A0000937,L000374,E101,2025-11-29 04:58:53,Phone,Connected,2025-12-03,CRM
A0000938,L000375,E103,2025-12-17 00:45:06,Email,Invalid Contact,2025-12-18,CRM
A0000939,L000375,E103,2025-12-19 00:45:06,Phone,No Answer,2025-12-25,Email Sync
A0000940,L000375,E103,2025-12-23 02:45:06,Zalo,Requested Quote,2025-12-29,Email Sync
A0000941,L000376,E102,2026-01-07 15:13:58,Phone,Connected,2026-01-09,Manual
A0000942,L000376,E102,2026-01-13 15:13:58,Meeting,Connected,2026-01-15,Email Sync
A0000943,L000376,E102,2026-01-19 17:13:58,Email,Connected,2026-01-25,CRM
A0000944,L000377,E103,2026-01-16 10:40:47,Phone,Connected,2026-01-20,Manual
A0000945,L000377,E103,2026-01-22 12:40:47,Meeting,Requested Quote,2026-01-27,CRM
A0000946,L000378,E101,2026-02-18 07:13:23,Email,Voicemail,2026-02-19,Email Sync
A0000947,L000378,E101,2026-02-24 09:13:23,Zalo,Connected,2026-02-26,CRM
A0000948,L000379,E103,2026-02-28 10:49:41,Email,Connected,2026-03-03,CRM
A0000949,L000379,E103,2026-03-04 12:49:41,Zalo,Requested Quote,2026-03-12,Email Sync
A0000950,L000379,E103,2026-03-09 12:49:41,Email,Requested Quote,2026-03-16,Manual
A0000951,L000379,E103,2026-03-14 17:49:41,Email,No Answer,2026-03-22,CRM
A0000952,L000380,E101,2026-03-05 11:29:02,Email,Connected,2026-03-07,Email Sync
A0000953,L000380,E101,2026/03/09 13:29,Email,Technical Review,2026-03-17,Email Sync
A0000954,L000380,E101,2026-03-12 14:29:02,Email,No Answer,2026-03-17,Email Sync
A0000955,L000380,E101,2026-03-15 15:29:02,Email,Requested Quote,2026-03-20,CRM
A0000956,L000380,E101,2026-03-16 16:29:02,Email,No Answer,2026-03-19,CRM
A0000957,L000381,E103,2026-03-09 04:34:25,Zalo,Connected,2026-03-12,Manual
A0000958,L000381,E103,2026-03-13 05:34:25,Meeting,Requested Quote,2026-03-19,Manual
A0000959,L000381,E103,2026-03-17 06:34:25,Zalo,Requested Quote,2026-03-20,Email Sync
A0000960,L000381,E103,2026-03-18 08:34:25,Zalo,Technical Review,2026-03-21,CRM
A0000961,L000381,E103,2026-03-21 10:34:25,Zalo,Technical Review,2026-03-26,Manual
A0000962,L000382,E101,2026-03-10 10:56:35,Phone,No Answer,2026-03-12,Email Sync
A0000963,L000382,E101,2026-03-13 14:56:35,Email,Connected,2026-03-15,Manual
A0000964,L000382,E101,2026-03-16 16:56:35,Zalo,Requested Quote,2026-03-20,Email Sync
A0000965,L000383,E103,2026-03-11 06:49:01,Phone,Connected,2026-03-13,Manual
A0000966,L000383,E103,2026-03-12 07:49:01,Email,Connected,2026-03-20,CRM
A0000967,L000383,E103,2026-03-17 10:49:01,Zalo,Connected,,CRM
A0000968,L000383,E103,2026-03-20 13:49:01,Email,No Answer,2026-03-22,CRM
A0000969,L000384,E101,2026-03-18 18:11:54,Email,Connected,2026-03-21,CRM
A0000970,L000385,E102,2026-03-19 22:34:00,Email,Connected,2026-03-21,Manual
A0000971,L000385,E102,2026-03-25 02:34:00,Email,Technical Review,2026-03-27,Manual
A0000972,L000385,E102,2026-03-31 02:34:00,Phone,Requested Quote,2026-04-06,Manual
A0000973,L000386,E102,2026-04-04 17:20:58,Zalo,Connected,2026-04-05,Email Sync
A0000974,L000387,E102,2026-04-04 17:22:24,Email,Connected,2026-04-06,Email Sync
A0000975,L000387,E102,2026-04-07 18:22:24,Email,Technical Review,2026-04-15,CRM
A0000976,L000387,E102,2026-04-13 21:22:24,Zalo,Connected,2026-04-17,CRM
A0000977,L000387,E102,2026-04-20 23:22:24,Phone,Follow-up Later,2026-04-28,Manual
A0000978,L000387,E102,2026-04-26 01:22:24,Zalo,Technical Review,2026-05-03,Manual
A0000979,L000388,E101,2026-04-03 23:12:56,Email,No Answer,2026-04-06,CRM
A0000980,L000389,E102,2026-04-08 07:16:24,Phone,Connected,2026-04-12,Manual
A0000981,L000389,E102,2026-04-14 09:16:24,Zalo,No Answer,2026-04-19,Email Sync
A0000982,L000389,E102,2026-04-15 09:16:24,Meeting,No Answer,2026-04-17,Email Sync
A0000983,L000390,E103,2026-04-11 20:13:03,Phone,Connected,2026-04-12,Email Sync
A0000984,L000390,E103,2026-04-13 00:13:03,Meeting,No Answer,,Manual
A0000985,L000391,E102,2026-04-16 13:25:06,Phone,Connected,2026-04-18,Manual
A0000986,L000391,E102,2026-04-21 18:25:06,Zalo,No Answer,2026-04-27,Email Sync
A0000987,L000391,E102,2026-04-23 21:25:06,Email,No Answer,2026-05-02,Email Sync
A0000988,L000392,E101,2026-05-06 12:51:39,Email,Connected,2026-05-09,CRM
A0000989,L000393,E101,2026-05-15 12:40:38,Phone,No Answer,2026-05-16,CRM
A0000990,L000393,E101,2026-05-16 17:40:38,Email,Requested Quote,2026-05-22,CRM
A0000991,L000394,E102,2026-05-16 18:56:27,Email,Connected,2026-05-17,Manual
A0000992,L000394,E102,2026-05-23 19:56:27,Zalo,Follow-up Later,2026-05-28,Email Sync
A0000993,L000394,E102,2026-05-27 22:56:27,Meeting,No Answer,,Email Sync
A0000994,L000395,E101,2026-05-20 22:40:40,Phone,Connected,2026-05-23,CRM
A0000995,L000396,E101,2026-05-23 04:36:22,Zalo,Connected,2026-05-27,Email Sync
A0000996,L000396,E101,2026-05-26 05:36:22,Email,Follow-up Later,2026-05-31,Email Sync
A0000997,L000397,E103,2026-05-22 20:06:24,Zalo,Connected,2026-05-26,Manual
A0000998,L000397,E103,2026-05-23 20:06:24,Email,No Answer,,Email Sync
A0000999,L000397,E103,2026-05-29 00:06:24,Email,Connected,2026-06-07,Email Sync
A0001000,L000398,E101,2026-05-29 20:03:37,Phone,Connected,2026-06-02,Manual
A0001001,L000398,E101,2026-06-05 23:03:37,Phone,Connected,2026-06-11,Email Sync
A0001002,L000399,E102,2026-06-03 22:23:44,Phone,Connected,2026-06-04,CRM
A0001003,L000399,E102,2026-06-11 00:23:44,Email,No Answer,2026-06-16,Manual
A0001004,L000399,E102,2026-06-12 05:23:44,Email,Connected,2026-06-21,CRM
A0001005,L000400,E102,2026-06-16 22:32:16,Phone,Voicemail,2026-06-20,Email Sync
A0001006,L000400,E102,2026-06-21 02:32:16,Email,Closed Lost,2026-06-30,Manual
A0001007,L000401,E101,2026-06-23 19:10:02,Zalo,Connected,2026-06-26,Email Sync
A0001008,L000401,E101,2026-06-27 23:10:02,Meeting,Requested Quote,,CRM
A0001009,L000402,E103,2026-06-28 04:47:01,Email,Connected,2026-07-02,Manual
A0001010,L000403,E101,2026-07-10 20:55:13,Email,Connected,2026-07-13,Manual
A0001011,L000403,E101,2026-07-13 01:55:13,Zalo,Connected,2026-07-18,CRM
A0001012,L000403,E101,2026-07-17 04:55:13,Zalo,No Answer,2026-07-24,Email Sync
A0001013,L000403,E101,2026-07-18 04:55:13,Email,Connected,2026-07-25,CRM
A0001014,L000404,E103,2026-07-13 19:48:38,Email,Voicemail,2026-07-15,Email Sync
A0001015,L000404,E103,2026-07-19 19:48:38,Phone,Connected,2026-07-26,Email Sync
A0001016,L000405,E102,2026-07-19 10:21:56,Email,Connected,2026-07-20,Email Sync
A0001017,L000405,E102,2026-07-23 10:21:56,Phone,No Answer,2026-07-28,CRM
A0001018,L000405,E102,2026-07-24 12:21:56,Email,Requested Quote,2026-07-31,Email Sync
A0001019,L000406,E101,2026-07-23 17:51:24,Phone,No Answer,2026-07-24,Manual
A0001020,L000407,E102,2026-07-27 02:49:02,Phone,Connected,2026-07-28,CRM
A0001021,L000407,E102,2026-07-29 05:49:02,Meeting,,2026-08-05,Email Sync
A0001022,L000408,E103,2026-07-28 01:43:57,Zalo,Connected,2026-07-29,Email Sync
A0001023,L000408,E103,2026-08-04 06:43:57,Phone,No Answer,2026-08-10,Manual
A0001024,L000408,E103,2026-08-11 10:43:57,Meeting,Technical Review,2026-08-20,Manual
A0001025,L000409,E103,2026-08-07 04:08:02,Zalo,Connected,2026-08-11,CRM
A0001026,L000410,E103,2026-08-06 19:16:05,Email,Connected,2026-08-07,CRM
A0001027,L000410,E103,2026-08-08 19:16:05,Email,Connected,2026-08-16,Email Sync
A0001028,L000410,E103,2026-08-12 20:16:05,Zalo,No Answer,2026-08-20,CRM
A0001029,L000410,E103,2026-08-17 22:16:05,Email,Technical Review,2026-08-19,Email Sync
A0001030,L000411,E101,2026-08-07 23:02:52,Phone,No Answer,2026-08-08,Email Sync
A0001031,L000412,E102,2026-08-14 23:28:49,Email,Voicemail,2026-08-17,Email Sync
A0001032,L000412,E102,2026-08-18 23:28:49,Phone,Follow-up Later,2026-08-21,CRM
A0001033,L000412,E102,2026-08-21 03:28:49,Zalo,Connected,2026-08-28,Manual
A0001034,L000413,E101,2026-08-17 22:55:21,Phone,No Answer,2026-08-19,CRM
A0001035,L000414,E101,2026-08-26 15:22:39,Email,Connected,2026-08-27,Manual
A0001036,L000414,E101,2026-08-27 18:22:39,Email,Sample Requested,2026-08-29,Manual
A0001037,L000414,E101,2026-08-30 22:22:39,Email,Closed Lost,2026-09-08,Email Sync
A0001038,L000415,E102,2025-03-04 02:39:38,Email,Connected,2025-03-05,CRM
A0001039,L000415,E102,2025-03-05 04:39:38,Meeting,Closed Lost,2025-03-10,Manual
A0001040,L000415,E102,2025-03-12 09:39:38,Zalo,Requested Quote,2025-03-20,CRM
A0001041,L000416,E101,2025-03-11 13:12:19,Email,,2025-03-14,Manual
A0001042,L000416,E101,2025-03-15 13:12:19,Email,Connected,2025-03-23,Email Sync
A0001043,L000416,E101,2025-03-21 17:12:19,Meeting,Follow-up Later,,CRM
A0001044,L000417,E102,2025-03-29 09:16:14,Phone,Invalid Contact,2025-03-30,Email Sync
A0001045,L000417,E102,2025-03-30 12:16:14,Zalo,Closed Lost,2025-04-08,CRM
A0001046,L000418,E102,2025-04-08 07:09:58,Phone,Connected,2025-04-09,Email Sync
A0001047,L000418,E102,2025-04-14 10:09:58,Meeting,Technical Review,2025-04-18,CRM
A0001048,L000418,E102,2025-04-16 12:09:58,Email,Technical Review,2025-04-22,Email Sync
A0001049,L000418,E102,2025-04-20 13:09:58,Meeting,No Answer,2025-04-26,Manual
A0001050,L000419,E103,2025-04-24 17:03:44,Phone,Connected,2025-04-26,Manual
A0001051,L000420,E101,2025-04-23 20:56:01,Email,Connected,2025-04-27,Email Sync
A0001052,L000420,E101,2025-04-25 21:56:01,Meeting,Sample Requested,2025-04-30,Email Sync
A0001053,L000420,E101,2025-04-30 01:56:01,Phone,Connected,,Email Sync
A0001054,L000420,E101,2025-05-01 01:56:01,Email,Connected,2025-05-09,Manual
A0001055,L000421,E101,2025-04-30 08:39:15,Zalo,No Answer,2025-05-03,Manual
A0001056,L000421,E101,2025-05-05 08:39:15,Zalo,Requested Quote,2025-05-09,Manual
A0001057,L000421,E101,2025-05-08 11:39:15,Zalo,Sample Requested,2025-05-10,Manual
A0001058,L000422,E103,2025-05-03 01:28:08,Phone,Connected,2025-05-06,Manual
A0001059,L000422,E103,2025-05-05 02:28:08,Zalo,Requested Quote,2025-05-11,CRM
A0001060,L000423,E101,2025-05-02 02:05:22,Zalo,Connected,2025-05-03,Manual
A0001061,L000423,E101,2025-05-04 03:05:22,Phone,No Answer,2025-05-07,CRM
A0001062,L000424,E103,2025-05-10 01:45:10,Email,Connected,2025-05-11,Manual
A0001063,L000424,E103,2025-05-15 02:45:10,Zalo,No Answer,2025-05-23,Manual
A0001064,L000424,E103,2025-05-16 02:45:10,Email,Requested Quote,2025-05-20,Manual
A0001065,L000425,E101,2025-05-16 19:37:14,Zalo,Connected,2025-05-19,CRM
A0001066,L000425,E101,2025-05-17 20:37:14,Email,Requested Quote,2025-05-21,CRM
A0001067,L000426,E101,2025-05-22 11:13:15,Email,Connected,2025-05-23,Manual
A0001068,L000426,E101,2025-05-29 15:13:15,Email,Follow-up Later,2025-05-31,Manual
A0001069,L000426,E101,2025-06-05 16:13:15,Email,Follow-up Later,,CRM
A0001070,L000426,E101,2025-06-07 21:13:15,Phone,Connected,2025-06-14,CRM
A0001071,L000426,E101,2025-06-14 02:13:15,Meeting,Technical Review,2025-06-17,CRM
A0001072,L000427,E103,2025-05-23 08:19:12,Email,Connected,2025-05-24,Manual
A0001073,L000427,E103,2025-05-24 08:19:12,Email,Connected,,Manual
A0001074,L000427,E103,2025-05-29 11:19:12,Zalo,Follow-up Later,,CRM
A0001075,L000428,E101,2025-05-27 03:52:50,Email,No Answer,2025-05-30,Manual
A0001076,L000428,E101,2025-06-02 05:52:50,Phone,No Answer,2025-06-06,Manual
A0001077,L000428,E101,2025/06/08 06:52,Zalo,Connected,2025-06-16,Email Sync
A0001078,L000428,E101,2025-06-11 09:52:50,Phone,Follow-up Later,2025-06-16,CRM
A0001079,L000428,E101,2025-06-14 13:52:50,Zalo,Connected,2025-06-17,CRM
A0001080,L000429,E102,2025-05-27 16:43:24,Phone,Invalid Contact,2025-05-29,CRM
A0001081,L000429,E102,2025-06-03 21:43:24,Email,No Answer,2025-06-06,Manual
A0001082,L000429,E102,2025-06-09 22:43:24,Phone,Sample Requested,2025-06-18,CRM
A0001083,L000430,E103,2025-06-07 18:03:02,Phone,Connected,2025-06-11,Manual
A0001084,L000430,E103,2025-06-09 21:03:02,Meeting,Closed Lost,2025-06-17,Email Sync
A0001085,L000430,E103,2025-06-17 01:03:02,Email,Technical Review,2025-06-22,Email Sync
A0001086,L000430,E103,2025-06-23 06:03:02,Meeting,Follow-up Later,,CRM
A0001087,L000431,E102,2025-06-12 15:07:37,Phone,Connected,2025-06-13,Email Sync
A0001088,L000431,E102,2025-06-15 18:07:37,Email,Closed Lost,,Manual
A0001089,L000432,E102,2025-06-26 03:58:13,Email,Connected,2025-06-27,Email Sync
A0001090,L000433,E101,2025-06-25 16:11:39,Phone,No Answer,2025-06-26,Email Sync
A0001091,L000433,E101,2025-06-28 16:11:39,Zalo,Connected,2025-07-05,Email Sync
A0001092,L000433,E101,2025-06-30 19:11:39,Phone,Follow-up Later,2025-07-06,CRM
A0001093,L000434,E101,2025-07-02 01:44:50,Phone,Connected,2025-07-03,Email Sync
A0001094,L000435,E103,2025-07-24 12:25:32,Phone,No Answer,2025-07-26,Manual
A0001095,L000436,E102,2025-08-01 21:11:39,Phone,Connected,2025-08-02,Manual
A0001096,L000437,E101,2025-09-10 00:09:30,Zalo,Connected,2025-09-14,CRM
A0001097,L000438,E101,2025-09-23 20:14:09,Email,Connected,2025-09-27,CRM
A0001098,L000438,E101,2025-09-27 00:14:09,Phone,Connected,2025-09-30,Manual
A0001099,L000438,E101,2025-09-29 04:14:09,Zalo,Connected,2025-10-02,CRM
A0001100,L000438,E101,2025-10-05 07:14:09,Zalo,Connected,2025-10-11,CRM
A0001101,L000438,E101,2025-10-09 07:14:09,Zalo,Follow-up Later,2025-10-14,Manual
A0001102,L000439,E102,2025-09-27 13:44:20,Phone,Connected,2025-09-29,Email Sync
A0001103,L000439,E102,2025-10-02 13:44:20,Email,Requested Quote,,Email Sync
A0001104,L000439,E102,2025-10-04 17:44:20,Meeting,Closed Lost,2025-10-09,Manual
A0001105,L000439,E102,2025-10-10 22:44:20,Email,Connected,2025-10-16,Manual
A0001106,L000440,E101,2025-10-05 18:47:59,Zalo,Connected,2025-10-07,Manual
A0001107,L000440,E101,2025-10-09 18:47:59,Zalo,Technical Review,,Manual
A0001108,L000441,E101,2025-10-22 17:26:03,Phone,Connected,2025-10-25,Manual
A0001109,L000441,E101,2025-10-29 17:26:03,Email,Technical Review,2025-10-31,Manual
A0001110,L000441,E101,2025-11-05 22:26:03,Email,Technical Review,2025-11-09,Manual
A0001111,L000441,E101,2025-11-11 02:26:03,Meeting,Closed Lost,,Manual
A0001112,L000441,E101,2025-11-18 05:26:03,Phone,No Answer,2025-11-23,CRM
A0001113,L000442,E101,2025-10-25 06:41:58,Zalo,No Answer,2025-10-28,Email Sync
A0001114,L000442,E101,2025-10-26 07:41:58,Phone,Sample Requested,2025-11-04,Manual
A0001115,L000443,E101,2025-10-28 19:12:41,Zalo,Connected,2025-11-01,Email Sync
A0001116,L000443,E101,2025-10-31 20:12:41,Phone,No Answer,2025-11-09,CRM
A0001117,L000443,E101,2025-11-01 23:12:41,Phone,Sample Requested,2025-11-05,CRM
A0001118,L000444,E102,2025-11-10 00:13:57,Email,Connected,2025-11-14,CRM
A0001119,L000444,E102,2025-11-15 04:13:57,Email,Sample Requested,2025-11-24,Manual
A0001120,L000445,E103,2025-11-19 10:21:37,Phone,Connected,2025-11-20,CRM
A0001121,L000445,E103,2025-11-25 14:21:37,Email,Technical Review,2025-11-30,CRM
A0001122,L000445,E103,2025-11-28 19:21:37,Phone,Technical Review,2025-12-06,CRM
A0001123,L000445,E103,2025-12-02 20:21:37,Email,Sample Requested,2025-12-07,CRM
A0001124,L000445,E103,2025-12-03 20:21:37,Email,Technical Review,2025-12-07,Email Sync
A0001125,L000446,E103,2025-11-19 15:42:22,Phone,Connected,2025-11-22,Email Sync
A0001126,L000446,E103,2025-11-20 20:42:22,Email,Follow-up Later,,Email Sync
A0001127,L000446,E103,2025-11-23 23:42:22,Phone,Requested Quote,2025-12-01,Manual
A0001128,L000446,E103,2025-11-26 00:42:22,Meeting,Connected,2025-12-04,Manual
A0001129,L000447,E102,2025-11-20 23:20:10,Phone,Connected,2025-11-23,Manual
A0001130,L000447,E102,2025-11-28 04:20:10,Phone,Technical Review,2025-12-07,Email Sync
A0001131,L000448,E101,2025-11-22 05:46:14,Phone,Voicemail,2025-11-23,Manual
A0001132,L000448,E101,2025-11-26 06:46:14,Email,Requested Quote,2025-12-04,Email Sync
A0001133,L000449,E101,2025-11-25 16:43:34,Email,Connected,2025-11-27,Email Sync
A0001134,L000449,E101,2025-12-01 20:43:34,Phone,Technical Review,2025-12-10,Email Sync
A0001135,L000449,E101,2025-12-04 22:43:34,Email,Technical Review,2025-12-06,Email Sync
A0001136,L000450,E102,2025-11-28 00:12:11,Email,Connected,2025-11-29,Email Sync
A0001137,L000450,E102,2025-12-03 05:12:11,Email,Sample Requested,2025-12-07,Manual
A0001138,L000450,E102,2025-12-07 09:12:11,Phone,Follow-up Later,2025-12-09,CRM
A0001139,L000451,E103,2025-11-28 07:26:56,Zalo,Connected,2025-12-01,CRM
A0001140,L000451,E103,2025-12-01 12:26:56,Email,Requested Quote,2025-12-08,CRM
A0001141,L000451,E103,2025-12-07 14:26:56,Email,Sample Requested,2025-12-10,CRM
A0001142,L000451,E103,2025-12-12 15:26:56,Zalo,Connected,2025-12-18,Email Sync
A0001143,L000451,E103,2025-12-13 17:26:56,Phone,Technical Review,2025-12-18,CRM
A0001144,L000452,E102,2025-12-07 08:07:42,Phone,Voicemail,2025-12-10,CRM
A0001145,L000453,E101,2025-12-09 06:42:04,Phone,No Answer,2025-12-10,Email Sync
A0001146,L000454,E103,2025-12-13 07:25:18,Phone,No Answer,2025-12-16,Email Sync
A0001147,L000454,E103,2025-12-16 11:25:18,Phone,Connected,2025-12-22,CRM
A0001148,L000454,E103,2025-12-19 11:25:18,Zalo,Connected,2025-12-24,CRM
A0001149,L000454,E103,2025-12-26 13:25:18,Phone,Sample Requested,2025-12-30,CRM
A0001150,L000455,E102,2025-12-15 16:46:24,Zalo,Connected,2025-12-16,CRM
A0001151,L000456,E102,2025-12-26 05:05:09,Phone,Connected,2025-12-28,Email Sync
A0001152,L000457,E102,2026-01-03 00:36:41,Email,Connected,2026-01-06,Email Sync
A0001153,L000458,E101,2026-01-03 00:54:41,Email,Connected,2026-01-05,Manual
A0001154,L000458,E101,10/01/2026 04:54,Email,Requested Quote,2026-01-15,Manual
A0001155,L000459,E101,2026-01-18 09:15:53,Email,No Answer,2026-01-19,Email Sync
A0001156,L000460,E103,2026-01-21 04:52:29,Zalo,Connected,2026-01-24,Email Sync
A0001157,L000461,E103,2026-01-22 00:44:18,Zalo,Connected,2026-01-26,Email Sync
A0001158,L000462,E102,2026-01-23 17:46:12,Email,Connected,2026-01-26,CRM
A0001159,L000462,E102,2026-01-24 18:46:12,Zalo,Technical Review,,Email Sync
A0001160,L000463,E102,2026-01-27 22:20:46,Email,Connected,2026-01-30,Email Sync
A0001161,L000463,E102,2026-02-03 03:20:46,Email,No Answer,,CRM
A0001162,L000463,E102,2026-02-09 06:20:46,Email,Requested Quote,2026-02-12,Email Sync
A0001163,L000463,E102,2026-02-10 11:20:46,Meeting,Requested Quote,2026-02-15,Manual
A0001164,L000463,E102,2026-02-12 14:20:46,Email,Requested Quote,2026-02-16,CRM
A0001165,L000464,E101,2026-02-02 11:36:58,Zalo,Connected,2026-02-05,CRM
A0001166,L000465,E101,2026-02-08 06:42:04,Email,Invalid Contact,2026-02-12,Email Sync
A0001167,L000465,E101,2026-02-14 11:42:04,Phone,Connected,2026-02-20,Manual
A0001168,L000465,E101,2026-02-15 11:42:04,Zalo,Connected,2026-02-20,Email Sync
A0001169,L000466,E102,2026-03-03 13:51:52,Email,Connected,2026-03-07,Email Sync
A0001170,L000466,E102,2026-03-06 13:51:52,Meeting,Sample Requested,,Manual
A0001171,L000466,E102,2026-03-12 16:51:52,Zalo,Connected,2026-03-15,Manual
A0001172,L000467,E103,2025-01-29 04:04:34,Phone,Connected,2025-01-30,CRM
A0001173,L000467,E103,2025-01-31 07:04:34,Phone,Connected,2025-02-06,CRM
A0001174,L000468,E101,2025-02-05 06:14:19,Phone,Connected,2025-02-09,CRM
A0001175,L000468,E101,2025-02-06 09:14:19,Email,Follow-up Later,2025-02-08,Manual
A0001176,L000468,E101,2025-02-07 12:14:19,Email,Technical Review,2025-02-15,CRM
A0001177,L000469,E103,2025-02-22 09:35:58,Zalo,Connected,2025-02-25,Manual
A0001178,L000469,E103,2025-02-26 09:35:58,Zalo,No Answer,2025-03-02,CRM
A0001179,L000470,E101,2025-02-25 06:27:24,Phone,Connected,2025-02-27,CRM
A0001180,L000470,E101,2025-02-28 07:27:24,Zalo,Connected,2025-03-06,CRM
A0001181,L000470,E101,2025-03-07 10:27:24,Zalo,Technical Review,2025-03-09,Email Sync
A0001182,L000471,E103,2025-03-02 06:54:27,Zalo,Connected,2025-03-03,Email Sync
A0001183,L000471,E103,2025-03-05 06:54:27,Zalo,Closed Lost,2025-03-13,Manual
A0001184,L000471,E103,2025-03-08 08:54:27,Email,Closed Lost,2025-03-12,Email Sync
A0001185,L000471,E103,2025-03-14 10:54:27,Zalo,No Answer,2025-03-17,Manual
A0001186,L000472,E101,2025-03-12 04:35:26,Phone,Connected,2025-03-16,CRM
A0001187,L000472,E101,2025-03-13 04:35:26,Meeting,Sample Requested,,Manual
A0001188,L000473,E103,2025-03-22 09:48:59,Email,No Answer,2025-03-25,CRM
A0001189,L000473,E103,2025-03-27 14:48:59,Email,Technical Review,2025-04-03,Manual
A0001190,L000474,E102,2025-03-23 12:52:03,Phone,Connected,2025-03-27,Email Sync
A0001191,L000474,E102,2025-03-26 12:52:03,Email,Follow-up Later,2025-03-28,Email Sync
A0001192,L000475,E102,2025-04-07 20:42:18,Zalo,Voicemail,2025-04-11,Manual
A0001193,L000475,E102,2025-04-08 22:42:18,Email,Technical Review,2025-04-17,Manual
A0001194,L000475,E102,2025-04-10 01:42:18,Phone,Follow-up Later,2025-04-13,Manual
A0001195,L000476,E102,2025-04-09 19:02:22,Phone,Connected,2025-04-12,Manual
A0001196,L000476,E102,2025-04-10 23:02:22,Email,No Answer,2025-04-15,Manual
A0001197,L000477,E101,2025-04-16 00:46:05,Phone,Connected,2025-04-20,Manual
A0001198,L000478,E103,2025-04-18 00:36:08,Phone,Connected,2025-04-22,Manual
A0001199,L000478,E103,2025-04-25 01:36:08,Email,Technical Review,,Email Sync
A0001200,L000478,E103,2025-05-01 06:36:08,Phone,,2025-05-09,Email Sync
A0001201,L000478,E103,2025-05-04 06:36:08,Phone,Connected,2025-05-06,Email Sync
A0001202,L000479,E101,2025-05-02 09:20:13,Email,No Answer,2025-05-03,Email Sync
A0001203,L000479,E101,2025-05-09 11:20:13,Phone,Sample Requested,,Email Sync
A0001204,L000480,E101,2025-05-15 14:01:14,Zalo,Connected,2025-05-18,Manual
A0001205,L000480,E101,2025-05-18 18:01:14,Email,Connected,2025-05-25,Manual
A0001206,L000480,E101,2025-05-19 18:01:14,Email,Closed Lost,2025-05-21,CRM
A0001207,L000480,E101,2025-05-22 19:01:14,Email,Requested Quote,2025-05-26,CRM
A0001208,L000480,E101,2025-05-27 19:01:14,Email,Closed Lost,,Email Sync
A0001209,L000481,E103,2025-05-21 18:15:40,Email,Connected,2025-05-25,Manual
A0001210,L000481,E103,2025-05-23 23:15:40,Phone,Technical Review,2025-05-25,Email Sync
A0001211,L000481,E103,2025-05-26 03:15:40,Zalo,Closed Lost,2025-06-01,CRM
A0001212,L000481,E103,2025-05-29 05:15:40,Phone,Technical Review,2025-06-05,Email Sync
A0001213,L000481,E103,2025-06-03 08:15:40,Meeting,Requested Quote,2025-06-05,Manual
A0001214,L000482,E102,2025-06-26 20:40:16,Email,Connected,2025-06-27,Email Sync
A0001215,L000482,E102,2025-07-01 23:40:16,Meeting,Sample Requested,2025-07-08,CRM
A0001216,L000482,E102,2025-07-07 02:40:16,Meeting,Requested Quote,2025-07-11,CRM
A0001217,L000483,E103,2025-07-10 23:31:08,Phone,Connected,2025-07-11,Email Sync
A0001218,L000483,E103,2025-07-16 04:31:08,Phone,Connected,2025-07-23,Manual
A0001219,L000484,E101,2025-07-11 06:24:37,Zalo,No Answer,2025-07-15,CRM
A0001220,L000485,E101,2025-07-23 15:49:32,Phone,No Answer,2025-07-26,Email Sync
A0001221,L000485,E101,2025-07-25 19:49:32,Email,No Answer,2025-07-31,Email Sync
A0001222,L000485,E101,2025-07-29 20:49:32,Email,Follow-up Later,2025-08-05,Email Sync
A0001223,L000485,E101,2025-07-30 20:49:32,Email,,,Manual
A0001224,L000485,E101,2025-08-03 01:49:32,Phone,Requested Quote,2025-08-09,CRM
A0001225,L000486,E103,2025-08-05 17:14:23,Zalo,Connected,2025-08-08,Manual
A0001226,L000487,E102,2025-08-07 09:38:25,Phone,Connected,2025-08-09,Email Sync
A0001227,L000487,E102,2025-08-08 09:38:25,Email,Follow-up Later,2025-08-12,Email Sync
A0001228,L000487,E102,2025-08-15 10:38:25,Meeting,Connected,2025-08-24,Manual
A0001229,L000487,E102,2025-08-21 15:38:25,Meeting,Requested Quote,2025-08-27,Email Sync
A0001230,L000488,E103,2025-08-13 13:11:46,Phone,No Answer,2025-08-14,Email Sync
A0001231,L000488,E103,2025-08-15 16:11:46,Zalo,Connected,2025-08-23,CRM
A0001232,L000489,E102,2025-08-20 09:41:18,Zalo,Connected,2025-08-22,Manual
A0001233,L000489,E102,2025-08-25 14:41:18,Zalo,Requested Quote,2025-08-31,Manual
A0001234,L000489,E102,2025-08-29 19:41:18,Phone,Connected,2025-09-06,Manual
A0001235,L000489,E102,2025-09-02 22:41:18,Zalo,No Answer,2025-09-11,Email Sync
A0001236,L000489,E102,2025-09-09 22:41:18,Meeting,No Answer,2025-09-12,CRM
A0001237,L000490,E103,2025-09-13 11:54:37,Email,Connected,2025-09-17,Manual
A0001238,L000490,E103,2025-09-20 13:54:37,Email,Requested Quote,2025-09-22,CRM
A0001239,L000491,E103,2025-09-18 03:13:38,Email,Connected,2025-09-19,Manual
A0001240,L000491,E103,2025-09-22 03:13:38,Email,No Answer,2025-09-27,Manual
A0001241,L000491,E103,2025-09-28 07:13:38,Zalo,Closed Lost,,CRM
A0001242,L000492,E103,2025-09-22 03:07:37,Phone,Connected,2025-09-25,Manual
A0001243,L000492,E103,2025-09-24 05:07:37,Phone,Connected,2025-09-28,CRM
A0001244,L000492,E103,2025-09-29 09:07:37,Email,Sample Requested,2025-10-01,Manual
A0001245,L000493,E103,2025-10-04 19:42:55,Phone,Connected,2025-10-05,Manual
A0001246,L000493,E103,2025-10-06 20:42:55,Zalo,Follow-up Later,2025-10-08,Manual
A0001247,L000493,E103,2025-10-12 23:42:55,Email,Follow-up Later,2025-10-16,Email Sync
A0001248,L000493,E103,2025-10-16 02:42:55,Meeting,Requested Quote,2025-10-21,Manual
A0001249,L000494,E103,2025-10-13 22:15:03,Phone,Connected,2025-10-15,Manual
A0001250,L000494,E103,2025-10-15 00:15:03,Phone,Connected,2025-10-19,CRM
A0001251,L000494,E103,2025-10-20 05:15:03,Meeting,No Answer,2025-10-26,CRM
A0001252,L000494,E103,2025-10-23 06:15:03,Email,No Answer,2025-10-29,Manual
A0001253,L000494,E103,2025-10-25 08:15:03,Zalo,,2025-10-28,Manual
A0001254,L000495,E103,2025-10-22 08:13:08,Phone,Connected,2025-10-25,Email Sync
A0001255,L000495,E103,2025-10-29 13:13:08,Meeting,Sample Requested,2025-11-02,Email Sync
A0001256,L000496,E102,2025-11-02 06:53:06,Phone,No Answer,2025-11-06,CRM
A0001257,L000496,E102,2025-11-06 08:53:06,Zalo,No Answer,2025-11-09,CRM
A0001258,L000496,E102,2025-11-10 12:53:06,Phone,Follow-up Later,2025-11-18,Email Sync
A0001259,L000496,E102,2025-11-17 14:53:06,Zalo,Requested Quote,,Manual
A0001260,L000496,E102,2025-11-23 18:53:06,Email,Technical Review,,Manual
A0001261,L000497,E101,2025-11-03 17:49:46,Phone,Connected,2025-11-06,Email Sync
A0001262,L000497,E101,2025-11-05 21:49:46,Zalo,No Answer,2025-11-14,CRM
A0001263,L000497,E101,2025-11-08 23:49:46,Email,Technical Review,2025-11-17,CRM
A0001264,L000497,E101,2025/11/10 23:49,Zalo,Connected,2025-11-12,CRM
A0001265,L000498,E102,2025-11-06 05:11:52,Phone,Connected,2025-11-07,Manual
A0001266,L000499,E102,2025-11-26 03:07:25,Email,Connected,2025-11-29,CRM
A0001267,L000500,E101,2025-12-03 05:29:06,Email,Connected,2025-12-05,CRM
A0001268,L000501,E102,2025-12-10 19:17:49,Phone,Connected,2025-12-13,Email Sync
A0001269,L000501,E102,2025-12-13 22:17:49,Email,Follow-up Later,2025-12-22,Manual
A0001270,L000501,E102,2025-12-19 00:17:49,Zalo,Requested Quote,2025-12-26,Manual
A0001271,L000501,E102,2025-12-24 03:17:49,Email,Sample Requested,2026-01-02,Email Sync
A0001272,L000502,E103,2025-12-12 00:59:16,Phone,No Answer,2025-12-15,Manual
A0001273,L000503,E101,2025-12-13 22:22:13,Phone,Connected,2025-12-16,CRM
A0001274,L000503,E101,2025-12-15 01:22:13,Meeting,Follow-up Later,2025-12-19,Manual
A0001275,L000504,E102,2026-01-09 23:57:42,Zalo,Connected,2026-01-10,Email Sync
A0001276,L000504,E102,2026-01-15 23:57:42,Email,No Answer,,Manual
A0001277,L000504,E102,2026-01-19 03:57:42,Email,Follow-up Later,2026-01-22,CRM
A0001278,L000504,E102,2026-01-24 03:57:42,Phone,No Answer,2026-02-01,Manual
A0001279,L000505,E103,2026-01-13 12:17:48,Email,Invalid Contact,2026-01-17,CRM
A0001280,L000506,E101,2026-02-14 03:56:19,Zalo,No Answer,2026-02-18,CRM
A0001281,L000506,E101,2026-02-17 04:56:19,Phone,Connected,2026-02-20,CRM
A0001282,L000506,E101,2026-02-18 04:56:19,Phone,Follow-up Later,2026-02-25,CRM
A0001283,L000506,E101,2026-02-23 06:56:19,Phone,Technical Review,2026-03-03,Manual
A0001284,L000507,E101,2026-02-26 12:03:49,Phone,Voicemail,2026-02-28,CRM
A0001285,L000507,E101,2026-03-04 17:03:49,Email,Closed Lost,2026-03-06,Email Sync
A0001286,L000507,E101,2026-03-05 17:03:49,Phone,Closed Lost,2026-03-10,Manual
A0001287,L000507,E101,2026-03-10 19:03:49,Phone,Requested Quote,,CRM
A0001288,L000508,E102,2026-03-05 18:46:24,Phone,No Answer,2026-03-09,Email Sync
A0001289,L000508,E102,2026-03-08 20:46:24,Phone,Connected,2026-03-17,CRM
A0001290,L000508,E102,2026-03-11 21:46:24,Meeting,Connected,2026-03-14,Manual
A0001291,L000509,E101,2026-03-18 06:14:22,Email,Connected,2026-03-19,CRM
A0001292,L000509,E101,2026-03-22 10:14:22,Email,Follow-up Later,2026-03-28,CRM
A0001293,L000510,E101,2026-03-20 07:06:23,Phone,Connected,2026-03-24,Manual
A0001294,L000510,E101,2026-03-26 12:06:23,Phone,No Answer,2026-04-02,Manual
A0001295,L000511,E102,2026-04-27 21:06:06,Zalo,Connected,2026-04-29,CRM
A0001296,L000511,E102,2026-04-29 02:06:06,Email,Connected,2026-05-03,Email Sync
A0001297,L000511,E102,2026-05-06 04:06:06,Meeting,Follow-up Later,2026-05-14,Email Sync
A0001298,L000511,E102,2026-05-08 07:06:06,Phone,Technical Review,,Manual
A0001299,L000511,E102,2026-05-15 10:06:06,Meeting,Follow-up Later,,Manual
A0001300,L000512,E102,2026-04-30 17:17:48,Phone,No Answer,2026-05-01,Email Sync
A0001301,L000513,E101,2026-05-14 18:05:09,Phone,Voicemail,2026-05-17,Email Sync
A0001302,L000513,E101,2026-05-19 20:05:09,Email,Follow-up Later,,Email Sync
A0001303,L000513,E101,2026-05-23 00:05:09,Email,Closed Lost,2026-05-26,Manual
A0001304,L000513,E101,2026-05-27 02:05:09,Phone,Closed Lost,2026-06-01,Manual
A0001305,L000514,E101,2026-05-18 22:56:45,Zalo,Connected,2026-05-22,Email Sync
A0001306,L000514,E101,2026-05-21 03:56:45,Zalo,Connected,2026-05-29,CRM
A0001307,L000514,E101,2026-05-28 08:56:45,Email,Closed Lost,2026-06-04,Manual
A0001308,L000515,E102,2026-05-20 16:47:47,Email,Voicemail,2026-05-22,Manual
A0001309,L000515,E102,2026-05-24 18:47:47,Phone,Sample Requested,2026-05-29,CRM
A0001310,L000516,E102,2026-05-21 21:06:30,Email,Connected,2026-05-22,Manual
A0001311,L000516,E102,2026-05-26 22:06:30,Meeting,Connected,2026-06-02,Manual
A0001312,L000517,E102,2026-05-22 15:20:57,Phone,Connected,2026-05-23,Email Sync
A0001313,L000518,E101,2026-05-26 21:42:13,Zalo,No Answer,2026-05-28,Email Sync
A0001314,L000518,E101,2026-06-02 21:42:13,Phone,Technical Review,2026-06-06,CRM
A0001315,L000518,E101,2026/06/09 22:42,Zalo,Follow-up Later,2026-06-11,CRM
A0001316,L000518,E101,2026-06-13 03:42:13,Zalo,No Answer,2026-06-18,Email Sync
A0001317,L000518,E101,2026-06-18 07:42:13,Meeting,Requested Quote,2026-06-24,Manual
A0001318,L000519,E102,2026-06-04 19:49:12,Email,Connected,2026-06-05,Email Sync
A0001319,L000519,E102,2026-06-10 19:49:12,Meeting,Requested Quote,,Manual
A0001320,L000519,E102,2026-06-11 19:49:12,Zalo,Technical Review,,Manual
A0001321,L000520,E102,2026-06-06 18:24:34,Email,Connected,2026-06-10,Email Sync
A0001322,L000520,E102,2026-06-07 18:24:34,Phone,Requested Quote,2026-06-10,Manual
A0001323,L000520,E102,2026-06-13 20:24:34,Zalo,Connected,2026-06-22,CRM
A0001324,L000520,E102,2026-06-14 21:24:34,Email,Requested Quote,2026-06-22,CRM
A0001325,L000520,E102,2026-06-18 02:24:34,Zalo,Follow-up Later,2026-06-25,Email Sync
A0001326,L000521,E103,2026-06-09 14:13:12,Email,Connected,2026-06-10,CRM
A0001327,L000521,E103,2026-06-15 18:13:12,Phone,Closed Lost,2026-06-23,CRM
A0001328,L000522,E102,2026-06-18 20:38:17,Phone,Connected,2026-06-20,Manual
A0001329,L000523,E101,2026-06-27 01:00:39,Phone,Connected,2026-07-01,Email Sync
A0001330,L000524,E101,2026-07-06 18:33:07,Phone,Connected,2026-07-09,Manual
A0001331,L000524,E101,2026-07-12 18:33:07,Email,No Answer,2026-07-15,Email Sync
A0001332,L000524,E101,2026-07-13 23:33:07,Email,Requested Quote,2026-07-21,Email Sync
A0001333,L000524,E101,2026-07-16 03:33:07,Email,Technical Review,2026-07-22,Email Sync
A0001334,L000525,E102,2026-07-15 19:17:50,Phone,Connected,2026-07-17,Email Sync
A0001335,L000526,E102,2026-07-17 12:04:09,Email,Connected,2026-07-21,CRM
A0001336,L000526,E102,2026-07-23 16:04:09,Meeting,No Answer,,CRM
A0001337,L000526,E102,2026-07-25 20:04:09,Phone,Requested Quote,2026-07-27,CRM
A0001338,L000527,E103,2026-07-17 19:33:41,Email,Connected,2026-07-21,CRM
A0001339,L000527,E103,2026-07-22 19:33:41,Email,Follow-up Later,,Manual
A0001340,L000527,E103,2026-07-27 19:33:41,Meeting,Requested Quote,2026-08-05,CRM
A0001341,L000527,E103,2026-07-29 21:33:41,Email,Follow-up Later,2026-08-07,CRM
A0001342,L000528,E101,2026-07-17 21:36:17,Email,Connected,2026-07-21,CRM
A0001343,L000528,E101,2026-07-19 02:36:17,Zalo,Follow-up Later,,Email Sync
A0001344,L000528,E101,2026-07-26 02:36:17,Zalo,Connected,2026-07-31,Email Sync
A0001345,L000529,E102,2026-07-18 07:37:59,Phone,Connected,2026-07-21,CRM
A0001346,L000530,E101,2026-07-23 00:04:37,Phone,Connected,2026-07-27,CRM
A0001347,L000530,E101,2026-07-26 05:04:37,Email,No Answer,2026-08-02,CRM
A0001348,L000531,E102,2026-08-03 19:50:27,Email,Connected,2026-08-07,Manual
A0001349,L000532,E101,2026-08-04 19:45:35,Zalo,Connected,2026-08-07,CRM
A0001350,L000532,E101,2026-08-07 23:45:35,Meeting,No Answer,2026-08-15,Manual
A0001351,L000533,E102,2026-08-04 12:03:51,Email,Connected,2026-08-06,Manual
A0001352,L000534,E102,2026-08-06 22:25:49,Phone,Connected,2026-08-08,CRM
A0001353,L000534,E102,2026-08-13 03:25:49,Zalo,Follow-up Later,2026-08-16,Email Sync
A0001354,L000534,E102,2026-08-19 03:25:49,Email,Closed Lost,,Email Sync
A0001355,L000534,E102,2026-08-26 05:25:49,Phone,Connected,2026-08-31,Email Sync
A0001356,L000535,E101,2026-08-07 20:53:26,Email,Connected,2026-08-08,CRM
A0001357,L000535,E101,2026-08-12 20:53:26,Zalo,Requested Quote,2026-08-19,CRM
A0001358,L000535,E101,2026-08-14 22:53:26,Phone,Connected,2026-08-17,Manual
A0001359,L000535,E101,2026-08-17 22:53:26,Email,Follow-up Later,2026-08-19,Manual
A0001360,L000535,E101,2026-08-19 03:53:26,Email,Follow-up Later,,Manual
A0001361,L000536,E103,2026-08-09 06:40:28,Email,Connected,2026-08-11,Manual
A0001362,L000537,E103,2026-08-19 14:31:14,Email,Invalid Contact,2026-08-22,CRM
A0001363,L000537,E103,2026-08-20 15:31:14,Email,No Answer,,Email Sync
A0001364,L000538,E101,09/01/2025 01:47,Zalo,Connected,2025-01-12,CRM
A0001365,L000538,E101,2025-01-14 02:47:51,Email,,2025-01-21,CRM
A0001366,L000539,E101,2025-01-28 07:42:51,Zalo,Connected,2025-01-29,Manual
A0001367,L000539,E101,2025-02-01 11:42:51,Email,Connected,2025-02-07,Email Sync
A0001368,L000540,E101,2025-01-30 05:37:09,Email,Connected,2025-01-31,Email Sync
A0001369,L000540,E101,2025-02-01 07:37:09,Zalo,Connected,2025-02-07,Manual
A0001370,L000540,E101,2025-02-05 09:37:09,Meeting,Technical Review,2025-02-07,Email Sync
A0001371,L000540,E101,2025-02-12 13:37:09,Email,Connected,2025-02-17,CRM
A0001372,L000540,E101,2025-02-14 14:37:09,Phone,Requested Quote,2025-02-22,CRM
A0001373,L000541,E102,2025-02-21 21:11:46,Phone,Connected,2025-02-22,CRM
A0001374,L000541,E102,2025-02-27 01:11:46,Phone,Follow-up Later,2025-03-05,Manual
A0001375,L000541,E102,2025-02-28 01:11:46,Email,Requested Quote,2025-03-08,Email Sync
A0001376,L000542,E102,2025-03-04 16:47:22,Email,Connected,2025-03-07,CRM
A0001377,L000542,E102,2025-03-11 21:47:22,Email,Closed Lost,2025-03-13,CRM
A0001378,L000542,E102,2025-03-17 23:47:22,Phone,Sample Requested,2025-03-20,CRM
A0001379,L000542,E102,2025-03-25 02:47:22,Meeting,No Answer,2025-03-29,Email Sync
A0001380,L000542,E102,2025-03-29 02:47:22,Phone,Technical Review,2025-04-04,CRM
A0001381,L000543,E102,2025-03-06 21:01:05,Email,Invalid Contact,2025-03-07,CRM
A0001382,L000543,E102,2025-03-08 21:01:05,Meeting,No Answer,2025-03-16,Manual
A0001383,L000544,E101,2025-03-15 19:29:57,Phone,Connected,2025-03-18,CRM
A0001384,L000544,E101,2025-03-21 19:29:57,Phone,No Answer,2025-03-25,Email Sync
A0001385,L000544,E101,2025-03-27 23:29:57,Phone,Connected,2025-04-03,Manual
A0001386,L000544,E101,2025-03-29 23:29:57,Meeting,No Answer,2025-04-01,Email Sync
A0001387,L000544,E101,2025-04-01 02:29:57,Meeting,Requested Quote,2025-04-03,CRM
A0001388,L000545,E103,2025-03-19 21:11:09,Zalo,Connected,2025-03-21,Manual
A0001389,L000546,E102,2025-04-16 06:40:40,Email,Connected,2025-04-19,CRM
A0001390,L000546,E102,2025-04-23 11:40:40,Email,Requested Quote,2025-04-30,CRM
A0001391,L000547,E101,2025-04-19 20:10:21,Zalo,Connected,2025-04-22,Manual
A0001392,L000547,E101,2025-04-24 01:10:21,Email,Requested Quote,2025-04-26,Manual
A0001393,L000547,E101,2025-05-01 04:10:21,Email,Sample Requested,2025-05-09,Manual
A0001394,L000547,E101,2025-05-05 06:10:21,Meeting,Connected,2025-05-10,CRM
A0001395,L000547,E101,2025-05-06 11:10:21,Email,Follow-up Later,,Manual
A0001396,L000548,E103,2025-04-20 09:30:14,Email,No Answer,2025-04-24,Email Sync
A0001397,L000548,E103,2025-04-23 11:30:14,Zalo,Technical Review,2025-04-25,CRM
A0001398,L000549,E101,2025-05-19 21:33:00,Zalo,No Answer,2025-05-22,Manual
A0001399,L000549,E101,2025-05-24 00:33:00,Phone,Follow-up Later,2025-06-02,CRM
A0001400,L000550,E103,2025-05-27 05:23:14,Zalo,Connected,2025-05-30,CRM
A0001401,L000551,E101,2025-05-29 09:07:43,Zalo,Connected,2025-05-30,Manual
A0001402,L000551,E101,31/05/2025 14:07,Email,Requested Quote,2025-06-05,CRM
A0001403,L000552,E101,2025-06-23 11:02:30,Phone,No Answer,2025-06-26,Manual
A0001404,L000553,E102,2025-06-27 11:40:07,Email,Connected,2025-06-29,Manual
A0001405,L000553,E102,2025-07-03 12:40:07,Phone,Connected,2025-07-09,Email Sync
A0001406,L000553,E102,2025-07-10 17:40:07,Zalo,Connected,2025-07-19,Email Sync
A0001407,L000554,E102,2025-07-08 00:36:24,Zalo,No Answer,2025-07-11,CRM
A0001408,L000554,E102,2025-07-11 02:36:24,Phone,Connected,2025-07-19,CRM
A0001409,L000554,E102,2025-07-16 02:36:24,Phone,Follow-up Later,2025-07-23,CRM
A0001410,L000554,E102,2025-07-21 06:36:24,Email,,2025-07-27,CRM
A0001411,L000555,E101,2025-08-10 18:55:59,Phone,Connected,2025-08-13,CRM
A0001412,L000555,E101,2025-08-17 19:55:59,Phone,Connected,2025-08-22,Manual
A0001413,L000556,E101,2025-09-05 08:10:29,Zalo,Voicemail,2025-09-08,Email Sync
A0001414,L000556,E101,2025-09-12 10:10:29,Meeting,Closed Lost,2025-09-21,CRM
A0001415,L000557,E101,2025-09-03 21:20:33,Zalo,Connected,2025-09-07,Email Sync
A0001416,L000557,E101,2025-09-07 02:20:33,Meeting,Connected,2025-09-16,Manual
A0001417,L000557,E101,2025-09-13 06:20:33,Email,Connected,2025-09-18,Email Sync
A0001418,L000557,E101,2025-09-16 08:20:33,Phone,No Answer,2025-09-22,CRM
A0001419,L000558,E103,2025-09-09 23:59:10,Phone,Connected,2025-09-12,Manual
A0001420,L000558,E103,2025-09-14 23:59:10,Phone,Technical Review,2025-09-20,Email Sync
A0001421,L000558,E103,2025-09-20 23:59:10,Phone,Sample Requested,2025-09-25,Manual
A0001422,L000559,E101,2025-10-01 03:07:39,Phone,Connected,2025-10-05,Email Sync
A0001423,L000559,E101,2025-10-07 05:07:39,Email,Technical Review,2025-10-13,CRM
A0001424,L000559,E101,2025-10-14 05:07:39,Zalo,Connected,2025-10-16,Email Sync
A0001425,L000560,E103,2025-10-04 07:17:26,Email,Connected,2025-10-05,Email Sync
A0001426,L000560,E103,2025-10-09 07:17:26,Email,Requested Quote,2025-10-15,Manual
A0001427,L000560,E103,2025-10-13 09:17:26,Email,Sample Requested,2025-10-17,Email Sync
A0001428,L000561,E102,2025-10-09 22:02:16,Email,No Answer,2025-10-12,Email Sync
A0001429,L000561,E102,2025-10-11 23:02:16,Email,Connected,2025-10-18,CRM
A0001430,L000561,E102,2025-10-18 23:02:16,Zalo,Connected,2025-10-27,Manual
A0001431,L000562,E103,2025-10-25 04:55:38,Email,Connected,2025-10-28,CRM
A0001432,L000562,E103,2025-10-27 06:55:38,Phone,No Answer,2025-10-29,CRM
A0001433,L000562,E103,2025-10-29 07:55:38,Meeting,Sample Requested,2025-11-04,Email Sync
A0001434,L000563,E103,2025-10-25 03:53:07,Zalo,Connected,2025-10-26,CRM
A0001435,L000563,E103,2025-10-31 08:53:07,Meeting,Technical Review,2025-11-03,Manual
A0001436,L000564,E101,2025-10-26 13:34:24,Email,Connected,2025-10-29,Email Sync
A0001437,L000565,E101,2025-10-31 03:42:35,Email,Connected,2025-11-02,Manual
A0001438,L000566,E101,2025-11-03 17:41:01,Phone,Connected,2025-11-05,Manual
A0001439,L000566,E101,2025-11-09 19:41:01,Phone,Closed Lost,2025-11-16,Manual
A0001440,L000566,E101,2025/11/16 23:41,Zalo,Technical Review,2025-11-20,Email Sync
A0001441,L000567,E103,2025-11-22 21:11:54,Phone,Connected,2025-11-26,CRM
A0001442,L000567,E103,2025-11-30 02:11:54,Email,Requested Quote,2025-12-03,CRM
A0001443,L000567,E103,2025-12-02 05:11:54,Phone,Requested Quote,2025-12-05,Email Sync
A0001444,L000568,E101,2025-12-05 03:38:52,Phone,Connected,2025-12-09,Email Sync
A0001445,L000568,E101,2025-12-09 04:38:52,Phone,Connected,2025-12-11,Email Sync
A0001446,L000569,E102,2025-12-11 15:16:00,Phone,Connected,2025-12-12,CRM
A0001447,L000569,E102,2025-12-17 16:16:00,Email,Technical Review,2025-12-23,Email Sync
A0001448,L000570,E101,2025-12-17 00:23:21,Email,Connected,2025-12-19,Manual
A0001449,L000570,E101,2025-12-21 05:23:21,Meeting,Connected,2025-12-29,CRM
A0001450,L000571,E103,2025-12-24 03:16:12,Email,No Answer,2025-12-28,Email Sync
A0001451,L000571,E103,2025-12-29 05:16:12,Phone,Requested Quote,2026-01-05,CRM
A0001452,L000572,E101,2026-01-20 21:54:35,Zalo,Connected,2026-01-21,Manual
A0001453,L000572,E101,2026-01-21 22:54:35,Phone,No Answer,2026-01-23,CRM
A0001454,L000572,E101,2026-01-27 02:54:35,Email,Connected,2026-01-31,Email Sync
A0001455,L000572,E101,2026-01-29 05:54:35,Email,Connected,2026-02-05,CRM
A0001456,L000573,E101,2026-02-03 23:43:05,Zalo,Connected,2026-02-06,CRM
A0001457,L000573,E101,2026-02-09 02:43:05,Phone,Connected,2026-02-13,Email Sync
A0001458,L000574,E101,2026-02-23 18:44:48,Zalo,Invalid Contact,2026-02-25,Manual
A0001459,L000574,E101,2026-02-26 23:44:48,Email,No Answer,2026-03-04,Manual
A0001460,L000574,E101,2026-03-02 04:44:48,Phone,No Answer,2026-03-11,CRM
A0001461,L000575,E101,2026-04-22 17:38:06,Email,Invalid Contact,2026-04-23,Manual
A0001462,L000575,E101,2026-04-29 21:38:06,Meeting,No Answer,2026-05-02,Manual
A0001463,L000575,E101,2026-05-05 21:38:06,Email,Closed Lost,2026-05-09,CRM
A0001464,L000575,E101,2026-05-11 21:38:06,Phone,Technical Review,2026-05-18,CRM
A0001465,L000576,E101,2026-04-28 05:53:48,Email,Connected,2026-04-29,Email Sync
A0001466,L000576,E101,2026-05-05 06:53:48,Zalo,Sample Requested,2026-05-08,Email Sync
A0001467,L000576,E101,2026-05-09 09:53:48,Zalo,Follow-up Later,2026-05-12,Manual
A0001468,L000576,E101,2026-05-14 11:53:48,Zalo,Technical Review,2026-05-18,CRM
A0001469,L000576,E101,2026-05-19 14:53:48,Email,Requested Quote,2026-05-25,Manual
A0001470,L000577,E101,2026-05-09 21:21:50,Email,No Answer,2026-05-11,Manual
A0001471,L000577,E101,2026-05-15 01:21:50,Zalo,Sample Requested,,Email Sync
A0001472,L000577,E101,2026-05-21 06:21:50,Phone,Connected,,Email Sync
A0001473,L000578,E101,2026-05-12 23:10:04,Zalo,,2026-05-14,CRM
A0001474,L000579,E102,2026-05-15 23:52:17,Phone,Voicemail,2026-05-18,Email Sync
A0001475,L000579,E102,2026-05-22 02:52:17,Phone,Technical Review,2026-05-31,CRM
A0001476,L000579,E102,2026-05-29 07:52:17,Meeting,No Answer,2026-06-07,Manual
A0001477,L000579,E102,2026-05-31 07:52:17,Email,Sample Requested,2026-06-02,Manual
A0001478,L000579,E102,2026-06-02 11:52:17,Phone,Technical Review,2026-06-11,Manual
A0001479,L000580,E102,2026-06-25 01:43:06,Phone,No Answer,2026-06-29,Email Sync
A0001480,L000581,E103,2026-07-09 04:22:54,Phone,Connected,2026-07-10,CRM
A0001481,L000581,E103,2026-07-16 07:22:54,Phone,No Answer,2026-07-22,CRM
A0001482,L000581,E103,2026-07-18 08:22:54,Zalo,Follow-up Later,2026-07-23,Manual
A0001483,L000582,E103,2026-07-17 01:48:54,Email,Connected,2026-07-20,Manual
A0001484,L000582,E103,2026-07-18 03:48:54,Email,Requested Quote,2026-07-23,Email Sync
A0001485,L000583,E103,2026-08-11 15:07:28,Email,Connected,2026-08-15,CRM
A0001486,L000583,E103,2026-08-13 18:07:28,Meeting,Requested Quote,2026-08-17,Manual
A0001487,L000584,E101,2026-08-22 16:51:52,Phone,Connected,2026-08-25,Email Sync
A0001488,L000584,E101,2026-08-25 18:51:52,Email,Connected,2026-09-03,Email Sync
A0001489,L000584,E101,2026-08-30 21:51:52,Email,Technical Review,2026-09-04,Manual
A0001490,L000585,E101,2025-03-27 07:02:40,Zalo,Connected,2025-03-29,Manual
A0001491,L000586,E102,2025-03-28 03:41:27,Phone,Connected,2025-03-29,Manual
A0001492,L000586,E102,2025-03-29 04:41:27,Zalo,Requested Quote,2025-04-02,CRM
A0001493,L000586,E102,2025-03-31 07:41:27,Meeting,Requested Quote,2025-04-04,Manual
A0001494,L000586,E102,2025-04-06 07:41:27,Zalo,Connected,2025-04-09,CRM
A0001495,L000586,E102,2025-04-08 11:41:27,Meeting,Requested Quote,2025-04-13,CRM
A0001496,L000587,E101,2025-04-21 17:13:08,Email,No Answer,2025-04-25,Manual
A0001497,L000587,E101,2025-04-26 18:13:08,Email,Requested Quote,2025-05-04,Email Sync
A0001498,L000587,E101,2025-04-27 21:13:08,Email,No Answer,2025-05-01,Email Sync
A0001499,L000587,E101,2025-04-29 22:13:08,Zalo,No Answer,2025-05-08,CRM
A0001500,L000588,E101,2025-05-13 05:35:48,Email,Connected,2025-05-15,Email Sync
A0001501,L000588,E101,2025-05-19 09:35:48,Meeting,Follow-up Later,2025-05-23,CRM
A0001502,L000588,E101,2025-05-22 12:35:48,Zalo,Requested Quote,2025-05-30,Manual
A0001503,L000588,E101,2025-05-28 16:35:48,Zalo,Connected,,CRM
A0001504,L000588,E101,2025-05-31 18:35:48,Zalo,Follow-up Later,,Manual
A0001505,L000589,E101,2025-05-21 09:43:00,Phone,Connected,2025-05-23,CRM
A0001506,L000589,E101,2025-05-25 09:43:00,Meeting,Follow-up Later,,CRM
A0001507,L000589,E101,2025-05-27 12:43:00,Email,Sample Requested,2025-06-02,Manual
A0001508,L000590,E103,2025-06-13 01:55:18,Phone,Connected,2025-06-14,Email Sync
A0001509,L000590,E103,2025-06-16 05:55:18,Email,Follow-up Later,2025-06-21,Manual
A0001510,L000590,E103,2025-06-18 08:55:18,Zalo,Connected,2025-06-26,CRM
A0001511,L000590,E103,2025-06-23 13:55:18,Email,No Answer,,Email Sync
A0001512,L000591,E101,2025-08-02 00:44:40,Zalo,Connected,2025-08-06,Email Sync
A0001513,L000591,E101,2025-08-04 00:44:40,Email,No Answer,2025-08-09,Email Sync
A0001514,L000591,E101,2025-08-11 05:44:40,Phone,No Answer,2025-08-19,Email Sync
A0001515,L000592,E103,2025-08-16 20:01:23,Email,No Answer,2025-08-20,CRM
A0001516,L000592,E103,2025-08-24 00:01:23,Zalo,No Answer,2025-09-02,Email Sync
A0001517,L000592,E103,2025-08-26 04:01:23,Zalo,Follow-up Later,2025-08-28,CRM
A0001518,L000593,E101,2025-08-23 10:10:21,Phone,Connected,2025-08-26,CRM
A0001519,L000594,E102,2025-08-30 17:12:46,Email,Connected,2025-09-02,Email Sync
A0001520,L000595,E101,2025-09-03 18:33:30,Email,Connected,2025-09-04,Email Sync
A0001521,L000596,E101,2025-09-07 01:15:43,Phone,No Answer,2025-09-11,Manual
A0001522,L000596,E101,2025-09-12 03:15:43,Phone,Connected,2025-09-15,CRM
A0001523,L000597,E102,2025-09-14 00:50:14,Phone,Connected,2025-09-16,CRM
A0001524,L000597,E102,2025-09-20 00:50:14,Email,Technical Review,2025-09-25,CRM
A0001525,L000598,E101,2025-09-20 01:10:48,Phone,Connected,2025-09-23,Email Sync
A0001526,L000599,E103,2025-10-18 04:51:02,Phone,Connected,2025-10-19,CRM
A0001527,L000599,E103,2025-10-20 07:51:02,Zalo,Closed Lost,2025-10-25,Manual
A0001528,L000599,E103,2025-10-24 11:51:02,Zalo,Follow-up Later,2025-11-02,Manual
A0001529,L000600,E101,2025-10-21 15:20:51,Phone,Connected,2025-10-25,Email Sync
A0001530,L000600,E101,2025-10-25 20:20:51,Phone,Closed Lost,2025-11-03,Email Sync
A0001531,L000600,E101,2025-10-27 01:20:51,Phone,Technical Review,2025-10-31,CRM
A0001532,L000601,E102,2025-11-19 06:43:55,Email,Connected,2025-11-22,Email Sync
A0001533,L000601,E102,2025-11-20 11:43:55,Meeting,Connected,2025-11-26,CRM
A0001534,L000601,E102,2025-11-26 15:43:55,Email,Requested Quote,2025-12-02,Email Sync
A0001535,L000602,E101,2025-11-23 12:16:41,Phone,Connected,2025-11-26,Email Sync
A0001536,L000602,E101,2025-11-24 15:16:41,Email,No Answer,2025-11-27,Email Sync
A0001537,L000603,E101,2025-01-17 14:16:16,Phone,No Answer,2025-01-21,Email Sync
A0001538,L000603,E101,2025-01-23 14:16:16,Email,Follow-up Later,2025-01-29,CRM
A0001539,L000603,E101,2025-01-30 15:16:16,Email,Follow-up Later,2025-02-01,CRM
A0001540,L000604,E103,2025-01-31 03:11:19,Zalo,Connected,2025-02-02,CRM
A0001541,L000604,E103,2025-02-06 08:11:19,Meeting,No Answer,,Email Sync
A0001542,L000605,E101,2025-02-08 09:12:06,Email,Connected,2025-02-10,Email Sync
A0001543,L000606,E101,2025-02-25 00:37:25,Phone,Connected,2025-02-27,Email Sync
A0001544,L000606,E101,2025-02-27 04:37:25,Phone,Connected,,Email Sync
A0001545,L000606,E101,2025-03-06 06:37:25,Phone,Technical Review,2025-03-14,CRM
A0001546,L000606,E101,2025-03-08 08:37:25,Zalo,Follow-up Later,,CRM
A0001547,L000607,E103,2025-03-03 23:37:02,Email,Connected,2025-03-07,Manual
A0001548,L000608,E101,2025-03-20 17:16:57,Phone,Connected,2025-03-24,CRM
A0001549,L000608,E101,2025-03-24 18:16:57,Phone,No Answer,,CRM
A0001550,L000608,E101,2025-03-29 18:16:57,Phone,Requested Quote,2025-04-07,Manual
A0001551,L000608,E101,2025-04-03 18:16:57,Email,Technical Review,2025-04-11,Email Sync
A0001552,L000608,E101,2025-04-08 23:16:57,Email,Connected,2025-04-14,CRM
A0001553,L000609,E101,2025-04-15 01:30:31,Email,Connected,2025-04-16,Manual
A0001554,L000609,E101,2025-04-17 03:30:31,Phone,Requested Quote,2025-04-25,Manual
A0001555,L000610,E102,2025-04-15 19:06:12,Email,No Answer,2025-04-19,CRM
A0001556,L000610,E102,2025-04-19 21:06:12,Meeting,Technical Review,2025-04-25,CRM
A0001557,L000610,E102,2025-04-25 23:06:12,Phone,Connected,,Manual
A0001558,L000611,E103,2025-04-28 19:17:28,Phone,No Answer,2025-05-01,Email Sync
A0001559,L000611,E103,2025-05-04 00:17:28,Phone,,2025-05-13,Email Sync
A0001560,L000611,E103,2025-05-05 00:17:28,Email,Closed Lost,2025-05-14,CRM
A0001561,L000611,E103,2025-05-11 05:17:28,Email,Follow-up Later,2025-05-13,Email Sync
A0001562,L000612,E103,2025-04-29 21:23:38,Email,Connected,2025-05-02,Manual
A0001563,L000613,E102,2025-05-07 19:50:06,Email,Connected,2025-05-10,Email Sync
A0001564,L000613,E102,2025-05-11 21:50:06,Email,Technical Review,2025-05-14,Manual
A0001565,L000614,E101,2025-05-23 04:06:45,Email,Connected,2025-05-26,Email Sync
A0001566,L000614,E101,2025-05-27 08:06:45,Zalo,Requested Quote,2025-05-31,Email Sync
A0001567,L000614,E101,2025-05-29 10:06:45,Email,Connected,2025-06-04,Manual
A0001568,L000615,E101,2025-06-10 11:58:54,Email,Connected,2025-06-14,Email Sync
A0001569,L000615,E101,2025-06-12 16:58:54,Email,Closed Lost,,CRM
A0001570,L000615,E101,2025-06-15 18:58:54,Zalo,No Answer,2025-06-23,CRM
A0001571,L000616,E102,2025-06-09 23:23:15,Email,No Answer,2025-06-12,CRM
A0001572,L000616,E102,2025-06-14 01:23:15,Meeting,Connected,2025-06-17,Manual
A0001573,L000617,E101,2025-07-08 08:20:10,Zalo,Connected,2025-07-12,Email Sync
A0001574,L000617,E101,2025-07-14 10:20:10,Zalo,Requested Quote,2025-07-22,Email Sync
A0001575,L000617,E101,2025-07-19 11:20:10,Email,Closed Lost,2025-07-28,CRM
A0001576,L000618,E101,2025-07-10 15:38:32,Phone,Connected,2025-07-11,Email Sync
A0001577,L000618,E101,2025-07-16 15:38:32,Meeting,Technical Review,2025-07-22,CRM
A0001578,L000618,E101,2025-07-22 19:38:32,Zalo,Technical Review,2025-07-25,CRM
A0001579,L000619,E102,2025-08-12 15:35:21,Phone,,2025-08-15,CRM
A0001580,L000620,E102,2025-08-17 05:10:23,Email,Connected,2025-08-20,Manual
A0001581,L000620,E102,2025-08-22 07:10:23,Email,No Answer,2025-08-27,Manual
A0001582,L000620,E102,2025-08-27 09:10:23,Phone,Technical Review,2025-09-03,Email Sync
A0001583,L000620,E102,2025-08-29 12:10:23,Phone,Connected,2025-09-06,Email Sync
A0001584,L000621,E102,2025-08-29 15:38:35,Zalo,Connected,2025-08-30,Manual
A0001585,L000621,E102,2025-09-03 19:38:35,Meeting,Requested Quote,2025-09-05,CRM
A0001586,L000622,E101,2025-09-03 22:44:23,Zalo,Connected,2025-09-06,CRM
A0001587,L000622,E101,2025-09-07 02:44:23,Email,No Answer,2025-09-12,Email Sync
A0001588,L000622,E101,2025-09-13 07:44:23,Email,Closed Lost,2025-09-18,Email Sync
A0001589,L000623,E102,2025-09-05 23:37:58,Phone,Connected,2025-09-08,CRM
A0001590,L000623,E102,2025-09-09 04:37:58,Email,Closed Lost,2025-09-14,Email Sync
A0001591,L000623,E102,2025-09-15 06:37:58,Email,No Answer,2025-09-24,Manual
A0001592,L000624,E101,2025-09-20 13:42:56,Phone,Connected,2025-09-24,CRM
A0001593,L000625,E102,2025-09-30 11:52:44,Phone,Connected,2025-10-01,Email Sync
A0001594,L000625,E102,2025-10-05 14:52:44,Email,No Answer,2025-10-07,CRM
A0001595,L000625,E102,2025-10-06 14:52:44,Zalo,Technical Review,2025-10-15,CRM
A0001596,L000625,E102,2025-10-13 18:52:44,Phone,Connected,2025-10-17,Manual
A0001597,L000625,E102,2025-10-18 20:52:44,Email,Requested Quote,2025-10-26,CRM
A0001598,L000626,E101,2025-10-04 04:34:45,Email,Connected,2025-10-07,CRM
A0001599,L000627,E103,2025-11-06 02:23:39,Phone,Connected,2025-11-08,CRM
A0001600,L000627,E103,2025-11-13 06:23:39,Zalo,Technical Review,2025-11-15,Manual
A0001601,L000627,E103,2025-11-17 11:23:39,Phone,Technical Review,2025-11-20,Email Sync
A0001602,L000628,E101,2025-11-09 03:42:41,Email,Connected,2025-11-11,CRM
A0001603,L000628,E101,2025-11-16 04:42:41,Email,Connected,2025-11-20,Manual
A0001604,L000628,E101,2025-11-19 04:42:41,Meeting,Follow-up Later,2025-11-21,Manual
A0001605,L000629,E101,2025-11-17 03:46:47,Zalo,No Answer,2025-11-19,CRM
A0001606,L000629,E101,2025-11-18 05:46:47,Phone,Follow-up Later,2025-11-24,Manual
A0001607,L000629,E101,2025-11-19 05:46:47,Zalo,Requested Quote,2025-11-24,CRM
A0001608,L000630,E102,2025-12-12 13:17:13,Phone,Connected,2025-12-15,Manual
A0001609,L000630,E102,2025-12-17 15:17:13,Email,Technical Review,2025-12-19,CRM
A0001610,L000630,E102,2025-12-22 16:17:13,Email,Follow-up Later,2025-12-31,Email Sync
A0001611,L000630,E102,2025-12-25 18:17:13,Zalo,Follow-up Later,,Manual
A0001612,L000630,E102,2025-12-30 23:17:13,Email,Sample Requested,2026-01-07,CRM
A0001613,L000631,E101,2025-12-16 03:59:35,Email,,2025-12-20,Manual
A0001614,L000631,E101,2025-12-20 08:59:35,Phone,No Answer,2025-12-22,Manual
A0001615,L000631,E101,2025-12-25 12:59:35,Meeting,Closed Lost,2025-12-28,Manual
A0001616,L000631,E101,2025-12-31 16:59:35,Zalo,Follow-up Later,2026-01-08,Manual
A0001617,L000631,E101,2026-01-05 21:59:35,Email,Connected,2026-01-07,Manual
A0001618,L000632,E101,2026-01-01 21:31:15,Email,Connected,2026-01-05,Manual
A0001619,L000632,E101,2026-01-08 21:31:15,Phone,Connected,,Manual
A0001620,L000632,E101,2026-01-12 23:31:15,Zalo,No Answer,2026-01-14,Email Sync
A0001621,L000632,E101,2026-01-18 23:31:15,Email,Follow-up Later,2026-01-27,Manual
A0001622,L000633,E103,2026-01-06 09:44:05,Email,Connected,2026-01-09,Email Sync
A0001623,L000633,E103,2026-01-09 14:44:05,Phone,Requested Quote,2026-01-17,CRM
A0001624,L000634,E103,2026-01-15 02:23:57,Phone,Connected,2026-01-18,CRM
A0001625,L000634,E103,2026-01-21 05:23:57,Email,Technical Review,2026-01-29,CRM
A0001626,L000635,E101,2026-01-15 17:07:14,Phone,Connected,2026-01-16,CRM
A0001627,L000636,E101,2026-01-28 02:48:23,Email,Connected,2026-02-01,Email Sync
A0001628,L000636,E101,2026-01-29 02:48:23,Phone,Follow-up Later,2026-01-31,Email Sync
A0001629,L000636,E101,2026-02-03 06:48:23,Phone,Requested Quote,2026-02-09,Manual
A0001630,L000636,E101,2026-02-04 09:48:23,Zalo,Connected,2026-02-10,Manual
A0001631,L000636,E101,06/02/2026 10:48,Email,Requested Quote,2026-02-15,CRM
A0001632,L000637,E101,2026-02-02 05:30:08,Phone,Connected,2026-02-05,Manual
A0001633,L000637,E101,2026-02-09 05:30:08,Email,Sample Requested,2026-02-17,Manual
A0001634,L000638,E101,2026-02-10 04:00:39,Email,No Answer,2026-02-12,CRM
A0001635,L000638,E101,2026-02-11 05:00:39,Email,Requested Quote,2026-02-16,Email Sync
A0001636,L000638,E101,2026-02-18 10:00:39,Zalo,No Answer,2026-02-24,Email Sync
A0001637,L000639,E101,2026-02-09 12:44:19,Email,Connected,2026-02-11,Email Sync
A0001638,L000639,E101,2026-02-12 15:44:19,Zalo,No Answer,2026-02-15,Email Sync
A0001639,L000639,E101,2026-02-18 20:44:19,Email,No Answer,,Manual
A0001640,L000640,E102,2026-02-28 02:22:27,Phone,Connected,2026-03-04,Manual
A0001641,L000641,E103,2026-05-14 18:39:29,Email,Invalid Contact,2026-05-16,Manual
A0001642,L000642,E101,2026-05-27 19:10:14,Zalo,Connected,2026-05-29,CRM
A0001643,L000642,E101,2026-05-28 21:10:14,Email,No Answer,2026-05-30,Manual
A0001644,L000643,E102,2026-06-05 07:01:29,Zalo,No Answer,2026-06-07,Email Sync
A0001645,L000644,E102,2026-06-25 06:00:35,Email,Connected,2026-06-29,Email Sync
A0001646,L000645,E103,2026-06-27 13:47:08,Phone,Connected,2026-06-28,Manual
A0001647,L000646,E103,2026-06-29 18:25:24,Phone,Connected,2026-07-03,CRM
A0001648,L000646,E103,2026-07-03 18:25:24,Email,Technical Review,2026-07-09,Email Sync
A0001649,L000646,E103,2026-07-04 19:25:24,Email,Connected,2026-07-13,Manual
A0001650,L000647,E102,2026-07-02 18:29:28,Email,Connected,2026-07-05,Email Sync
A0001651,L000647,E102,2026-07-06 22:29:28,Phone,No Answer,2026-07-11,Manual
A0001652,L000647,E102,2026-07-09 23:29:28,Phone,,2026-07-14,Manual
A0001653,L000647,E102,2026-07-13 23:29:28,Email,Technical Review,2026-07-18,Manual
A0001654,L000648,E101,2026-07-20 16:33:34,Email,No Answer,2026-07-24,Email Sync
A0001655,L000649,E101,2026-08-13 01:52:32,Email,Connected,2026-08-17,Email Sync
A0001656,L000649,E101,2026-08-16 04:52:32,Email,Follow-up Later,2026-08-20,Manual
A0001657,L000650,E103,2026-08-16 14:15:20,Email,Connected,2026-08-20,Email Sync
A0001658,L000650,E103,2026-08-21 14:15:20,Meeting,Follow-up Later,2026-08-30,CRM
A0001659,L000650,E103,2026-08-24 18:15:20,Zalo,No Answer,2026-08-28,Email Sync
A0001660,L000650,E103,2026-08-26 21:15:20,Phone,Connected,2026-09-01,CRM
A0001661,L000650,E103,2026-08-29 00:15:20,Zalo,Technical Review,2026-09-05,Manual
A0001662,L000651,E103,2025-01-16 06:14:12,Email,No Answer,2025-01-17,Manual
A0001663,L000651,E103,2025-01-20 11:14:12,Meeting,Technical Review,2025-01-25,Manual
A0001664,L000651,E103,2025-01-22 11:14:12,Email,No Answer,2025-01-30,Manual
A0001665,L000652,E103,2025-01-27 03:10:45,Email,No Answer,2025-01-28,Email Sync
A0001666,L000652,E103,2025-01-28 03:10:45,Email,Sample Requested,2025-02-03,Email Sync
A0001667,L000652,E103,2025-01-30 03:10:45,Phone,No Answer,2025-02-07,Manual
A0001668,L000653,E103,2025-01-27 08:48:28,Phone,Connected,2025-01-31,CRM
A0001669,L000653,E103,2025-01-31 13:48:28,Meeting,Requested Quote,2025-02-08,Manual
A0001670,L000653,E103,2025-02-02 15:48:28,Zalo,No Answer,,CRM
A0001671,L000653,E103,2025-02-06 17:48:28,Zalo,Follow-up Later,,Email Sync
A0001672,L000654,E101,2025-02-10 17:16:57,Email,Connected,2025-02-12,Manual
A0001673,L000654,E101,2025-02-13 20:16:57,Zalo,Requested Quote,2025-02-17,Manual
A0001674,L000654,E101,2025-02-18 01:16:57,Zalo,Closed Lost,2025-02-24,Manual
A0001675,L000655,E102,2025-02-15 17:56:08,Phone,Connected,2025-02-17,Email Sync
A0001676,L000655,E102,2025-02-22 20:56:08,Phone,Sample Requested,2025-02-27,Manual
A0001677,L000656,E103,2025-04-03 02:32:01,Email,Connected,2025-04-05,Manual
A0001678,L000656,E103,2025-04-08 02:32:01,Zalo,No Answer,2025-04-12,Email Sync
A0001679,L000656,E103,2025-04-12 04:32:01,Meeting,Connected,,Email Sync
A0001680,L000656,E103,2025-04-16 06:32:01,Phone,Closed Lost,2025-04-22,CRM
A0001681,L000657,E101,2025-05-01 18:21:22,Email,Connected,2025-05-02,Email Sync
A0001682,L000657,E101,2025-05-03 21:21:22,Email,,2025-05-06,Manual
A0001683,L000657,E101,2025-05-04 22:21:22,Phone,Closed Lost,2025-05-10,Email Sync
A0001684,L000658,E101,2025-05-03 00:00:26,Phone,No Answer,2025-05-05,Manual
A0001685,L000658,E101,2025-05-10 05:00:26,Phone,Requested Quote,2025-05-19,Manual
A0001686,L000658,E101,2025-05-16 05:00:26,Email,Requested Quote,2025-05-18,CRM
A0001687,L000659,E101,2025-05-21 03:31:32,Phone,Voicemail,2025-05-24,CRM
A0001688,L000660,E103,2025-05-22 06:17:12,Email,Invalid Contact,2025-05-25,Manual
A0001689,L000661,E101,2025-05-26 04:43:05,Email,Voicemail,2025-05-29,Manual
A0001690,L000661,E101,2025-06-01 06:43:05,Phone,Technical Review,2025-06-06,Manual
A0001691,L000661,E101,2025-06-08 08:43:05,Zalo,Connected,2025-06-11,Manual
A0001692,L000661,E101,2025-06-12 08:43:05,Phone,Requested Quote,2025-06-20,Email Sync
A0001693,L000662,E102,2025-06-03 03:56:14,Email,Connected,2025-06-04,CRM
A0001694,L000662,E102,2025-06-04 05:56:14,Phone,No Answer,2025-06-09,Manual
A0001695,L000662,E102,2025-06-06 10:56:14,Phone,No Answer,2025-06-13,CRM
A0001696,L000662,E102,2025-06-09 11:56:14,Phone,Technical Review,2025-06-14,Email Sync
A0001697,L000663,E102,2025-07-05 05:07:04,Email,Connected,2025-07-08,Manual
A0001698,L000663,E102,2025-07-07 07:07:04,Zalo,Connected,2025-07-15,CRM
A0001699,L000663,E102,2025-07-14 11:07:04,Zalo,Requested Quote,2025-07-23,Manual
A0001700,L000663,E102,2025-07-21 16:07:04,Phone,No Answer,2025-07-26,Email Sync
A0001701,L000663,E102,2025-07-28 21:07:04,Zalo,Technical Review,2025-08-02,Manual
A0001702,L000664,E101,2025-07-21 06:15:54,Email,Connected,2025-07-23,Manual
A0001703,L000664,E101,2025-07-25 08:15:54,Phone,Closed Lost,2025-08-01,Manual
A0001704,L000665,E102,2025-07-23 02:57:18,Phone,Connected,2025-07-27,Manual
A0001705,L000665,E102,2025-07-25 02:57:18,Email,Connected,2025-07-28,Manual
A0001706,L000666,E102,2025-07-23 19:13:04,Email,Connected,2025-07-27,Manual
A0001707,L000666,E102,2025-07-26 20:13:04,Email,Connected,2025-08-02,Email Sync
A0001708,L000667,E101,2025-07-28 18:36:49,Zalo,Connected,2025-07-30,Manual
A0001709,L000667,E101,2025-07-29 22:36:49,Zalo,Follow-up Later,2025-08-07,Manual
A0001710,L000668,E103,2025/08/12 08:10,Email,Connected,2025-08-16,Manual
A0001711,L000668,E103,2025-08-15 13:10:57,Meeting,Requested Quote,2025-08-17,Manual
A0001712,L000668,E103,2025-08-18 15:10:57,Phone,Technical Review,2025-08-27,Email Sync
A0001713,L000669,E102,2025-09-05 23:05:13,Email,,2025-09-07,Manual
A0001714,L000669,E102,2025-09-08 04:05:13,Email,Follow-up Later,,Email Sync
A0001715,L000669,E102,2025-09-10 06:05:13,Zalo,Follow-up Later,,Email Sync
A0001716,L000669,E102,2025-09-15 10:05:13,Email,Requested Quote,2025-09-19,CRM
A0001717,L000669,E102,2025-09-18 12:05:13,Email,Requested Quote,2025-09-25,Manual
A0001718,L000670,E103,2025-09-15 07:31:07,Email,Connected,2025-09-19,Email Sync
A0001719,L000670,E103,16/09/2025 12:31,Meeting,Requested Quote,2025-09-21,Email Sync
A0001720,L000670,E103,2025-09-17 12:31:07,Phone,Technical Review,2025-09-21,Email Sync
A0001721,L000671,E102,2025-09-16 18:11:34,Phone,Connected,2025-09-17,CRM
A0001722,L000671,E102,2025-09-18 20:11:34,Zalo,Closed Lost,,Manual
A0001723,L000671,E102,2025-09-20 22:11:34,Meeting,No Answer,2025-09-26,Manual
A0001724,L000671,E102,2025-09-26 23:11:34,Email,Technical Review,2025-09-28,Manual
A0001725,L000672,E101,2025-10-03 20:25:42,Email,Connected,2025-10-05,Email Sync
A0001726,L000673,E102,2025-10-08 21:13:26,Email,Connected,2025-10-11,CRM
A0001727,L000673,E102,2025-10-10 21:13:26,Email,No Answer,,CRM
A0001728,L000673,E102,2025-10-13 21:13:26,Email,Connected,2025-10-18,Manual
A0001729,L000673,E102,2025-10-21 02:13:26,Zalo,No Answer,2025-10-23,Email Sync
A0001730,L000674,E101,2025-11-20 16:30:33,Email,Connected,2025-11-23,CRM
A0001731,L000674,E101,2025-11-23 19:30:33,Email,Follow-up Later,2025-11-25,Manual
A0001732,L000674,E101,2025-11-27 23:30:33,Meeting,No Answer,2025-12-02,CRM
A0001733,L000674,E101,2025-12-02 03:30:33,Email,Follow-up Later,2025-12-07,CRM
A0001734,L000674,E101,2025-12-08 05:30:33,Meeting,Connected,2025-12-11,Manual
A0001735,L000675,E102,2025-11-28 05:35:42,Phone,Connected,2025-12-01,Manual
A0001736,L000675,E102,2025-12-04 08:35:42,Email,Closed Lost,,CRM
A0001737,L000676,E102,2025-03-13 03:10:50,Phone,Voicemail,2025-03-15,CRM
A0001738,L000676,E102,2025-03-19 06:10:50,Phone,Connected,2025-03-22,Manual
A0001739,L000676,E102,2025-03-20 06:10:50,Phone,No Answer,2025-03-27,Email Sync
A0001740,L000676,E102,2025-03-25 07:10:50,Phone,No Answer,2025-03-28,CRM
A0001741,L000677,E101,2025-04-09 14:19:01,Zalo,Connected,2025-04-11,CRM
A0001742,L000677,E101,2025-04-11 19:19:01,Email,Connected,2025-04-18,Manual
A0001743,L000677,E101,2025-04-15 21:19:01,Email,Sample Requested,2025-04-20,CRM
A0001744,L000677,E101,2025-04-21 02:19:01,Phone,Technical Review,2025-04-29,Email Sync
A0001745,L000677,E101,2025-04-24 04:19:01,Meeting,Sample Requested,2025-05-01,Manual
A0001746,L000678,E103,2025-05-19 17:09:46,Phone,Connected,2025-05-22,Email Sync
A0001747,L000678,E103,2025-05-23 17:09:46,Zalo,Closed Lost,2025-05-28,CRM
A0001748,L000678,E103,2025-05-27 21:09:46,Email,Sample Requested,2025-05-31,Email Sync
A0001749,L000679,E102,2025-05-21 23:40:45,Zalo,Connected,2025-05-22,Email Sync
A0001750,L000679,E102,2025-05-24 23:40:45,Zalo,Technical Review,,CRM
A0001751,L000679,E102,2025-06-01 02:40:45,Zalo,Connected,2025-06-08,Manual
A0001752,L000680,E101,2025-06-12 00:02:19,Email,No Answer,2025-06-15,Email Sync
A0001753,L000680,E101,2025-06-13 02:02:19,Meeting,Requested Quote,2025-06-21,Manual
A0001754,L000680,E101,2025-06-20 05:02:19,Email,No Answer,2025-06-25,CRM
A0001755,L000681,E101,2025-06-20 15:47:22,Email,Connected,2025-06-24,Email Sync
A0001756,L000681,E101,2025-06-21 18:47:22,Phone,Technical Review,2025-06-25,Manual
A0001757,L000681,E101,2025-06-25 19:47:22,Meeting,Closed Lost,2025-06-29,Manual
A0001758,L000682,E103,2025-07-09 01:05:56,Email,Connected,2025-07-12,Manual
A0001759,L000683,E101,2025-08-02 20:42:47,Email,No Answer,2025-08-06,Manual
A0001760,L000683,E101,2025-08-05 20:42:47,Phone,Connected,2025-08-12,Email Sync
A0001761,L000684,E101,2025-08-01 17:57:21,Phone,Connected,2025-08-04,CRM
A0001762,L000684,E101,2025-08-05 19:57:21,Phone,No Answer,2025-08-13,Email Sync
A0001763,L000685,E101,2025-08-06 09:54:53,Email,Connected,2025-08-09,Email Sync
A0001764,L000685,E101,2025-08-10 11:54:53,Meeting,Requested Quote,2025-08-16,CRM
A0001765,L000686,E101,2025-09-07 04:21:01,Zalo,Connected,2025-09-10,CRM
A0001766,L000687,E103,2025-09-22 18:53:49,Phone,Connected,2025-09-24,CRM
A0001767,L000687,E103,2025-09-28 20:53:49,Email,Technical Review,2025-10-07,Email Sync
A0001768,L000687,E103,2025-10-01 20:53:49,Phone,Technical Review,2025-10-07,CRM
A0001769,L000687,E103,2025-10-08 23:53:49,Zalo,Follow-up Later,,CRM
A0001770,L000687,E103,2025-10-13 23:53:49,Email,Connected,,Email Sync
A0001771,L000688,E101,2025-09-23 14:53:58,Phone,Connected,2025-09-25,Email Sync
A0001772,L000688,E101,2025-09-25 14:53:58,Email,No Answer,2025-10-03,CRM
A0001773,L000688,E101,2025-10-01 15:53:58,Zalo,Connected,2025-10-06,CRM
A0001774,L000689,E102,2025-10-15 03:09:49,Email,Connected,2025-10-19,CRM
A0001775,L000690,E103,2025-10-19 12:22:24,Phone,No Answer,2025-10-20,Manual
A0001776,L000691,E101,2025-10-22 22:28:13,Email,Invalid Contact,2025-10-25,Email Sync
A0001777,L000691,E101,2025-10-23 22:28:13,Email,Requested Quote,2025-10-29,Email Sync
A0001778,L000692,E102,2025-10-30 19:54:28,Phone,Connected,2025-11-02,Email Sync
A0001779,L000692,E102,2025-11-04 19:54:28,Zalo,Technical Review,2025-11-09,Manual
A0001780,L000692,E102,2025-11-11 00:54:28,Email,Connected,2025-11-20,CRM
A0001781,L000692,E102,2025-11-12 02:54:28,Email,Requested Quote,2025-11-14,Manual
A0001782,L000693,E101,2025-11-04 02:14:22,Zalo,Voicemail,2025-11-05,Email Sync
A0001783,L000693,E101,2025-11-11 06:14:22,Meeting,Closed Lost,,Manual
A0001784,L000694,E101,2025-11-03 22:11:43,Email,Connected,2025-11-06,Email Sync
A0001785,L000694,E101,2025-11-10 02:11:43,Phone,Closed Lost,2025-11-16,CRM
A0001786,L000694,E101,2025-11-13 04:11:43,Phone,No Answer,2025-11-21,Manual
A0001787,L000694,E101,2025-11-15 04:11:43,Phone,Requested Quote,2025-11-23,CRM
A0001788,L000695,E101,2025-11-08 04:18:16,Phone,,2025-11-09,Email Sync
A0001789,L000695,E101,2025-11-09 08:18:16,Email,Technical Review,2025-11-14,Manual
A0001790,L000695,E101,2025-11-16 10:18:16,Phone,Sample Requested,2025-11-23,CRM
A0001791,L000696,E103,2025-11-09 17:57:47,Zalo,Connected,2025-11-12,Manual
A0001792,L000696,E103,2025-11-10 19:57:47,Phone,Connected,2025-11-13,CRM
A0001793,L000696,E103,2025-11-12 23:57:47,Meeting,Follow-up Later,2025-11-19,Manual
A0001794,L000697,E101,2025-11-21 07:39:52,Zalo,Connected,2025-11-24,Email Sync
A0001795,L000697,E101,2025-11-27 07:39:52,Email,Connected,2025-12-05,CRM
A0001796,L000697,E101,2025-12-04 09:39:52,Email,Follow-up Later,2025-12-08,Manual
A0001797,L000698,E102,2025-12-04 16:20:21,Phone,Connected,2025-12-05,Manual
A0001798,L000699,E103,2025-12-08 17:19:07,Zalo,Voicemail,2025-12-09,CRM
A0001799,L000699,E103,2025-12-11 22:19:07,Email,No Answer,2025-12-20,Manual
A0001800,L000700,E102,2025-12-29 08:03:26,Phone,No Answer,2026-01-02,CRM
A0001801,L000700,E102,2026-01-03 13:03:26,Email,Connected,2026-01-08,Manual
A0001802,L000701,E102,2026-01-20 19:15:57,Phone,Connected,2026-01-23,Email Sync
A0001803,L000701,E102,2026-01-24 20:15:57,Email,Connected,2026-01-28,Manual
A0001804,L000701,E102,2026-01-25 23:15:57,Zalo,Connected,2026-01-31,CRM
A0001805,L000701,E102,2026-01-30 04:15:57,Zalo,Technical Review,2026-02-08,CRM
A0001806,L000701,E102,2026-02-04 08:15:57,Meeting,No Answer,2026-02-11,CRM
A0001807,L000702,E103,2026-01-22 05:06:41,Zalo,Connected,2026-01-25,Manual
A0001808,L000703,E103,2026-02-07 01:42:26,Phone,No Answer,2026-02-09,Manual
A0001809,L000704,E101,2026-02-08 23:44:47,Phone,No Answer,2026-02-09,Manual
A0001810,L000704,E101,2026-02-10 04:44:47,Phone,Follow-up Later,2026-02-12,Email Sync
A0001811,L000704,E101,2026-02-16 05:44:47,Meeting,No Answer,2026-02-25,CRM
A0001812,L000705,E101,2026-02-12 04:13:39,Phone,Connected,2026-02-14,CRM
A0001813,L000706,E102,2026-02-15 09:35:32,Email,Connected,2026-02-19,CRM
A0001814,L000706,E102,2026-02-17 11:35:32,Phone,Technical Review,,Manual
A0001815,L000706,E102,2026-02-20 12:35:32,Email,Closed Lost,2026-02-22,Manual
A0001816,L000707,E101,2026-03-14 11:35:40,Phone,Connected,2026-03-15,Manual
A0001817,L000707,E101,2026-03-19 13:35:40,Email,No Answer,,Email Sync
A0001818,L000707,E101,2026-03-21 16:35:40,Phone,Connected,2026-03-28,Email Sync
A0001819,L000708,E102,2026-03-21 03:07:16,Phone,Connected,2026-03-24,Email Sync
A0001820,L000708,E102,2026-03-25 03:07:16,Zalo,Requested Quote,2026-03-31,Email Sync
A0001821,L000708,E102,2026-03-27 04:07:16,Email,Sample Requested,2026-03-29,Manual
A0001822,L000709,E101,2026-04-02 01:57:18,Zalo,Connected,2026-04-04,Manual
A0001823,L000709,E101,2026-04-07 06:57:18,Phone,Follow-up Later,2026-04-13,Email Sync
A0001824,L000710,E102,2026-04-20 22:38:57,Zalo,Connected,2026-04-21,Manual
A0001825,L000710,E102,2026-04-28 03:38:57,Zalo,Technical Review,2026-04-30,Manual
A0001826,L000711,E102,2026-04-21 20:01:28,Zalo,Connected,2026-04-24,Manual
A0001827,L000711,E102,2026-04-29 01:01:28,Email,Connected,2026-05-01,Manual
A0001828,L000711,E102,2026-04-30 04:01:28,Meeting,Follow-up Later,2026-05-09,Email Sync
A0001829,L000712,E102,2026-05-09 14:01:10,Phone,Connected,2026-05-13,Manual
A0001830,L000712,E102,2026-05-15 19:01:10,Phone,Follow-up Later,2026-05-17,Manual
A0001831,L000712,E102,2026-05-20 22:01:10,Meeting,Connected,2026-05-27,Manual
A0001832,L000712,E102,2026-05-22 02:01:10,Zalo,Connected,2026-05-24,Email Sync
A0001833,L000712,E102,2026-05-25 04:01:10,Email,Follow-up Later,2026-06-01,Email Sync
A0001834,L000713,E101,2026-05-21 05:53:30,Zalo,Connected,2026-05-23,Email Sync
A0001835,L000713,E101,2026-05-25 07:53:30,Meeting,Requested Quote,2026-06-03,Email Sync
A0001836,L000713,E101,2026-05-26 07:53:30,Zalo,Sample Requested,2026-05-28,Email Sync
A0001837,L000713,E101,2026-05-28 07:53:30,Zalo,No Answer,2026-06-03,Email Sync
A0001838,L000713,E101,2026-05-30 12:53:30,Meeting,No Answer,2026-06-06,Email Sync
A0001839,L000714,E101,2026-05-26 02:36:58,Zalo,Connected,2026-05-28,Email Sync
A0001840,L000714,E101,2026-05-29 05:36:58,Zalo,No Answer,,Manual
A0001841,L000714,E101,2026-06-01 10:36:58,Phone,Connected,2026-06-07,Email Sync
A0001842,L000714,E101,2026-06-04 12:36:58,Email,,2026-06-11,CRM
A0001843,L000715,E101,2026-07-29 16:07:43,Zalo,Connected,2026-08-02,Email Sync
A0001844,L000715,E101,2026-07-30 18:07:43,Phone,Follow-up Later,2026-08-05,CRM
A0001845,L000715,E101,2026-08-01 23:07:43,Email,No Answer,,CRM
A0001846,L000716,E101,2026-08-13 18:13:27,Zalo,Connected,2026-08-17,Manual
A0001847,L000716,E101,2026-08-16 23:13:27,Email,Connected,2026-08-20,Manual
A0001848,L000716,E101,2026-08-22 03:13:27,Email,,2026-08-27,Email Sync
A0001849,L000716,E101,2026-08-24 05:13:27,Zalo,No Answer,2026-08-28,Manual
A0001850,L000717,E101,2025-01-16 21:07:18,Zalo,Connected,2025-01-17,CRM
A0001851,L000717,E101,2025-01-23 01:07:18,Email,Connected,2025-01-26,Manual
A0001852,L000717,E101,2025-01-28 03:07:18,Email,Connected,2025-01-31,Manual
A0001853,L000718,E102,2025-01-27 15:12:27,Email,Connected,2025-01-29,CRM
A0001854,L000718,E102,2025-02-02 16:12:27,Zalo,No Answer,2025-02-09,CRM
A0001855,L000719,E102,2025-01-31 23:24:30,Phone,Connected,2025-02-04,CRM
A0001856,L000719,E102,2025-02-07 03:24:30,Email,Connected,2025-02-16,CRM
A0001857,L000719,E102,2025-02-09 08:24:30,Meeting,Follow-up Later,2025-02-11,Email Sync
A0001858,L000720,E101,2025-01-31 23:41:29,Zalo,Voicemail,2025-02-03,CRM
A0001859,L000720,E101,2025-02-06 04:41:29,Email,Technical Review,2025-02-13,CRM
A0001860,L000720,E101,2025-02-08 07:41:29,Email,No Answer,2025-02-10,Manual
A0001861,L000721,E102,2025-03-01 03:44:00,Email,Connected,2025-03-04,CRM
A0001862,L000721,E102,2025-03-06 05:44:00,Phone,Connected,2025-03-14,CRM
A0001863,L000721,E102,2025-03-13 08:44:00,Meeting,Requested Quote,2025-03-20,CRM
A0001864,L000721,E102,2025-03-16 12:44:00,Phone,Sample Requested,2025-03-24,CRM
A0001865,L000722,E101,2025-03-15 07:57:14,Zalo,No Answer,2025-03-16,Manual
A0001866,L000723,E102,2025-03-20 00:30:02,Phone,Connected,2025-03-24,Manual
A0001867,L000723,E102,2025-03-27 01:30:02,Meeting,No Answer,2025-04-04,Email Sync
A0001868,L000723,E102,2025-03-30 03:30:02,Phone,Requested Quote,2025-04-03,CRM
A0001869,L000724,E102,2025-05-18 21:16:22,Phone,Connected,2025-05-21,Email Sync
A0001870,L000724,E102,2025-05-20 02:16:22,Meeting,Follow-up Later,,CRM
A0001871,L000724,E102,2025-05-26 03:16:22,Phone,Requested Quote,2025-06-02,Email Sync
A0001872,L000724,E102,2025-05-30 04:16:22,Zalo,Technical Review,2025-06-04,CRM
A0001873,L000724,E102,2025-06-06 06:16:22,Meeting,Follow-up Later,2025-06-08,CRM
A0001874,L000725,E102,2025-06-03 05:41:20,Phone,Connected,2025-06-06,Email Sync
A0001875,L000726,E103,2025-06-13 01:09:35,Email,Connected,2025-06-17,CRM
A0001876,L000726,E103,2025-06-16 02:09:35,Email,No Answer,2025-06-22,Manual
A0001877,L000726,E103,2025-06-17 07:09:35,Phone,Follow-up Later,2025-06-23,CRM
A0001878,L000727,E102,2025-07-09 05:25:41,Phone,Connected,2025-07-13,Email Sync
A0001879,L000727,E102,2025-07-10 08:25:41,Phone,Technical Review,2025-07-14,Manual
A0001880,L000727,E102,2025-07-14 08:25:41,Email,Connected,2025-07-21,CRM
A0001881,L000728,E103,2025-07-20 06:18:32,Email,Connected,2025-07-24,Email Sync
A0001882,L000728,E103,2025-07-23 07:18:32,Phone,Technical Review,,Manual
A0001883,L000728,E103,2025-07-24 09:18:32,Email,Requested Quote,2025-07-31,Email Sync
A0001884,L000728,E103,2025-07-28 11:18:32,Zalo,Requested Quote,2025-08-05,CRM
A0001885,L000728,E103,2025-08-03 16:18:32,Meeting,Technical Review,2025-08-09,CRM
A0001886,L000729,E103,2025-07-26 08:16:10,Zalo,No Answer,2025-07-30,Manual
A0001887,L000729,E103,2025-08-01 13:16:10,Meeting,Follow-up Later,,Manual
A0001888,L000729,E103,2025-08-04 14:16:10,Phone,No Answer,,Email Sync
A0001889,L000729,E103,2025-08-11 16:16:10,Phone,Closed Lost,,CRM
A0001890,L000729,E103,2025-08-12 20:16:10,Email,No Answer,2025-08-19,CRM
A0001891,L000730,E102,2025-08-15 03:29:13,Email,Connected,2025-08-18,Email Sync
A0001892,L000730,E102,2025-08-22 06:29:13,Meeting,Closed Lost,2025-08-27,Manual
A0001893,L000730,E102,2025-08-26 06:29:13,Email,Follow-up Later,2025-08-30,CRM
A0001894,L000731,E101,2025-10-01 17:14:18,Email,Connected,2025-10-05,Email Sync
A0001895,L000732,E103,2025-11-15 01:50:39,Email,Connected,2025-11-19,Manual
A0001896,L000732,E103,2025-11-19 05:50:39,Email,Sample Requested,2025-11-26,Email Sync
A0001897,L000732,E103,2025-11-23 08:50:39,Email,,2025-11-25,Email Sync
A0001898,L000732,E103,2025-11-25 08:50:39,Zalo,Requested Quote,2025-12-04,CRM
A0001899,L000733,E101,2025-11-29 16:17:20,Zalo,Connected,2025-11-30,Email Sync
A0001900,L000733,E101,2025-11-30 16:17:20,Email,Technical Review,,CRM
A0001901,L000734,E103,2026-01-10 08:29:50,Phone,Connected,2026-01-12,Email Sync
A0001902,L000735,E101,2026-03-03 21:46:53,Email,Connected,2026-03-04,CRM
A0001903,L000735,E101,2026-03-05 01:46:53,Meeting,Connected,2026-03-12,CRM
A0001904,L000735,E101,2026-03-07 04:46:53,Email,Connected,2026-03-15,CRM
A0001905,L000735,E101,2026-03-09 09:46:53,Email,Follow-up Later,2026-03-18,CRM
A0001906,L000736,E101,2026-03-07 09:30:01,Phone,Connected,2026-03-11,CRM
A0001907,L000736,E101,2026-03-10 12:30:01,Phone,No Answer,2026-03-19,Email Sync
A0001908,L000736,E101,2026-03-17 17:30:01,Zalo,,2026-03-21,Email Sync
A0001909,L000737,E101,2026-03-08 13:37:32,Phone,No Answer,2026-03-10,Email Sync
A0001910,L000738,E102,2026-03-29 20:02:11,Email,Connected,2026-04-02,Email Sync
A0001911,L000738,E102,2026-04-04 20:02:11,Phone,Closed Lost,2026-04-13,Manual
A0001912,L000739,E101,2026-04-03 10:43:28,Email,Connected,2026-04-06,Manual
A0001913,L000740,E102,2026-04-16 23:48:34,Email,No Answer,2026-04-17,CRM
A0001914,L000741,E101,2026-04-20 22:25:56,Phone,Connected,2026-04-21,Email Sync
A0001915,L000741,E101,2026-04-22 00:25:56,Meeting,Follow-up Later,,CRM
A0001916,L000741,E101,2026-04-29 03:25:56,Meeting,Technical Review,2026-05-07,CRM
A0001917,L000742,E102,2026-05-15 17:15:49,Zalo,Connected,2026-05-19,Email Sync
A0001918,L000742,E102,2026-05-16 18:15:49,Phone,Connected,2026-05-19,Manual
A0001919,L000742,E102,2026-05-19 21:15:49,Meeting,Closed Lost,2026-05-26,Manual
A0001920,L000743,E101,2026-06-09 14:07:46,Email,Connected,2026-06-12,Email Sync
A0001921,L000743,E101,2026-06-16 16:07:46,Zalo,Closed Lost,2026-06-18,Email Sync
A0001922,L000744,E103,2026-07-04 23:49:29,Phone,No Answer,2026-07-07,Email Sync
A0001923,L000744,E103,2026-07-06 23:49:29,Email,Closed Lost,2026-07-12,Email Sync
A0001924,L000744,E103,2026-07-13 01:49:29,Meeting,Follow-up Later,2026-07-18,Manual
A0001925,L000745,E103,2025-06-09 22:53:07,Phone,Connected,2025-06-13,Email Sync
A0001926,L000745,E103,2025-06-16 23:53:07,Phone,Closed Lost,2025-06-22,CRM
A0001927,L000746,E102,2025-08-20 03:30:11,Zalo,Connected,2025-08-24,Email Sync
A0001928,L000746,E102,2025-08-22 07:30:11,Zalo,No Answer,2025-08-25,Email Sync
A0001929,L000747,E103,2025-10-02 08:29:58,Zalo,Connected,2025-10-03,Email Sync
A0001930,L000748,E102,2025-11-15 12:48:45,Phone,No Answer,2025-11-17,Email Sync
A0001931,L000748,E102,2025-11-22 15:48:45,Zalo,Sample Requested,2025-11-28,Manual
A0001932,L000748,E102,2025-11-23 16:48:45,Zalo,Follow-up Later,2025-11-26,Email Sync
A0001933,L000748,E102,2025-11-27 16:48:45,Zalo,Sample Requested,2025-12-05,Manual
A0001934,L000748,E102,2025-12-02 18:48:45,Email,Requested Quote,,CRM
A0001935,L000749,E101,2025-11-22 07:25:58,Phone,Connected,2025-11-25,Email Sync
A0001936,L000749,E101,2025-11-23 07:25:58,Email,Requested Quote,,CRM
A0001937,L000749,E101,2025-11-29 07:25:58,Phone,Technical Review,2025-12-07,CRM
A0001938,L000750,E101,2025-12-25 17:03:26,Email,Connected,2025-12-27,Manual
A0001939,L000750,E101,2025-12-26 19:03:26,Phone,Follow-up Later,2026-01-02,CRM
A0001940,L000750,E101,2026-01-01 19:03:26,Phone,Connected,2026-01-05,Manual
A0001941,L000750,E101,2026-01-02 21:03:26,Email,Requested Quote,2026-01-09,Email Sync
A0001942,L000751,E103,2026-01-27 13:17:42,Email,No Answer,2026-01-28,Manual
A0001943,L000751,E103,2026-01-29 17:17:42,Phone,,2026-02-04,Manual
A0001944,L000751,E103,2026-02-03 18:17:42,Phone,Connected,2026-02-06,CRM
A0001945,L000751,E103,2026-02-10 20:17:42,Email,Closed Lost,2026-02-14,CRM
A0001946,L000752,E102,2026-01-28 00:26:24,Phone,Connected,2026-01-31,Manual
A0001947,L000753,E101,2026-02-24 23:47:28,Zalo,Connected,2026-02-27,Manual
A0001948,L000753,E101,2026-03-02 02:47:28,Phone,Requested Quote,2026-03-10,Manual
A0001949,L000753,E101,2026-03-06 07:47:28,Email,No Answer,2026-03-10,Manual
A0001950,L000754,E103,2026-03-23 14:48:56,Zalo,Connected,2026-03-27,Email Sync
A0001951,L000755,E102,2026-03-27 06:16:44,Email,No Answer,2026-03-30,CRM
A0001952,L000755,E102,2026-04-01 10:16:44,Zalo,Connected,2026-04-06,CRM
A0001953,L000756,E101,2026-04-01 04:27:33,Phone,Connected,2026-04-05,Manual
A0001954,L000757,E103,2026-04-04 14:51:06,Zalo,Connected,2026-04-07,CRM
A0001955,L000757,E103,2026-04-05 16:51:06,Email,Connected,2026-04-14,Email Sync
A0001956,L000757,E103,2026-04-11 20:51:06,Email,No Answer,2026-04-16,Email Sync
A0001957,L000757,E103,2026-04-18 20:51:06,Phone,Requested Quote,2026-04-25,CRM
A0001958,L000757,E103,2026-04-22 23:51:06,Meeting,No Answer,2026-04-25,Email Sync
A0001959,L000758,E103,2026-04-22 02:09:39,Email,Connected,2026-04-23,Manual
A0001960,L000758,E103,2026-04-25 02:09:39,Email,Sample Requested,2026-04-29,CRM
A0001961,L000759,E102,2026-07-21 02:34:58,Zalo,Connected,2026-07-24,Email Sync
A0001962,L000760,E102,2026-08-06 18:21:41,Email,Invalid Contact,2026-08-08,CRM
A0001963,L000760,E102,2026-08-08 19:21:41,Phone,No Answer,2026-08-15,Manual
A0001964,L000760,E102,2026-08-15 20:21:41,Email,Connected,2026-08-17,Email Sync
A0001965,L000760,E102,2026-08-22 23:21:41,Email,No Answer,2026-08-30,CRM
A0001966,L000761,E102,2026-08-10 22:53:53,Phone,Connected,2026-08-12,Email Sync
A0001967,L000761,E102,2026-08-12 23:53:53,Phone,No Answer,2026-08-14,CRM
A0001968,L000761,E102,2026-08-15 01:53:53,Phone,Closed Lost,2026-08-24,Manual
A0001969,L000762,E101,2026-08-13 22:51:17,Zalo,Connected,2026-08-17,Manual
A0001970,L000763,E102,2026-08-22 00:36:58,Phone,Connected,2026-08-23,Manual
A0001971,L000764,E102,2026-08-21 15:22:11,Email,Connected,2026-08-22,Email Sync
A0001972,L000764,E102,2026-08-23 18:22:11,Zalo,Follow-up Later,2026-08-31,Manual
A0001973,L000765,E101,2026-08-27 23:29:04,Phone,Connected,2026-08-28,Email Sync
A0001974,L000765,E101,2026-09-02 04:29:04,Meeting,Closed Lost,2026-09-05,CRM
A0001975,L000766,E101,2026-08-28 16:54:59,Email,No Answer,2026-08-29,Email Sync
A0001976,L000767,E102,2025-01-22 10:55:07,Phone,Connected,2025-01-25,CRM
A0001977,L000767,E102,2025-01-23 11:55:07,Email,Requested Quote,2025-01-31,Email Sync
A0001978,L000768,E102,2025-01-25 00:19:50,Zalo,Invalid Contact,2025-01-27,CRM
A0001979,L000768,E102,2025-01-28 02:19:50,Phone,Follow-up Later,2025-02-02,Email Sync
A0001980,L000769,E101,2025-03-14 23:36:58,Email,Connected,2025-03-18,Email Sync
A0001981,L000769,E101,2025-03-21 02:36:58,Phone,Closed Lost,2025-03-25,Manual
A0001982,L000769,E101,2025-03-25 07:36:58,Zalo,Connected,2025-04-03,Email Sync
A0001983,L000769,E101,2025-04-01 07:36:58,Phone,Follow-up Later,2025-04-03,CRM
A0001984,L000770,E101,2025-04-01 11:16:30,Phone,Connected,2025-04-05,Manual
A0001985,L000771,E101,2025-04-11 02:45:25,Zalo,Voicemail,2025-04-15,Manual
A0001986,L000771,E101,2025-04-17 05:45:25,Phone,Connected,2025-04-20,Manual
A0001987,L000771,E101,2025-04-20 08:45:25,Phone,No Answer,2025-04-29,Email Sync
A0001988,L000771,E101,2025-04-23 10:45:25,Meeting,Connected,2025-04-27,Manual
A0001989,L000772,E101,2025-04-16 20:52:53,Zalo,Connected,2025-04-18,Email Sync
A0001990,L000773,E101,2025-05-09 11:42:45,Phone,Connected,2025-05-11,Manual
A0001991,L000773,E101,2025-05-11 16:42:45,Phone,Connected,2025-05-17,Manual
A0001992,L000773,E101,2025-05-17 17:42:45,Email,Requested Quote,2025-05-23,Email Sync
A0001993,L000773,E101,2025-05-20 17:42:45,Zalo,Connected,2025-05-24,CRM
A0001994,L000773,E101,2025-05-22 21:42:45,Email,Technical Review,2025-05-27,Email Sync
A0001995,L000774,E102,2025-05-14 02:15:13,Email,Connected,2025-05-15,CRM
A0001996,L000774,E102,2025-05-19 06:15:13,Phone,Requested Quote,,CRM
A0001997,L000775,E101,2025-05-28 06:34:43,Zalo,No Answer,2025-05-29,CRM
A0001998,L000775,E101,2025-06-02 11:34:43,Email,No Answer,,Email Sync
A0001999,L000775,E101,2025-06-07 16:34:43,Phone,Technical Review,,Email Sync
A0002000,L000776,E101,2025-06-06 20:16:40,Email,Connected,2025-06-07,Email Sync
A0002001,L000776,E101,2025-06-12 20:16:40,Email,Sample Requested,2025-06-16,Email Sync
A0002002,L000777,E103,2025-07-31 04:13:08,Email,Invalid Contact,2025-08-03,CRM
A0002003,L000778,E102,2025-08-02 07:19:56,Phone,Connected,2025-08-06,CRM
A0002004,L000778,E102,2025-08-09 12:19:56,Zalo,No Answer,2025-08-13,CRM
A0002005,L000779,E103,2025-08-13 08:26:42,Zalo,No Answer,2025-08-14,Manual
A0002006,L000780,E101,2025-08-14 08:33:23,Phone,Voicemail,2025-08-18,Manual
A0002007,L000780,E101,2025-08-15 13:33:23,Zalo,Follow-up Later,,Email Sync
A0002008,L000780,E101,2025-08-17 17:33:23,Email,Connected,,Email Sync
A0002009,L000781,E102,2025-08-20 07:43:00,Phone,Voicemail,2025-08-24,CRM
A0002010,L000781,E102,2025-08-26 10:43:00,Email,Follow-up Later,,Manual
A0002011,L000782,E102,2025-08-23 01:07:52,Phone,Voicemail,2025-08-27,Manual
A0002012,L000782,E102,2025-08-30 03:07:52,Email,No Answer,2025-09-07,Manual
A0002013,L000782,E102,2025-09-02 05:07:52,Phone,No Answer,,Manual
A0002014,L000782,E102,2025-09-03 10:07:52,Email,Technical Review,2025-09-07,Manual
A0002015,L000782,E102,2025-09-07 10:07:52,Phone,,2025-09-13,Manual
A0002016,L000783,E103,2025-09-18 03:05:28,Email,Connected,2025-09-22,Manual
A0002017,L000783,E103,2025-09-21 03:05:28,Meeting,Connected,2025-09-27,Manual
A0002018,L000783,E103,2025-09-28 03:05:28,Meeting,Requested Quote,2025-10-06,CRM
A0002019,L000783,E103,2025-10-05 05:05:28,Phone,Requested Quote,2025-10-09,Manual
A0002020,L000784,E101,2025-09-20 22:35:23,Zalo,Connected,2025-09-23,Email Sync
A0002021,L000784,E101,2025-09-28 03:35:23,Phone,Technical Review,2025-10-03,Manual
A0002022,L000784,E101,2025-09-30 07:35:23,Phone,No Answer,2025-10-07,Email Sync
A0002023,L000784,E101,2025-10-05 09:35:23,Email,Follow-up Later,2025-10-08,Manual
A0002024,L000785,E102,2025-10-01 22:12:57,Phone,Voicemail,2025-10-03,CRM
A0002025,L000785,E102,2025-10-09 01:12:57,Zalo,Closed Lost,2025-10-12,Manual
A0002026,L000785,E102,2025-10-13 04:12:57,Zalo,No Answer,2025-10-17,Manual
A0002027,L000786,E103,03/10/2025 21:37,Email,Connected,2025-10-07,CRM
A0002028,L000786,E103,2025-10-05 01:37:58,Phone,Requested Quote,2025-10-13,Manual
A0002029,L000786,E103,2025-10-12 04:37:58,Zalo,Requested Quote,2025-10-15,Manual
A0002030,L000786,E103,2025-10-18 09:37:58,Zalo,Technical Review,2025-10-22,Email Sync
A0002031,L000786,E103,2025-10-19 10:37:58,Meeting,Follow-up Later,2025-10-27,Email Sync
A0002032,L000787,E101,2025-10-09 12:16:45,Email,Connected,2025-10-13,Manual
A0002033,L000787,E101,2025-10-10 12:16:45,Phone,Requested Quote,2025-10-13,Email Sync
A0002034,L000787,E101,2025-10-17 15:16:45,Meeting,Connected,2025-10-23,Manual
A0002035,L000788,E103,2025-10-31 22:33:26,Email,No Answer,2025-11-01,Manual
A0002036,L000788,E103,2025-11-06 03:33:26,Zalo,Connected,2025-11-11,Email Sync
A0002037,L000788,E103,2025-11-13 05:33:26,Zalo,Connected,2025-11-15,CRM
A0002038,L000788,E103,2025-11-19 09:33:26,Email,No Answer,2025-11-26,CRM
A0002039,L000788,E103,2025-11-22 13:33:26,Phone,No Answer,2025-12-01,Manual
A0002040,L000789,E103,2025-11-10 21:16:44,Phone,No Answer,2025-11-11,Manual
A0002041,L000790,E103,2025-12-04 11:40:09,Email,Connected,2025-12-07,Email Sync
A0002042,L000791,E101,2025-12-08 09:41:23,Email,Connected,2025-12-09,CRM
A0002043,L000791,E101,2025-12-12 10:41:23,Zalo,Follow-up Later,2025-12-21,Manual
A0002044,L000791,E101,2025-12-16 10:41:23,Email,Connected,2025-12-23,Manual
A0002045,L000792,E101,2025-12-09 05:27:00,Zalo,Connected,2025-12-10,CRM
A0002046,L000793,E101,2025-12-14 21:41:41,Phone,Connected,2025-12-18,Email Sync
A0002047,L000793,E101,2025-12-21 02:41:41,Email,Connected,,Manual
A0002048,L000793,E101,2025-12-22 02:41:41,Email,Connected,2025-12-30,Email Sync
A0002049,L000794,E103,2025-12-29 12:33:23,Phone,Connected,2025-12-30,Manual
A0002050,L000794,E103,2026-01-03 14:33:23,Email,Follow-up Later,,Email Sync
A0002051,L000795,E101,2026-01-31 05:37:32,Zalo,No Answer,2026-02-01,Manual
A0002052,L000795,E101,2026-02-05 08:37:32,Email,Sample Requested,2026-02-10,Manual
A0002053,L000795,E101,2026-02-10 08:37:32,Email,Follow-up Later,2026-02-17,Manual
A0002054,L000795,E101,2026-02-16 09:37:32,Zalo,Requested Quote,2026-02-21,Email Sync
A0002055,L000796,E103,2026-02-02 21:42:48,Email,Voicemail,2026-02-05,Email Sync
A0002056,L000797,E103,2026-02-09 13:27:38,Zalo,No Answer,2026-02-11,CRM
A0002057,L000797,E103,2026-02-10 13:27:38,Zalo,Requested Quote,2026-02-19,Manual
A0002058,L000798,E101,2026-02-15 03:38:59,Email,Connected,2026-02-18,CRM
A0002059,L000798,E101,2026-02-21 04:38:59,Zalo,Requested Quote,2026-03-01,CRM
A0002060,L000799,E101,2026-02-20 06:59:17,Email,Connected,2026-02-24,Manual
A0002061,L000799,E101,2026-02-23 08:59:17,Email,Follow-up Later,2026-03-02,CRM
A0002062,L000799,E101,2026-03-01 13:59:17,Email,Requested Quote,2026-03-09,Manual
A0002063,L000800,E103,2026-03-10 13:19:08,Email,Connected,2026-03-14,Email Sync
A0002064,L000800,E103,2026-03-16 13:19:08,Zalo,Connected,2026-03-22,CRM
A0002065,L000800,E103,2026-03-18 16:19:08,Email,Follow-up Later,2026-03-21,Manual
A0002066,L000801,E102,2026-03-13 19:57:15,Email,No Answer,2026-03-16,CRM
A0002067,L000801,E102,2026-03-14 23:57:15,Meeting,Requested Quote,2026-03-22,Manual
A0002068,L000801,E102,2026/03/16 03:57,Email,Technical Review,2026-03-24,CRM
A0002069,L000802,E103,2026-04-14 02:05:22,Email,Connected,2026-04-15,Manual
A0002070,L000802,E103,2026-04-18 03:05:22,Meeting,Technical Review,2026-04-25,Manual
A0002071,L000803,E103,2026-04-30 21:00:02,Email,Connected,2026-05-03,Email Sync
A0002072,L000804,E102,2026-05-10 23:19:16,Phone,Connected,2026-05-11,CRM
A0002073,L000804,E102,2026-05-14 03:19:16,Email,No Answer,2026-05-22,CRM
A0002074,L000805,E103,2026-05-12 17:11:04,Zalo,Connected,2026-05-14,CRM
A0002075,L000805,E103,2026-05-14 17:11:04,Email,Sample Requested,2026-05-18,Manual
A0002076,L000805,E103,2026-05-18 21:11:04,Phone,,2026-05-20,CRM
A0002077,L000805,E103,2026-05-22 21:11:04,Email,Connected,2026-05-28,Manual
A0002078,L000805,E103,2026-05-29 22:11:04,Zalo,Closed Lost,2026-06-04,CRM
A0002079,L000806,E101,2026-07-09 01:33:48,Phone,Invalid Contact,2026-07-11,CRM
A0002080,L000806,E101,2026-07-10 02:33:48,Zalo,Closed Lost,2026-07-14,Email Sync
A0002081,L000806,E101,2026-07-13 03:33:48,Email,Connected,2026-07-22,CRM
A0002082,L000806,E101,2026-07-14 03:33:48,Email,Sample Requested,2026-07-18,Manual
A0002083,L000807,E101,2026-07-17 09:25:25,Email,Connected,2026-07-19,Email Sync
A0002084,L000807,E101,2026-07-20 09:25:25,Meeting,No Answer,2026-07-23,CRM
A0002085,L000808,E102,2026-07-17 17:58:27,Phone,Connected,2026-07-18,Email Sync
A0002086,L000808,E102,2026-07-21 19:58:27,Phone,Connected,2026-07-26,CRM
A0002087,L000809,E101,2026-07-29 01:11:59,Phone,Connected,2026-08-01,Email Sync
A0002088,L000809,E101,2026-07-30 02:11:59,Meeting,Closed Lost,,Manual
A0002089,L000809,E101,2026/08/04 05:11,Phone,Follow-up Later,,CRM
A0002090,L000809,E101,2026-08-07 05:11:59,Phone,Connected,,Manual
A0002091,L000809,E101,2026-08-10 05:11:59,Phone,Connected,2026-08-16,CRM
A0002092,L000810,E102,2026-08-13 00:31:38,Phone,No Answer,2026-08-15,Manual
A0002093,L000811,E102,2026-08-14 20:53:51,Zalo,Connected,2026-08-15,Manual
A0002094,L000811,E102,2026-08-19 00:53:51,Email,,,CRM
A0002095,L000811,E102,2026-08-25 04:53:51,Phone,Sample Requested,2026-08-31,Manual
A0002096,L000812,E101,2025-05-26 23:37:25,Email,Connected,2025-05-30,Email Sync
A0002097,L000812,E101,2025-05-31 03:37:25,Phone,Connected,2025-06-05,Email Sync
A0002098,L000812,E101,2025-06-03 04:37:25,Phone,,2025-06-08,Manual
A0002099,L000813,E103,2025-05-27 06:46:06,Email,Connected,2025-05-29,Manual
A0002100,L000813,E103,2025-05-28 08:46:06,Email,No Answer,2025-06-02,Manual
A0002101,L000813,E103,2025-05-31 08:46:06,Email,Connected,2025-06-09,Email Sync
A0002102,L000814,E101,2025-06-03 06:59:01,Phone,No Answer,2025-06-05,Manual
A0002103,L000814,E101,2025-06-06 06:59:01,Phone,No Answer,,CRM
A0002104,L000814,E101,2025-06-07 08:59:01,Phone,Follow-up Later,2025-06-12,Email Sync
A0002105,L000815,E102,2025-06-17 11:12:16,Phone,Connected,2025-06-19,CRM
A0002106,L000815,E102,2025-06-22 13:12:16,Zalo,Follow-up Later,2025-06-25,Email Sync
A0002107,L000815,E102,2025-06-27 17:12:16,Meeting,Connected,2025-07-03,CRM
A0002108,L000815,E102,2025-07-01 17:12:16,Email,Sample Requested,2025-07-05,Manual
A0002109,L000815,E102,2025-07-04 22:12:16,Zalo,Follow-up Later,2025-07-06,CRM
A0002110,L000816,E102,2025-06-18 19:27:02,Zalo,Voicemail,2025-06-22,Manual
A0002111,L000816,E102,2025-06-20 20:27:02,Email,Technical Review,2025-06-23,CRM
A0002112,L000816,E102,2025-06-24 00:27:02,Phone,Connected,,CRM
A0002113,L000817,E101,2025-06-23 20:08:28,Phone,Voicemail,2025-06-26,Email Sync
A0002114,L000817,E101,2025-06-26 20:08:28,Email,Requested Quote,2025-07-03,Email Sync
A0002115,L000818,E103,2025-06-23 17:58:44,Email,Connected,2025-06-24,Manual
A0002116,L000819,E102,2025-07-29 19:02:59,Phone,Connected,2025-07-31,Manual
A0002117,L000819,E102,2025-08-04 21:02:59,Phone,Requested Quote,2025-08-12,Manual
A0002118,L000819,E102,2025-08-09 02:02:59,Email,Connected,2025-08-11,CRM
A0002119,L000820,E102,2025-08-26 07:48:31,Email,Connected,2025-08-27,CRM
A0002120,L000820,E102,2025-08-29 11:48:31,Zalo,Follow-up Later,2025-09-03,Manual
A0002121,L000821,E103,2025-08-30 07:14:33,Email,Connected,2025-09-01,Manual
A0002122,L000821,E103,2025-09-03 12:14:33,Email,Technical Review,2025-09-08,Manual
A0002123,L000821,E103,2025-09-10 16:14:33,Phone,Technical Review,2025-09-16,Manual
A0002124,L000822,E102,2025-09-09 12:32:15,Zalo,,2025-09-13,Manual
A0002125,L000822,E102,2025-09-13 12:32:15,Email,Sample Requested,2025-09-20,CRM
A0002126,L000822,E102,2025-09-14 16:32:15,Email,Closed Lost,2025-09-18,Manual
A0002127,L000822,E102,2025-09-21 20:32:15,Phone,Requested Quote,2025-09-24,Email Sync
A0002128,L000822,E102,2025-09-25 20:32:15,Email,No Answer,2025-09-30,Manual
A0002129,L000823,E103,2025-09-11 14:48:08,Zalo,Connected,2025-09-13,Manual
A0002130,L000824,E103,2025-09-19 13:48:43,Phone,Connected,2025-09-21,Manual
A0002131,L000824,E103,2025-09-24 14:48:43,Meeting,No Answer,2025-09-29,Email Sync
A0002132,L000825,E101,2025-09-23 15:46:17,Zalo,Connected,2025-09-25,CRM
A0002133,L000825,E101,2025-09-29 16:46:17,Phone,Follow-up Later,2025-10-06,Email Sync
A0002134,L000826,E103,2025-09-30 00:13:17,Email,No Answer,2025-10-03,Manual
A0002135,L000827,E103,2025-10-12 01:29:50,Phone,Connected,2025-10-15,CRM
A0002136,L000828,E102,2025-10-20 14:57:58,Phone,Connected,2025-10-23,Email Sync
A0002137,L000828,E102,2025-10-26 16:57:58,Zalo,Technical Review,2025-11-02,Manual
A0002138,L000829,E101,2025-10-29 07:19:50,Email,Connected,2025-11-01,Manual
A0002139,L000829,E101,2025-11-04 10:19:50,Phone,Connected,2025-11-12,Email Sync
A0002140,L000830,E101,2025-10-31 18:39:29,Phone,Connected,2025-11-01,Manual
A0002141,L000830,E101,2025-11-04 22:39:29,Email,Connected,2025-11-07,Email Sync
A0002142,L000831,E101,2025-11-05 21:12:15,Phone,Connected,2025-11-09,CRM
A0002143,L000831,E101,2025-11-13 00:12:15,Meeting,Connected,2025-11-17,Email Sync
A0002144,L000831,E101,2025-11-19 04:12:15,Email,Connected,2025-11-24,Email Sync
A0002145,L000832,E103,2025-11-12 21:28:16,Zalo,Connected,2025-11-13,CRM
A0002146,L000832,E103,2025-11-16 22:28:16,Phone,Connected,2025-11-18,Manual
A0002147,L000833,E102,2025-11-25 23:54:09,Email,No Answer,2025-11-27,Email Sync
A0002148,L000833,E102,2025-11-26 23:54:09,Zalo,Follow-up Later,2025-12-03,CRM
A0002149,L000834,E101,2025-12-09 00:17:11,Zalo,No Answer,2025-12-13,Manual
A0002150,L000835,E103,2025-12-26 23:21:41,Phone,Connected,2025-12-28,Manual
A0002151,L000835,E103,2026-01-02 03:21:41,Phone,No Answer,2026-01-07,Manual
A0002152,L000835,E103,2026-01-04 08:21:41,Email,Sample Requested,2026-01-08,CRM
A0002153,L000836,E101,2025-12-30 14:48:50,Phone,Voicemail,2026-01-03,Email Sync
A0002154,L000837,E101,2026-02-14 05:59:24,Email,No Answer,2026-02-15,Email Sync
A0002155,L000837,E101,2026-02-16 09:59:24,Email,Connected,,Manual
A0002156,L000837,E101,2026-02-22 14:59:24,Meeting,Closed Lost,2026-02-26,Email Sync
A0002157,L000838,E103,2026-04-14 13:34:36,Phone,Connected,2026-04-17,CRM
A0002158,L000838,E103,2026-04-21 13:34:36,Phone,Connected,2026-04-27,Email Sync
A0002159,L000839,E103,2026-05-19 16:43:18,Phone,Connected,2026-05-22,Manual
A0002160,L000839,E103,2026-05-20 20:43:18,Zalo,Requested Quote,2026-05-22,Manual
A0002161,L000839,E103,2026-05-26 23:43:18,Zalo,No Answer,2026-05-28,CRM
A0002162,L000840,E101,2026-06-30 22:40:03,Phone,No Answer,2026-07-02,Email Sync
A0002163,L000840,E101,2026-07-05 01:40:03,Meeting,Connected,2026-07-11,Email Sync
A0002164,L000840,E101,2026-07-11 02:40:03,Phone,Closed Lost,2026-07-20,CRM
A0002165,L000841,E103,2026-07-12 19:15:15,Phone,Connected,2026-07-15,Email Sync
A0002166,L000841,E103,2026-07-15 20:15:15,Email,No Answer,2026-07-20,Manual
A0002167,L000841,E103,2026-07-16 20:15:15,Email,Connected,2026-07-23,Email Sync
A0002168,L000841,E103,2026-07-18 23:15:15,Meeting,Sample Requested,2026-07-21,Manual
A0002169,L000842,E102,2026-07-15 19:48:11,Email,No Answer,2026-07-16,Manual
A0002170,L000843,E102,2026-08-05 20:53:59,Email,Connected,2026-08-09,Email Sync
A0002171,L000843,E102,2026-08-09 21:53:59,Phone,Connected,2026-08-16,Manual
A0002172,L000844,E101,2026-08-14 21:26:16,Email,Connected,2026-08-15,Manual
A0002173,L000844,E101,2026-08-17 21:26:16,Phone,Connected,2026-08-25,Manual
A0002174,L000844,E101,2026-08-23 21:26:16,Email,Technical Review,2026-08-29,Manual
A0002175,L000845,E102,2026-08-25 01:02:29,Phone,Connected,2026-08-29,CRM
A0002176,L000845,E102,2026-08-28 04:02:29,Email,Connected,2026-09-03,CRM
A0001729,L000673,E102,2025-10-21 02:13:26,Zalo,No Answer,2025-10-23,Email Sync
A0000820,L000327,E102,2026-05-23 03:06:03,Phone,Requested Quote,2026-05-25,Manual
A0000290,L000115,E102,2026-06-04 17:12:28,Phone,Connected,2026-06-05,Email Sync
A0001829,L000712,E102,2026-05-09 14:01:10,Phone,Connected,2026-05-13,Manual
A0001960,L000758,E103,2026-04-25 02:09:39,Email,Sample Requested,2026-04-29,CRM
A0000419,L000162,E101,2025-10-28 16:30:50,Email,Connected,2025-10-31,CRM
A0002116,L000819,E102,2025-07-29 19:02:59,Phone,Connected,2025-07-31,Manual
A0001298,L000511,E102,2026-05-08 07:06:06,Phone,Technical Review,,Manual
A0002079,L000806,E101,2026-07-09 01:33:48,Phone,Invalid Contact,2026-07-11,CRM
A0001794,L000697,E101,2025-11-21 07:39:52,Zalo,Connected,2025-11-24,Email Sync
A0001431,L000562,E103,2025-10-25 04:55:38,Email,Connected,2025-10-28,CRM
A0002049,L000794,E103,2025-12-29 12:33:23,Phone,Connected,2025-12-30,Manual
A0000023,L000010,E102,2025-10-08 08:31:13,Phone,Connected,2025-10-15,Email Sync
